--------------------------------------------------------
-- Archivo creado  - domingo-octubre-27-2019   
--------------------------------------------------------
DROP SEQUENCE "CENTRO_AYUDA"."SEQ_ADJUNTO";
DROP SEQUENCE "CENTRO_AYUDA"."SEQ_CA_BITACORA";
DROP SEQUENCE "CENTRO_AYUDA"."SEQ_CA_CANAL_COMU";
DROP SEQUENCE "CENTRO_AYUDA"."SEQ_CA_CATEGORIA";
DROP SEQUENCE "CENTRO_AYUDA"."SEQ_CA_COMENTARIO";
DROP SEQUENCE "CENTRO_AYUDA"."SEQ_CA_COMPLEJIDAD";
DROP SEQUENCE "CENTRO_AYUDA"."SEQ_CA_CONTROL_ACCESS";
DROP SEQUENCE "CENTRO_AYUDA"."SEQ_CA_ESTADO";
DROP SEQUENCE "CENTRO_AYUDA"."SEQ_CA_GRUPO_CAT";
DROP SEQUENCE "CENTRO_AYUDA"."SEQ_CA_HISTORIAL_CAMBIOS";
DROP SEQUENCE "CENTRO_AYUDA"."SEQ_CA_ICONOS";
DROP SEQUENCE "CENTRO_AYUDA"."SEQ_CA_INCIDENCIA";
DROP SEQUENCE "CENTRO_AYUDA"."SEQ_CA_PRIORIDAD";
DROP SEQUENCE "CENTRO_AYUDA"."SEQ_CA_PROYECTO";
DROP SEQUENCE "CENTRO_AYUDA"."SEQ_CA_SATISFACCION";
DROP SEQUENCE "CENTRO_AYUDA"."SEQ_DEPARTAMENTO";
DROP SEQUENCE "CENTRO_AYUDA"."SEQ_ROLES";
DROP SEQUENCE "CENTRO_AYUDA"."SEQ_SEQ_TIPO_INCI";
DROP SEQUENCE "CENTRO_AYUDA"."SEQ_USERS_ROLES";
DROP SEQUENCE "CENTRO_AYUDA"."SEQ_USUARIOS";
DROP TABLE "CENTRO_AYUDA"."ADJUNTO";
DROP TABLE "CENTRO_AYUDA"."APEX_ACCESS_CONTROL";
DROP TABLE "CENTRO_AYUDA"."APEX_ACCESS_MODULES";
DROP TABLE "CENTRO_AYUDA"."APEX_ACCESS_PRIVILEGE";
DROP TABLE "CENTRO_AYUDA"."APEX_ACCESS_SETUP";
DROP TABLE "CENTRO_AYUDA"."CA_ADJ_X_INCI";
DROP TABLE "CENTRO_AYUDA"."CA_ADJ_X_INCI_JN";
DROP TABLE "CENTRO_AYUDA"."CA_BITACORA";
DROP TABLE "CENTRO_AYUDA"."CA_BITACORA_JN";
DROP TABLE "CENTRO_AYUDA"."CA_CALENDARIO";
DROP TABLE "CENTRO_AYUDA"."CA_CALENDARIO_JN";
DROP TABLE "CENTRO_AYUDA"."CA_CANAL_COMU";
DROP TABLE "CENTRO_AYUDA"."CA_CANAL_COMU_JN";
DROP TABLE "CENTRO_AYUDA"."CA_CATEGORIA";
DROP TABLE "CENTRO_AYUDA"."CA_CATEGORIA_JN";
DROP TABLE "CENTRO_AYUDA"."CA_COMENTARIO";
DROP TABLE "CENTRO_AYUDA"."CA_COMENTARIO_JN";
DROP TABLE "CENTRO_AYUDA"."CA_COMPLEJIDAD";
DROP TABLE "CENTRO_AYUDA"."CA_COMPLEJIDAD_JN";
DROP TABLE "CENTRO_AYUDA"."CA_CONTROL_ACCESO";
DROP TABLE "CENTRO_AYUDA"."CA_CONTROL_ACCESO_JN";
DROP TABLE "CENTRO_AYUDA"."CA_DETALLE_CALENDARIO";
DROP TABLE "CENTRO_AYUDA"."CA_DETALLE_CALENDARIO_JN";
DROP TABLE "CENTRO_AYUDA"."CA_ESTADO";
DROP TABLE "CENTRO_AYUDA"."CA_ESTADO_JN";
DROP TABLE "CENTRO_AYUDA"."CA_FLUJO_ESTADO";
DROP TABLE "CENTRO_AYUDA"."CA_FLUJO_ESTADO_JN";
DROP TABLE "CENTRO_AYUDA"."CA_GRUPO_CATEGORIA";
DROP TABLE "CENTRO_AYUDA"."CA_GRUPO_CATEGORIA_JN";
DROP TABLE "CENTRO_AYUDA"."CA_HIS_METRIC";
DROP TABLE "CENTRO_AYUDA"."CA_HIS_METRIC_JN";
DROP TABLE "CENTRO_AYUDA"."CA_HISTORIAL_CAMBIO";
DROP TABLE "CENTRO_AYUDA"."CA_ICONOS";
DROP TABLE "CENTRO_AYUDA"."CA_ICONOS_JN";
DROP TABLE "CENTRO_AYUDA"."CA_INCIDENCIA";
DROP TABLE "CENTRO_AYUDA"."CA_INCIDENCIA_JN";
DROP TABLE "CENTRO_AYUDA"."CA_META";
DROP TABLE "CENTRO_AYUDA"."CA_META_JN";
DROP TABLE "CENTRO_AYUDA"."CA_PRIORIDAD";
DROP TABLE "CENTRO_AYUDA"."CA_PRIORIDAD_JN";
DROP TABLE "CENTRO_AYUDA"."CA_PROYECTO";
DROP TABLE "CENTRO_AYUDA"."CA_PROYECTO_JN";
DROP TABLE "CENTRO_AYUDA"."CA_PROYECTO_PRINCIPAL";
DROP TABLE "CENTRO_AYUDA"."CA_PROYECTO_PRINCIPAL_JN";
DROP TABLE "CENTRO_AYUDA"."CA_ROLES";
DROP TABLE "CENTRO_AYUDA"."CA_SATISFACCION";
DROP TABLE "CENTRO_AYUDA"."CA_SATISFACCION_JN";
DROP TABLE "CENTRO_AYUDA"."CA_SLA";
DROP TABLE "CENTRO_AYUDA"."CA_SLA_CONDICION_FIN";
DROP TABLE "CENTRO_AYUDA"."CA_SLA_CONDICION_FIN_JN";
DROP TABLE "CENTRO_AYUDA"."CA_SLA_CONDICION_INICIO";
DROP TABLE "CENTRO_AYUDA"."CA_SLA_CONDICION_INICIO_JN";
DROP TABLE "CENTRO_AYUDA"."CA_SLA_JN";
DROP TABLE "CENTRO_AYUDA"."CA_TIPO_INCIDENCIA";
DROP TABLE "CENTRO_AYUDA"."CA_TIPO_INCIDENCIA_JN";
DROP TABLE "CENTRO_AYUDA"."CA_USERS_ROLES";
DROP TABLE "CENTRO_AYUDA"."CA_USUARIOS";
DROP TABLE "CENTRO_AYUDA"."DEPARTAMENTO";
DROP TABLE "CENTRO_AYUDA"."PERSONAL_SANATORIO";
DROP TABLE "CENTRO_AYUDA"."USUARIO_SUC";
DROP VIEW "CENTRO_AYUDA"."CA_MENU_DINAMICO";
DROP MATERIALIZED VIEW "CENTRO_AYUDA"."APEX_ACCESS_PRIVILEGE";
DROP MATERIALIZED VIEW "CENTRO_AYUDA"."CA_GRUPO_CATEGORIA";
DROP PROCEDURE "CENTRO_AYUDA"."CA_INSERTAR_FLUJO_ESTADO";
DROP PROCEDURE "CENTRO_AYUDA"."SEND_MAIL";
DROP PACKAGE "APEX_190100"."WWV_FLOW_GLOBAL";
DROP FUNCTION "CENTRO_AYUDA"."CA_AUTORIZACION_ESTADO";
DROP FUNCTION "CENTRO_AYUDA"."CA_AUTORIZANTE_ID_CAT";
DROP FUNCTION "CENTRO_AYUDA"."CA_BUSCA_PROYECTO_ID";
DROP FUNCTION "CENTRO_AYUDA"."CA_BUSCA_PROYECTO_USUARIO";
DROP FUNCTION "CENTRO_AYUDA"."CA_CAMPO_INCIDENCIA";
DROP FUNCTION "CENTRO_AYUDA"."CA_ESTADO_ANTERIOR_ACTUAL";
DROP FUNCTION "CENTRO_AYUDA"."CA_GET_ADJUNTO_MIME_TYPE";
DROP FUNCTION "CENTRO_AYUDA"."CA_GET_ICON";
DROP FUNCTION "CENTRO_AYUDA"."CA_GET_ICON_ADJUNTO";
DROP FUNCTION "CENTRO_AYUDA"."CA_HAS_USER_ROLE";
DROP FUNCTION "CENTRO_AYUDA"."CA_HAS_USER_ROLE_NUMBER";
DROP FUNCTION "CENTRO_AYUDA"."CA_HAS_USER_ROLE_WITH_IP";
DROP FUNCTION "CENTRO_AYUDA"."CA_ID_USUARIO";
DROP FUNCTION "CENTRO_AYUDA"."CA_INICIAL_PERSONAL";
DROP FUNCTION "CENTRO_AYUDA"."CA_LAPSO_TIEMPO";
DROP FUNCTION "CENTRO_AYUDA"."CA_MENU_CURRENT";
DROP FUNCTION "CENTRO_AYUDA"."CA_NOMBRE_APELLIDO_PERSONAL";
DROP FUNCTION "CENTRO_AYUDA"."CA_REPLACE_DESCRIPTION";
DROP FUNCTION "CENTRO_AYUDA"."CA_REPLACE_STRING";
DROP FUNCTION "CENTRO_AYUDA"."CA_ROL_POR_PROYECTO";
DROP FUNCTION "CENTRO_AYUDA"."CA_USUARIO_TI";
DROP FUNCTION "CENTRO_AYUDA"."F_CALC_EDAD";
DROP FUNCTION "CENTRO_AYUDA"."GET_COMENTARIOS_ADJUNTOS";
DROP FUNCTION "CENTRO_AYUDA"."GET_FLUJOS_ESTADOS";
DROP FUNCTION "CENTRO_AYUDA"."GET_MD5";
DROP FUNCTION "CENTRO_AYUDA"."GET_PROYECT_ID";
DROP FUNCTION "CENTRO_AYUDA"."PREPARE_DIALOG_URL";
DROP FUNCTION "CENTRO_AYUDA"."PRIMER_PALABRA";
DROP SYNONYM "PUBLIC"."DUAL";
DROP SYNONYM "PUBLIC"."UTL_SMTP";
DROP SYNONYM "PUBLIC"."UTL_TCP";
DROP SYNONYM "PUBLIC"."APEX_APPLICATION_GLOBAL";
DROP SYNONYM "PUBLIC"."APEX_UTIL";
DROP SYNONYM "PUBLIC"."PLITBLM";
DROP SYNONYM "PUBLIC"."DBMS_OBFUSCATION_TOOLKIT";
DROP SYNONYM "PUBLIC"."UTL_I18N";
--------------------------------------------------------
--  DDL for Sequence SEQ_ADJUNTO
--------------------------------------------------------

   CREATE SEQUENCE  "CENTRO_AYUDA"."SEQ_ADJUNTO"  MINVALUE 1 MAXVALUE 9999999999999999999999999999 INCREMENT BY 1 START WITH 121 CACHE 20 NOORDER  NOCYCLE  NOKEEP  NOSCALE  GLOBAL ;
--------------------------------------------------------
--  DDL for Sequence SEQ_CA_BITACORA
--------------------------------------------------------

   CREATE SEQUENCE  "CENTRO_AYUDA"."SEQ_CA_BITACORA"  MINVALUE 1 MAXVALUE 9999999999999999999999999999 INCREMENT BY 1 START WITH 21 CACHE 20 NOORDER  NOCYCLE  NOKEEP  NOSCALE  GLOBAL ;
--------------------------------------------------------
--  DDL for Sequence SEQ_CA_CANAL_COMU
--------------------------------------------------------

   CREATE SEQUENCE  "CENTRO_AYUDA"."SEQ_CA_CANAL_COMU"  MINVALUE 1 MAXVALUE 9999999999999999999999999999 INCREMENT BY 1 START WITH 21 CACHE 20 NOORDER  NOCYCLE  NOKEEP  NOSCALE  GLOBAL ;
--------------------------------------------------------
--  DDL for Sequence SEQ_CA_CATEGORIA
--------------------------------------------------------

   CREATE SEQUENCE  "CENTRO_AYUDA"."SEQ_CA_CATEGORIA"  MINVALUE 1 MAXVALUE 9999999999999999999999999999 INCREMENT BY 1 START WITH 21 CACHE 20 NOORDER  NOCYCLE  NOKEEP  NOSCALE  GLOBAL ;
--------------------------------------------------------
--  DDL for Sequence SEQ_CA_COMENTARIO
--------------------------------------------------------

   CREATE SEQUENCE  "CENTRO_AYUDA"."SEQ_CA_COMENTARIO"  MINVALUE 1 MAXVALUE 9999999999999999999999999999 INCREMENT BY 1 START WITH 141 CACHE 20 NOORDER  NOCYCLE  NOKEEP  NOSCALE  GLOBAL ;
--------------------------------------------------------
--  DDL for Sequence SEQ_CA_COMPLEJIDAD
--------------------------------------------------------

   CREATE SEQUENCE  "CENTRO_AYUDA"."SEQ_CA_COMPLEJIDAD"  MINVALUE 1 MAXVALUE 9999999999999999999999999999 INCREMENT BY 1 START WITH 21 CACHE 20 NOORDER  NOCYCLE  NOKEEP  NOSCALE  GLOBAL ;
--------------------------------------------------------
--  DDL for Sequence SEQ_CA_CONTROL_ACCESS
--------------------------------------------------------

   CREATE SEQUENCE  "CENTRO_AYUDA"."SEQ_CA_CONTROL_ACCESS"  MINVALUE 1 MAXVALUE 9999999999999999999999999999 INCREMENT BY 1 START WITH 1 CACHE 20 NOORDER  NOCYCLE  NOKEEP  NOSCALE  GLOBAL ;
--------------------------------------------------------
--  DDL for Sequence SEQ_CA_ESTADO
--------------------------------------------------------

   CREATE SEQUENCE  "CENTRO_AYUDA"."SEQ_CA_ESTADO"  MINVALUE 1 MAXVALUE 9999999999999999999999999999 INCREMENT BY 1 START WITH 61 CACHE 20 NOORDER  NOCYCLE  NOKEEP  NOSCALE  GLOBAL ;
--------------------------------------------------------
--  DDL for Sequence SEQ_CA_GRUPO_CAT
--------------------------------------------------------

   CREATE SEQUENCE  "CENTRO_AYUDA"."SEQ_CA_GRUPO_CAT"  MINVALUE 1 MAXVALUE 9999999999999999999999999999 INCREMENT BY 1 START WITH 21 CACHE 20 NOORDER  NOCYCLE  NOKEEP  NOSCALE  GLOBAL ;
--------------------------------------------------------
--  DDL for Sequence SEQ_CA_HISTORIAL_CAMBIOS
--------------------------------------------------------

   CREATE SEQUENCE  "CENTRO_AYUDA"."SEQ_CA_HISTORIAL_CAMBIOS"  MINVALUE 1 MAXVALUE 9999999999999999999999999999 INCREMENT BY 1 START WITH 301 CACHE 20 NOORDER  NOCYCLE  NOKEEP  NOSCALE  GLOBAL ;
--------------------------------------------------------
--  DDL for Sequence SEQ_CA_ICONOS
--------------------------------------------------------

   CREATE SEQUENCE  "CENTRO_AYUDA"."SEQ_CA_ICONOS"  MINVALUE 1 MAXVALUE 9999999999999999999999999999 INCREMENT BY 1 START WITH 41 CACHE 20 NOORDER  NOCYCLE  NOKEEP  NOSCALE  GLOBAL ;
--------------------------------------------------------
--  DDL for Sequence SEQ_CA_INCIDENCIA
--------------------------------------------------------

   CREATE SEQUENCE  "CENTRO_AYUDA"."SEQ_CA_INCIDENCIA"  MINVALUE 1 MAXVALUE 9999999999999999999999999999 INCREMENT BY 1 START WITH 121 CACHE 20 NOORDER  NOCYCLE  NOKEEP  NOSCALE  GLOBAL ;
--------------------------------------------------------
--  DDL for Sequence SEQ_CA_PRIORIDAD
--------------------------------------------------------

   CREATE SEQUENCE  "CENTRO_AYUDA"."SEQ_CA_PRIORIDAD"  MINVALUE 1 MAXVALUE 99999999999999999999 INCREMENT BY 1 START WITH 21 CACHE 20 NOORDER  NOCYCLE  NOKEEP  NOSCALE  GLOBAL ;
--------------------------------------------------------
--  DDL for Sequence SEQ_CA_PROYECTO
--------------------------------------------------------

   CREATE SEQUENCE  "CENTRO_AYUDA"."SEQ_CA_PROYECTO"  MINVALUE 1 MAXVALUE 9999999999999999999999999999 INCREMENT BY 1 START WITH 42 CACHE 20 NOORDER  NOCYCLE  NOKEEP  NOSCALE  GLOBAL ;
--------------------------------------------------------
--  DDL for Sequence SEQ_CA_SATISFACCION
--------------------------------------------------------

   CREATE SEQUENCE  "CENTRO_AYUDA"."SEQ_CA_SATISFACCION"  MINVALUE 1 MAXVALUE 9999999999999999999999999999 INCREMENT BY 1 START WITH 21 CACHE 20 NOORDER  NOCYCLE  NOKEEP  NOSCALE  GLOBAL ;
--------------------------------------------------------
--  DDL for Sequence SEQ_DEPARTAMENTO
--------------------------------------------------------

   CREATE SEQUENCE  "CENTRO_AYUDA"."SEQ_DEPARTAMENTO"  MINVALUE 1 MAXVALUE 9999999999999999999999999999 INCREMENT BY 1 START WITH 30 CACHE 20 NOORDER  NOCYCLE  NOKEEP  NOSCALE  GLOBAL ;
--------------------------------------------------------
--  DDL for Sequence SEQ_ROLES
--------------------------------------------------------

   CREATE SEQUENCE  "CENTRO_AYUDA"."SEQ_ROLES"  MINVALUE 1 MAXVALUE 9999999999999999999999999999 INCREMENT BY 1 START WITH 55 CACHE 20 NOORDER  NOCYCLE  NOKEEP  NOSCALE  GLOBAL ;
--------------------------------------------------------
--  DDL for Sequence SEQ_SEQ_TIPO_INCI
--------------------------------------------------------

   CREATE SEQUENCE  "CENTRO_AYUDA"."SEQ_SEQ_TIPO_INCI"  MINVALUE 1 MAXVALUE 9999999999999999999999999999 INCREMENT BY 1 START WITH 21 CACHE 20 NOORDER  NOCYCLE  NOKEEP  NOSCALE  GLOBAL ;
--------------------------------------------------------
--  DDL for Sequence SEQ_USERS_ROLES
--------------------------------------------------------

   CREATE SEQUENCE  "CENTRO_AYUDA"."SEQ_USERS_ROLES"  MINVALUE 1 MAXVALUE 9999999999999999999999999999 INCREMENT BY 1 START WITH 165 CACHE 20 NOORDER  NOCYCLE  NOKEEP  NOSCALE  GLOBAL ;
--------------------------------------------------------
--  DDL for Sequence SEQ_USUARIOS
--------------------------------------------------------

   CREATE SEQUENCE  "CENTRO_AYUDA"."SEQ_USUARIOS"  MINVALUE 1 MAXVALUE 9999999999999999999999999999 INCREMENT BY 1 START WITH 25 CACHE 20 NOORDER  NOCYCLE  NOKEEP  NOSCALE  GLOBAL ;
--------------------------------------------------------
--  DDL for Table ADJUNTO
--------------------------------------------------------

  CREATE TABLE "CENTRO_AYUDA"."ADJUNTO" 
   (	"ID_ADJUNTO" NUMBER, 
	"NAME" VARCHAR2(400 BYTE), 
	"FILENAME" VARCHAR2(400 BYTE), 
	"MIME_TYPE" VARCHAR2(255 BYTE), 
	"DOC_SIZE" NUMBER, 
	"CHARSET" VARCHAR2(50 BYTE), 
	"BLOB_CONTENT" BLOB, 
	"LAST_UPDATE" DATE
   ) SEGMENT CREATION IMMEDIATE 
  PCTFREE 10 PCTUSED 40 INITRANS 1 MAXTRANS 255 
 NOCOMPRESS LOGGING
  STORAGE(INITIAL 65536 NEXT 1048576 MINEXTENTS 1 MAXEXTENTS 2147483645
  PCTINCREASE 0 FREELISTS 1 FREELIST GROUPS 1
  BUFFER_POOL DEFAULT FLASH_CACHE DEFAULT CELL_FLASH_CACHE DEFAULT)
  TABLESPACE "APEX_1340948448228389" 
 LOB ("BLOB_CONTENT") STORE AS SECUREFILE (
  TABLESPACE "APEX_1340948448228389" ENABLE STORAGE IN ROW CHUNK 8192
  NOCACHE LOGGING  NOCOMPRESS  KEEP_DUPLICATES 
  STORAGE(INITIAL 106496 NEXT 1048576 MINEXTENTS 1 MAXEXTENTS 2147483645
  PCTINCREASE 0
  BUFFER_POOL DEFAULT FLASH_CACHE DEFAULT CELL_FLASH_CACHE DEFAULT)) ;
--------------------------------------------------------
--  DDL for Table APEX_ACCESS_CONTROL
--------------------------------------------------------

  CREATE TABLE "CENTRO_AYUDA"."APEX_ACCESS_CONTROL" 
   (	"ID" NUMBER, 
	"ADMIN_USERNAME" VARCHAR2(255 BYTE), 
	"ADMIN_PRIVILEGES" VARCHAR2(4000 BYTE), 
	"SETUP_ID" NUMBER, 
	"CREATED_BY" VARCHAR2(255 BYTE), 
	"CREATED_ON" DATE, 
	"UPDATED_ON" DATE, 
	"UPDATED_BY" VARCHAR2(255 BYTE)
   ) SEGMENT CREATION DEFERRED 
  PCTFREE 10 PCTUSED 40 INITRANS 1 MAXTRANS 255 
 NOCOMPRESS LOGGING
  TABLESPACE "APEX_1340948448228389" ;
--------------------------------------------------------
--  DDL for Table APEX_ACCESS_MODULES
--------------------------------------------------------

  CREATE TABLE "CENTRO_AYUDA"."APEX_ACCESS_MODULES" 
   (	"MODULE_ID" NUMBER(8,0), 
	"DESCRIPTION" VARCHAR2(200 BYTE), 
	"APP_ID" NUMBER(8,0), 
	"FEEDBACK_ATTACHMENTS" VARCHAR2(1 BYTE) DEFAULT 'N'
   ) SEGMENT CREATION IMMEDIATE 
  PCTFREE 10 PCTUSED 40 INITRANS 1 MAXTRANS 255 
 NOCOMPRESS LOGGING
  STORAGE(INITIAL 65536 NEXT 1048576 MINEXTENTS 1 MAXEXTENTS 2147483645
  PCTINCREASE 0 FREELISTS 1 FREELIST GROUPS 1
  BUFFER_POOL DEFAULT FLASH_CACHE DEFAULT CELL_FLASH_CACHE DEFAULT)
  TABLESPACE "APEX_1340948448228389" ;
--------------------------------------------------------
--  DDL for Table APEX_ACCESS_PRIVILEGE
--------------------------------------------------------

  CREATE TABLE "CENTRO_AYUDA"."APEX_ACCESS_PRIVILEGE" 
   (	"ID" NUMBER, 
	"PRIVILEGE" VARCHAR2(200 BYTE), 
	"APP_ID" NUMBER, 
	"RETURN" VARCHAR2(200 BYTE), 
	"ALLOW_LAN" NUMBER DEFAULT 1
   ) SEGMENT CREATION IMMEDIATE 
  PCTFREE 10 PCTUSED 40 INITRANS 1 MAXTRANS 255 
 NOCOMPRESS LOGGING
  STORAGE(INITIAL 65536 NEXT 1048576 MINEXTENTS 1 MAXEXTENTS 2147483645
  PCTINCREASE 0 FREELISTS 1 FREELIST GROUPS 1
  BUFFER_POOL DEFAULT FLASH_CACHE DEFAULT CELL_FLASH_CACHE DEFAULT)
  TABLESPACE "USERS" ;

   COMMENT ON COLUMN "CENTRO_AYUDA"."APEX_ACCESS_PRIVILEGE"."ALLOW_LAN" IS '1 = PERMITIDO ACCEDER DESDE INTERNET, 0 OR NULL = NO EST? PERMITIDO';
--------------------------------------------------------
--  DDL for Table APEX_ACCESS_SETUP
--------------------------------------------------------

  CREATE TABLE "CENTRO_AYUDA"."APEX_ACCESS_SETUP" 
   (	"ID" NUMBER, 
	"APPLICATION_MODE" VARCHAR2(200 BYTE), 
	"APPLICATION_ID" NUMBER
   ) SEGMENT CREATION IMMEDIATE 
  PCTFREE 10 PCTUSED 40 INITRANS 1 MAXTRANS 255 
 NOCOMPRESS LOGGING
  STORAGE(INITIAL 65536 NEXT 1048576 MINEXTENTS 1 MAXEXTENTS 2147483645
  PCTINCREASE 0 FREELISTS 1 FREELIST GROUPS 1
  BUFFER_POOL DEFAULT FLASH_CACHE DEFAULT CELL_FLASH_CACHE DEFAULT)
  TABLESPACE "APEX_1340948448228389" ;
--------------------------------------------------------
--  DDL for Table CA_ADJ_X_INCI
--------------------------------------------------------

  CREATE TABLE "CENTRO_AYUDA"."CA_ADJ_X_INCI" 
   (	"INCIDENCIA_ID" NUMBER, 
	"ADJUNTO_ID" NUMBER, 
	"FECHA" DATE, 
	"USER_WEB" VARCHAR2(255 BYTE), 
	"ID_COMENTARIO" NUMBER, 
	"TIPO_ADJUNTO" NUMBER
   ) SEGMENT CREATION IMMEDIATE 
  PCTFREE 10 PCTUSED 40 INITRANS 1 MAXTRANS 255 
 NOCOMPRESS LOGGING
  STORAGE(INITIAL 65536 NEXT 1048576 MINEXTENTS 1 MAXEXTENTS 2147483645
  PCTINCREASE 0 FREELISTS 1 FREELIST GROUPS 1
  BUFFER_POOL DEFAULT FLASH_CACHE DEFAULT CELL_FLASH_CACHE DEFAULT)
  TABLESPACE "CENTRO_AYUDA_DATA" ;

   COMMENT ON COLUMN "CENTRO_AYUDA"."CA_ADJ_X_INCI"."TIPO_ADJUNTO" IS 'CON EL CLIENTE = 1; DE FORMA INTERNA = 2';
--------------------------------------------------------
--  DDL for Table CA_ADJ_X_INCI_JN
--------------------------------------------------------

  CREATE TABLE "CENTRO_AYUDA"."CA_ADJ_X_INCI_JN" 
   (	"INCIDENCIA_ID" NUMBER, 
	"ADJUNTO_ID" NUMBER, 
	"FECHA" DATE, 
	"USER_WEB" VARCHAR2(255 BYTE), 
	"ID_COMENTARIO" NUMBER, 
	"JN_OPERATION" CHAR(3 BYTE), 
	"JN_DATETIME" DATE, 
	"TIPO_ADJUNTO" NUMBER
   ) SEGMENT CREATION IMMEDIATE 
  PCTFREE 10 PCTUSED 40 INITRANS 1 MAXTRANS 255 
 NOCOMPRESS LOGGING
  STORAGE(INITIAL 65536 NEXT 1048576 MINEXTENTS 1 MAXEXTENTS 2147483645
  PCTINCREASE 0 FREELISTS 1 FREELIST GROUPS 1
  BUFFER_POOL DEFAULT FLASH_CACHE DEFAULT CELL_FLASH_CACHE DEFAULT)
  TABLESPACE "CENTRO_AYUDA_DATA" ;
--------------------------------------------------------
--  DDL for Table CA_BITACORA
--------------------------------------------------------

  CREATE TABLE "CENTRO_AYUDA"."CA_BITACORA" 
   (	"ID_BITACORA" NUMBER, 
	"INCIDENCIA_ID" NUMBER, 
	"PERSONAL_ID" NUMBER, 
	"TIEMPO_TRAB" NUMBER, 
	"INICIO_TRAB" DATE, 
	"DESCRIPCION" VARCHAR2(4000 BYTE), 
	"USER_WEB" VARCHAR2(200 BYTE), 
	"FECHA" DATE, 
	"EDITADO" VARCHAR2(2 BYTE)
   ) SEGMENT CREATION IMMEDIATE 
  PCTFREE 10 PCTUSED 40 INITRANS 1 MAXTRANS 255 
 NOCOMPRESS LOGGING
  STORAGE(INITIAL 65536 NEXT 1048576 MINEXTENTS 1 MAXEXTENTS 2147483645
  PCTINCREASE 0 FREELISTS 1 FREELIST GROUPS 1
  BUFFER_POOL DEFAULT FLASH_CACHE DEFAULT CELL_FLASH_CACHE DEFAULT)
  TABLESPACE "CENTRO_AYUDA_DATA" ;
--------------------------------------------------------
--  DDL for Table CA_BITACORA_JN
--------------------------------------------------------

  CREATE TABLE "CENTRO_AYUDA"."CA_BITACORA_JN" 
   (	"ID_BITACORA" NUMBER, 
	"INCIDENCIA_ID" NUMBER, 
	"PERSONAL_ID" NUMBER, 
	"TIEMPO_TRAB" NUMBER, 
	"INICIO_TRAB" DATE, 
	"DESCRIPCION" VARCHAR2(4000 BYTE), 
	"JN_OPERATION" CHAR(3 BYTE), 
	"JN_DATETIME" DATE, 
	"USER_WEB" VARCHAR2(200 BYTE), 
	"FECHA" DATE, 
	"EDITADO" VARCHAR2(2 BYTE)
   ) SEGMENT CREATION IMMEDIATE 
  PCTFREE 10 PCTUSED 40 INITRANS 1 MAXTRANS 255 
 NOCOMPRESS LOGGING
  STORAGE(INITIAL 65536 NEXT 1048576 MINEXTENTS 1 MAXEXTENTS 2147483645
  PCTINCREASE 0 FREELISTS 1 FREELIST GROUPS 1
  BUFFER_POOL DEFAULT FLASH_CACHE DEFAULT CELL_FLASH_CACHE DEFAULT)
  TABLESPACE "APEX_1340948448228389" ;
--------------------------------------------------------
--  DDL for Table CA_CALENDARIO
--------------------------------------------------------

  CREATE TABLE "CENTRO_AYUDA"."CA_CALENDARIO" 
   (	"ID_CALENDARIO" NUMBER, 
	"NOMBRE" VARCHAR2(50 BYTE), 
	"USER_WEB" VARCHAR2(200 BYTE)
   ) SEGMENT CREATION DEFERRED 
  PCTFREE 10 PCTUSED 40 INITRANS 1 MAXTRANS 255 
 NOCOMPRESS LOGGING
  STORAGE( INITIAL 65536 NEXT 1048576 MINEXTENTS 1 MAXEXTENTS 2147483645)
  TABLESPACE "CENTRO_AYUDA_DATA" ;
--------------------------------------------------------
--  DDL for Table CA_CALENDARIO_JN
--------------------------------------------------------

  CREATE TABLE "CENTRO_AYUDA"."CA_CALENDARIO_JN" 
   (	"ID_CALENDARIO" NUMBER, 
	"NOMBRE" VARCHAR2(50 BYTE), 
	"JN_OPERATION" CHAR(3 BYTE), 
	"JN_DATETIME" DATE, 
	"USER_WEB" VARCHAR2(200 BYTE)
   ) SEGMENT CREATION DEFERRED 
  PCTFREE 10 PCTUSED 40 INITRANS 1 MAXTRANS 255 
 NOCOMPRESS LOGGING
  STORAGE( INITIAL 65536 NEXT 1048576 MINEXTENTS 1 MAXEXTENTS 2147483645)
  TABLESPACE "CENTRO_AYUDA_DATA" ;
--------------------------------------------------------
--  DDL for Table CA_CANAL_COMU
--------------------------------------------------------

  CREATE TABLE "CENTRO_AYUDA"."CA_CANAL_COMU" 
   (	"ID_CAN_COM" NUMBER, 
	"DESCRIPCION" VARCHAR2(100 BYTE), 
	"USER_WEB" VARCHAR2(200 BYTE), 
	"ICON_ID" NUMBER
   ) SEGMENT CREATION IMMEDIATE 
  PCTFREE 10 PCTUSED 40 INITRANS 1 MAXTRANS 255 
 NOCOMPRESS LOGGING
  STORAGE(INITIAL 65536 NEXT 1048576 MINEXTENTS 1 MAXEXTENTS 2147483645
  PCTINCREASE 0 FREELISTS 1 FREELIST GROUPS 1
  BUFFER_POOL DEFAULT FLASH_CACHE DEFAULT CELL_FLASH_CACHE DEFAULT)
  TABLESPACE "CENTRO_AYUDA_DATA" ;
--------------------------------------------------------
--  DDL for Table CA_CANAL_COMU_JN
--------------------------------------------------------

  CREATE TABLE "CENTRO_AYUDA"."CA_CANAL_COMU_JN" 
   (	"ID_CAN_COM" NUMBER, 
	"DESCRIPCION" VARCHAR2(100 BYTE), 
	"JN_OPERATION" CHAR(3 BYTE), 
	"JN_DATETIME" DATE, 
	"USER_WEB" VARCHAR2(200 BYTE), 
	"ICON_ID" NUMBER
   ) SEGMENT CREATION DEFERRED 
  PCTFREE 10 PCTUSED 40 INITRANS 1 MAXTRANS 255 
 NOCOMPRESS LOGGING
  STORAGE( INITIAL 65536 NEXT 1048576 MINEXTENTS 1 MAXEXTENTS 2147483645)
  TABLESPACE "CENTRO_AYUDA_DATA" ;
--------------------------------------------------------
--  DDL for Table CA_CATEGORIA
--------------------------------------------------------

  CREATE TABLE "CENTRO_AYUDA"."CA_CATEGORIA" 
   (	"ID_CATEGORIA" NUMBER, 
	"GRUPO_ID" NUMBER, 
	"DESCRIPCION" VARCHAR2(255 BYTE), 
	"USER_WEB" VARCHAR2(200 BYTE), 
	"TIPO_INCI_ID" NUMBER, 
	"ICON_ID" NUMBER, 
	"NOMBRE" VARCHAR2(200 BYTE)
   ) SEGMENT CREATION IMMEDIATE 
  PCTFREE 10 PCTUSED 40 INITRANS 1 MAXTRANS 255 
 NOCOMPRESS LOGGING
  STORAGE(INITIAL 65536 NEXT 1048576 MINEXTENTS 1 MAXEXTENTS 2147483645
  PCTINCREASE 0 FREELISTS 1 FREELIST GROUPS 1
  BUFFER_POOL DEFAULT FLASH_CACHE DEFAULT CELL_FLASH_CACHE DEFAULT)
  TABLESPACE "CENTRO_AYUDA_DATA" ;
--------------------------------------------------------
--  DDL for Table CA_CATEGORIA_JN
--------------------------------------------------------

  CREATE TABLE "CENTRO_AYUDA"."CA_CATEGORIA_JN" 
   (	"ID_CATEGORIA" NUMBER, 
	"GRUPO_ID" NUMBER, 
	"DESCRIPCION" VARCHAR2(255 BYTE), 
	"JN_OPERATION" CHAR(3 BYTE), 
	"JN_DATETIME" DATE, 
	"USER_WEB" VARCHAR2(200 BYTE), 
	"TIPO_INCI_ID" NUMBER, 
	"ICON_ID" NUMBER, 
	"NOMBRE" VARCHAR2(200 BYTE)
   ) SEGMENT CREATION DEFERRED 
  PCTFREE 10 PCTUSED 40 INITRANS 1 MAXTRANS 255 
 NOCOMPRESS LOGGING
  STORAGE( INITIAL 65536 NEXT 1048576 MINEXTENTS 1 MAXEXTENTS 2147483645)
  TABLESPACE "CENTRO_AYUDA_DATA" ;
--------------------------------------------------------
--  DDL for Table CA_COMENTARIO
--------------------------------------------------------

  CREATE TABLE "CENTRO_AYUDA"."CA_COMENTARIO" 
   (	"ID_COMENTARIO" NUMBER, 
	"INCIDENCIA_ID" NUMBER, 
	"PERSONAL_ID" NUMBER, 
	"DESCRIPCION" VARCHAR2(2000 BYTE), 
	"FECHA" DATE, 
	"VISIBILIDAD" NUMBER, 
	"TIPO_COMENTARIO" NUMBER, 
	"USER_WEB" VARCHAR2(200 BYTE), 
	"EDITADO" VARCHAR2(2 BYTE)
   ) SEGMENT CREATION IMMEDIATE 
  PCTFREE 10 PCTUSED 40 INITRANS 1 MAXTRANS 255 
 NOCOMPRESS LOGGING
  STORAGE(INITIAL 65536 NEXT 1048576 MINEXTENTS 1 MAXEXTENTS 2147483645
  PCTINCREASE 0 FREELISTS 1 FREELIST GROUPS 1
  BUFFER_POOL DEFAULT FLASH_CACHE DEFAULT CELL_FLASH_CACHE DEFAULT)
  TABLESPACE "CENTRO_AYUDA_DATA" ;

   COMMENT ON COLUMN "CENTRO_AYUDA"."CA_COMENTARIO"."TIPO_COMENTARIO" IS 'COMENTARIO CON EL CLIENTE = 1, DE FORMA INTERNA = 2';
--------------------------------------------------------
--  DDL for Table CA_COMENTARIO_JN
--------------------------------------------------------

  CREATE TABLE "CENTRO_AYUDA"."CA_COMENTARIO_JN" 
   (	"ID_COMENTARIO" NUMBER, 
	"INCIDENCIA_ID" NUMBER, 
	"PERSONAL_ID" NUMBER, 
	"DESCRIPCION" VARCHAR2(2000 BYTE), 
	"FECHA" DATE, 
	"VISIBILIDAD" NUMBER, 
	"TIPO_COMENTARIO" NUMBER, 
	"JN_OPERATION" CHAR(3 BYTE), 
	"JN_DATETIME" DATE, 
	"USER_WEB" VARCHAR2(200 BYTE), 
	"EDITADO" VARCHAR2(2 BYTE)
   ) SEGMENT CREATION IMMEDIATE 
  PCTFREE 10 PCTUSED 40 INITRANS 1 MAXTRANS 255 
 NOCOMPRESS LOGGING
  STORAGE(INITIAL 65536 NEXT 1048576 MINEXTENTS 1 MAXEXTENTS 2147483645
  PCTINCREASE 0 FREELISTS 1 FREELIST GROUPS 1
  BUFFER_POOL DEFAULT FLASH_CACHE DEFAULT CELL_FLASH_CACHE DEFAULT)
  TABLESPACE "CENTRO_AYUDA_DATA" ;
--------------------------------------------------------
--  DDL for Table CA_COMPLEJIDAD
--------------------------------------------------------

  CREATE TABLE "CENTRO_AYUDA"."CA_COMPLEJIDAD" 
   (	"ID_COMPLEJIDAD" NUMBER, 
	"DESCRIPCION" VARCHAR2(100 BYTE), 
	"USER_WEB" VARCHAR2(200 BYTE), 
	"ICON_ID" NUMBER
   ) SEGMENT CREATION IMMEDIATE 
  PCTFREE 10 PCTUSED 40 INITRANS 1 MAXTRANS 255 
 NOCOMPRESS LOGGING
  STORAGE(INITIAL 65536 NEXT 1048576 MINEXTENTS 1 MAXEXTENTS 2147483645
  PCTINCREASE 0 FREELISTS 1 FREELIST GROUPS 1
  BUFFER_POOL DEFAULT FLASH_CACHE DEFAULT CELL_FLASH_CACHE DEFAULT)
  TABLESPACE "CENTRO_AYUDA_DATA" ;
--------------------------------------------------------
--  DDL for Table CA_COMPLEJIDAD_JN
--------------------------------------------------------

  CREATE TABLE "CENTRO_AYUDA"."CA_COMPLEJIDAD_JN" 
   (	"ID_COMPLEJIDAD" NUMBER, 
	"DESCRIPCION" VARCHAR2(100 BYTE), 
	"JN_OPERATION" CHAR(3 BYTE), 
	"JN_DATETIME" DATE, 
	"USER_WEB" VARCHAR2(200 BYTE), 
	"ICON_ID" NUMBER
   ) SEGMENT CREATION DEFERRED 
  PCTFREE 10 PCTUSED 40 INITRANS 1 MAXTRANS 255 
 NOCOMPRESS LOGGING
  STORAGE( INITIAL 65536 NEXT 1048576 MINEXTENTS 1 MAXEXTENTS 2147483645)
  TABLESPACE "CENTRO_AYUDA_DATA" ;
--------------------------------------------------------
--  DDL for Table CA_CONTROL_ACCESO
--------------------------------------------------------

  CREATE TABLE "CENTRO_AYUDA"."CA_CONTROL_ACCESO" 
   (	"ID_CONTROL_ACCESO" NUMBER, 
	"PERSONAL_ID" NUMBER, 
	"PROYECTO_ID" NUMBER, 
	"RETURN" VARCHAR2(400 BYTE), 
	"USER_WEB" VARCHAR2(200 BYTE), 
	"APP_ID" NUMBER
   ) SEGMENT CREATION IMMEDIATE 
  PCTFREE 10 PCTUSED 40 INITRANS 1 MAXTRANS 255 
 NOCOMPRESS LOGGING
  STORAGE(INITIAL 65536 NEXT 1048576 MINEXTENTS 1 MAXEXTENTS 2147483645
  PCTINCREASE 0 FREELISTS 1 FREELIST GROUPS 1
  BUFFER_POOL DEFAULT FLASH_CACHE DEFAULT CELL_FLASH_CACHE DEFAULT)
  TABLESPACE "CENTRO_AYUDA_DATA" ;
--------------------------------------------------------
--  DDL for Table CA_CONTROL_ACCESO_JN
--------------------------------------------------------

  CREATE TABLE "CENTRO_AYUDA"."CA_CONTROL_ACCESO_JN" 
   (	"ID_CONTROL_ACCESO" NUMBER, 
	"PERSONAL_ID" NUMBER, 
	"PROYECTO_ID" NUMBER, 
	"RETURN" VARCHAR2(400 BYTE), 
	"JN_OPERATION" CHAR(3 BYTE), 
	"JN_DATETIME" DATE, 
	"USER_WEB" VARCHAR2(200 BYTE), 
	"APP_ID" NUMBER
   ) SEGMENT CREATION DEFERRED 
  PCTFREE 10 PCTUSED 40 INITRANS 1 MAXTRANS 255 
 NOCOMPRESS LOGGING
  STORAGE( INITIAL 65536 NEXT 1048576 MINEXTENTS 1 MAXEXTENTS 2147483645)
  TABLESPACE "CENTRO_AYUDA_DATA" ;
--------------------------------------------------------
--  DDL for Table CA_DETALLE_CALENDARIO
--------------------------------------------------------

  CREATE TABLE "CENTRO_AYUDA"."CA_DETALLE_CALENDARIO" 
   (	"ID_DET_CALEN" NUMBER, 
	"CALEN_ID" NUMBER, 
	"DIA" DATE, 
	"HORA_INICIO" DATE, 
	"HORA_HASTA" DATE, 
	"USER_WEB" VARCHAR2(200 BYTE)
   ) SEGMENT CREATION DEFERRED 
  PCTFREE 10 PCTUSED 40 INITRANS 1 MAXTRANS 255 
 NOCOMPRESS LOGGING
  STORAGE( INITIAL 65536 NEXT 1048576 MINEXTENTS 1 MAXEXTENTS 2147483645)
  TABLESPACE "CENTRO_AYUDA_DATA" ;
--------------------------------------------------------
--  DDL for Table CA_DETALLE_CALENDARIO_JN
--------------------------------------------------------

  CREATE TABLE "CENTRO_AYUDA"."CA_DETALLE_CALENDARIO_JN" 
   (	"ID_DET_CALEN" NUMBER, 
	"CALEN_ID" NUMBER, 
	"DIA" DATE, 
	"HORA_INICIO" DATE, 
	"HORA_HASTA" DATE, 
	"JN_OPERATION" CHAR(3 BYTE), 
	"JN_DATETIME" DATE, 
	"USER_WEB" VARCHAR2(200 BYTE)
   ) SEGMENT CREATION DEFERRED 
  PCTFREE 10 PCTUSED 40 INITRANS 1 MAXTRANS 255 
 NOCOMPRESS LOGGING
  STORAGE( INITIAL 65536 NEXT 1048576 MINEXTENTS 1 MAXEXTENTS 2147483645)
  TABLESPACE "CENTRO_AYUDA_DATA" ;
--------------------------------------------------------
--  DDL for Table CA_ESTADO
--------------------------------------------------------

  CREATE TABLE "CENTRO_AYUDA"."CA_ESTADO" 
   (	"ID_ESTADO" NUMBER, 
	"PROYECTO_ID" NUMBER, 
	"DESCRIPCION" VARCHAR2(400 BYTE), 
	"MARCA_RESUELTO" VARCHAR2(2 BYTE), 
	"USER_WEB" VARCHAR2(200 BYTE), 
	"COLOR" VARCHAR2(200 BYTE), 
	"TAG" VARCHAR2(400 BYTE), 
	"ESTADO_DEFAULT" CHAR(2 BYTE)
   ) SEGMENT CREATION IMMEDIATE 
  PCTFREE 10 PCTUSED 40 INITRANS 1 MAXTRANS 255 
 NOCOMPRESS LOGGING
  STORAGE(INITIAL 65536 NEXT 1048576 MINEXTENTS 1 MAXEXTENTS 2147483645
  PCTINCREASE 0 FREELISTS 1 FREELIST GROUPS 1
  BUFFER_POOL DEFAULT FLASH_CACHE DEFAULT CELL_FLASH_CACHE DEFAULT)
  TABLESPACE "CENTRO_AYUDA_DATA" ;
--------------------------------------------------------
--  DDL for Table CA_ESTADO_JN
--------------------------------------------------------

  CREATE TABLE "CENTRO_AYUDA"."CA_ESTADO_JN" 
   (	"ID_ESTADO" NUMBER, 
	"PROYECTO_ID" NUMBER, 
	"DESCRIPCION" VARCHAR2(400 BYTE), 
	"MARCA_RESUELTO" VARCHAR2(2 BYTE), 
	"JN_OPERATION" CHAR(3 BYTE), 
	"JN_DATETIME" DATE, 
	"USER_WEB" VARCHAR2(200 BYTE), 
	"COLOR" VARCHAR2(200 BYTE), 
	"TAG" VARCHAR2(400 BYTE), 
	"ESTADO_DEFAULT" CHAR(2 BYTE)
   ) SEGMENT CREATION DEFERRED 
  PCTFREE 10 PCTUSED 40 INITRANS 1 MAXTRANS 255 
 NOCOMPRESS LOGGING
  STORAGE( INITIAL 65536 NEXT 1048576 MINEXTENTS 1 MAXEXTENTS 2147483645)
  TABLESPACE "CENTRO_AYUDA_DATA" ;
--------------------------------------------------------
--  DDL for Table CA_FLUJO_ESTADO
--------------------------------------------------------

  CREATE TABLE "CENTRO_AYUDA"."CA_FLUJO_ESTADO" 
   (	"ID_FLU_EST" NUMBER, 
	"ID_ESTADO" NUMBER, 
	"USER_WEB" VARCHAR2(200 BYTE)
   ) SEGMENT CREATION IMMEDIATE 
  PCTFREE 10 PCTUSED 40 INITRANS 1 MAXTRANS 255 
 NOCOMPRESS LOGGING
  STORAGE(INITIAL 65536 NEXT 1048576 MINEXTENTS 1 MAXEXTENTS 2147483645
  PCTINCREASE 0 FREELISTS 1 FREELIST GROUPS 1
  BUFFER_POOL DEFAULT FLASH_CACHE DEFAULT CELL_FLASH_CACHE DEFAULT)
  TABLESPACE "CENTRO_AYUDA_DATA" ;
--------------------------------------------------------
--  DDL for Table CA_FLUJO_ESTADO_JN
--------------------------------------------------------

  CREATE TABLE "CENTRO_AYUDA"."CA_FLUJO_ESTADO_JN" 
   (	"ID_FLU_EST" NUMBER, 
	"ESTADO_ID" NUMBER, 
	"JN_OPERATION" CHAR(3 BYTE), 
	"JN_DATETIME" DATE, 
	"USER_WEB" VARCHAR2(200 BYTE)
   ) SEGMENT CREATION DEFERRED 
  PCTFREE 10 PCTUSED 40 INITRANS 1 MAXTRANS 255 
 NOCOMPRESS LOGGING
  STORAGE( INITIAL 65536 NEXT 1048576 MINEXTENTS 1 MAXEXTENTS 2147483645)
  TABLESPACE "CENTRO_AYUDA_DATA" ;
--------------------------------------------------------
--  DDL for Table CA_GRUPO_CATEGORIA
--------------------------------------------------------

  CREATE TABLE "CENTRO_AYUDA"."CA_GRUPO_CATEGORIA" 
   (	"ID_GRUPO_CAT" NUMBER, 
	"PROYECTO_ID" NUMBER, 
	"AUTORIZANTE_ID" NUMBER, 
	"APROBACION" CHAR(2 BYTE), 
	"USER_WEB" VARCHAR2(200 BYTE), 
	"DESCRIPCION" VARCHAR2(200 BYTE), 
	"EMAIL_AUTORIZANTE" VARCHAR2(4000 BYTE)
   ) SEGMENT CREATION IMMEDIATE 
  PCTFREE 10 PCTUSED 40 INITRANS 1 MAXTRANS 255 
 NOCOMPRESS LOGGING
  STORAGE(INITIAL 65536 NEXT 1048576 MINEXTENTS 1 MAXEXTENTS 2147483645
  PCTINCREASE 0 FREELISTS 1 FREELIST GROUPS 1
  BUFFER_POOL DEFAULT FLASH_CACHE DEFAULT CELL_FLASH_CACHE DEFAULT)
  TABLESPACE "CENTRO_AYUDA_DATA" ;

   COMMENT ON COLUMN "CENTRO_AYUDA"."CA_GRUPO_CATEGORIA"."EMAIL_AUTORIZANTE" IS 'CORREO ELECTRONICO DEL AUTORIZANTE, PARA NOTIFICARLE';
--------------------------------------------------------
--  DDL for Table CA_GRUPO_CATEGORIA_JN
--------------------------------------------------------

  CREATE TABLE "CENTRO_AYUDA"."CA_GRUPO_CATEGORIA_JN" 
   (	"ID_GRUPO_CAT" NUMBER, 
	"PROYECTO_ID" NUMBER, 
	"AUTORIZANTE_ID" NUMBER, 
	"APROBACION" CHAR(2 BYTE), 
	"JN_OPERATION" CHAR(3 BYTE), 
	"JN_DATETIME" DATE, 
	"USER_WEB" VARCHAR2(200 BYTE), 
	"DESCRIPCION" VARCHAR2(200 BYTE), 
	"EMAIL_AUTORIZANTE" VARCHAR2(4000 BYTE)
   ) SEGMENT CREATION DEFERRED 
  PCTFREE 10 PCTUSED 40 INITRANS 1 MAXTRANS 255 
 NOCOMPRESS LOGGING
  STORAGE( INITIAL 65536 NEXT 1048576 MINEXTENTS 1 MAXEXTENTS 2147483645)
  TABLESPACE "CENTRO_AYUDA_DATA" ;
--------------------------------------------------------
--  DDL for Table CA_HIS_METRIC
--------------------------------------------------------

  CREATE TABLE "CENTRO_AYUDA"."CA_HIS_METRIC" 
   (	"ID_HIS_METRIC" NUMBER, 
	"INCIDENCIA_ID" NUMBER, 
	"SLA_ID" NUMBER, 
	"TIEMPO" DATE, 
	"RESULTADO" VARCHAR2(400 BYTE), 
	"USER_WEB" VARCHAR2(200 BYTE)
   ) SEGMENT CREATION DEFERRED 
  PCTFREE 10 PCTUSED 40 INITRANS 1 MAXTRANS 255 
 NOCOMPRESS LOGGING
  STORAGE( INITIAL 65536 NEXT 1048576 MINEXTENTS 1 MAXEXTENTS 2147483645)
  TABLESPACE "CENTRO_AYUDA_DATA" ;
--------------------------------------------------------
--  DDL for Table CA_HIS_METRIC_JN
--------------------------------------------------------

  CREATE TABLE "CENTRO_AYUDA"."CA_HIS_METRIC_JN" 
   (	"ID_HIS_METRIC" NUMBER, 
	"INCIDENCIA_ID" NUMBER, 
	"SLA_ID" NUMBER, 
	"TIEMPO" DATE, 
	"RESULTADO" VARCHAR2(400 BYTE), 
	"JN_OPERATION" CHAR(3 BYTE), 
	"JN_DATETIME" DATE, 
	"USER_WEB" VARCHAR2(200 BYTE)
   ) SEGMENT CREATION DEFERRED 
  PCTFREE 10 PCTUSED 40 INITRANS 1 MAXTRANS 255 
 NOCOMPRESS LOGGING
  STORAGE( INITIAL 65536 NEXT 1048576 MINEXTENTS 1 MAXEXTENTS 2147483645)
  TABLESPACE "CENTRO_AYUDA_DATA" ;
--------------------------------------------------------
--  DDL for Table CA_HISTORIAL_CAMBIO
--------------------------------------------------------

  CREATE TABLE "CENTRO_AYUDA"."CA_HISTORIAL_CAMBIO" 
   (	"ID_HIST_CAM" NUMBER, 
	"INCIDENCIA_ID" NUMBER, 
	"PERSONAL_ID" NUMBER, 
	"CAMPO" VARCHAR2(400 BYTE), 
	"EST_ANT" VARCHAR2(4000 BYTE), 
	"EST_SIG" VARCHAR2(4000 BYTE), 
	"FECHA" DATE, 
	"TIPO" NUMBER, 
	"USER_WEB" VARCHAR2(200 BYTE), 
	"OPERACION" CHAR(3 BYTE)
   ) SEGMENT CREATION IMMEDIATE 
  PCTFREE 10 PCTUSED 40 INITRANS 1 MAXTRANS 255 
 NOCOMPRESS LOGGING
  STORAGE(INITIAL 65536 NEXT 1048576 MINEXTENTS 1 MAXEXTENTS 2147483645
  PCTINCREASE 0 FREELISTS 1 FREELIST GROUPS 1
  BUFFER_POOL DEFAULT FLASH_CACHE DEFAULT CELL_FLASH_CACHE DEFAULT)
  TABLESPACE "CENTRO_AYUDA_DATA" ;
--------------------------------------------------------
--  DDL for Table CA_ICONOS
--------------------------------------------------------

  CREATE TABLE "CENTRO_AYUDA"."CA_ICONOS" 
   (	"ICON_ID" NUMBER, 
	"DESCRIPCION" VARCHAR2(300 BYTE), 
	"GRUPO" VARCHAR2(100 BYTE), 
	"USER_WEB" VARCHAR2(200 BYTE)
   ) SEGMENT CREATION IMMEDIATE 
  PCTFREE 10 PCTUSED 40 INITRANS 1 MAXTRANS 255 
 NOCOMPRESS LOGGING
  STORAGE(INITIAL 65536 NEXT 1048576 MINEXTENTS 1 MAXEXTENTS 2147483645
  PCTINCREASE 0 FREELISTS 1 FREELIST GROUPS 1
  BUFFER_POOL DEFAULT FLASH_CACHE DEFAULT CELL_FLASH_CACHE DEFAULT)
  TABLESPACE "CENTRO_AYUDA_DATA" ;
--------------------------------------------------------
--  DDL for Table CA_ICONOS_JN
--------------------------------------------------------

  CREATE TABLE "CENTRO_AYUDA"."CA_ICONOS_JN" 
   (	"ICON_ID" NUMBER, 
	"DESCRIPCION" VARCHAR2(300 BYTE), 
	"GRUPO" VARCHAR2(100 BYTE), 
	"JN_OPERATION" CHAR(3 BYTE), 
	"JN_DATETIME" DATE, 
	"USER_WEB" VARCHAR2(200 BYTE)
   ) SEGMENT CREATION DEFERRED 
  PCTFREE 10 PCTUSED 40 INITRANS 1 MAXTRANS 255 
 NOCOMPRESS LOGGING
  STORAGE( INITIAL 65536 NEXT 1048576 MINEXTENTS 1 MAXEXTENTS 2147483645)
  TABLESPACE "CENTRO_AYUDA_DATA" ;
--------------------------------------------------------
--  DDL for Table CA_INCIDENCIA
--------------------------------------------------------

  CREATE TABLE "CENTRO_AYUDA"."CA_INCIDENCIA" 
   (	"ID_INCIDENCIA" NUMBER, 
	"INFORMADOR_ID" NUMBER, 
	"RESPONSABLE_ID" NUMBER, 
	"CLIENTE_ID" NUMBER, 
	"CAN_COMU_ID" NUMBER, 
	"CATEGORIA_ID" NUMBER, 
	"TIPO_INCI_ID" NUMBER, 
	"PRIORIDAD_ID" NUMBER, 
	"PROYECTO_ID" NUMBER, 
	"ESTADO_ID" NUMBER, 
	"COMPLEJIDAD_ID" NUMBER, 
	"SATISFACCION_ID" NUMBER, 
	"TITULO" VARCHAR2(400 BYTE), 
	"DESCRIPCION" VARCHAR2(4000 BYTE), 
	"FECHA" DATE, 
	"RESOLUCION" VARCHAR2(400 BYTE), 
	"USER_WEB" VARCHAR2(200 BYTE), 
	"CLAVE_CONTADOR" NUMBER, 
	"APLICACION_ID" NUMBER, 
	"FECHA_CIERRE" DATE, 
	"APROBADO" VARCHAR2(2 BYTE), 
	"FECHA_APROBACION" DATE, 
	"APROBADO_POR" VARCHAR2(400 BYTE)
   ) SEGMENT CREATION IMMEDIATE 
  PCTFREE 10 PCTUSED 40 INITRANS 1 MAXTRANS 255 
 NOCOMPRESS LOGGING
  STORAGE(INITIAL 65536 NEXT 1048576 MINEXTENTS 1 MAXEXTENTS 2147483645
  PCTINCREASE 0 FREELISTS 1 FREELIST GROUPS 1
  BUFFER_POOL DEFAULT FLASH_CACHE DEFAULT CELL_FLASH_CACHE DEFAULT)
  TABLESPACE "CENTRO_AYUDA_DATA" ;

   COMMENT ON COLUMN "CENTRO_AYUDA"."CA_INCIDENCIA"."APLICACION_ID" IS 'DESDE QUE APLICACION SE REALIZ? LA INCIDENCIA, ID DE LA TABLA apex_access_modules, SI ES NULL NO TIENE RELACION CON NINGUNA APLICACION DE APEX';
   COMMENT ON COLUMN "CENTRO_AYUDA"."CA_INCIDENCIA"."APROBADO" IS 'DEPENDIENDO DE LA CATEGORIA SE APRUEBA O NO, DEFAULT ES NULO';
   COMMENT ON COLUMN "CENTRO_AYUDA"."CA_INCIDENCIA"."APROBADO_POR" IS 'USUARIO APEX QUE APROB? LA SOLICITUD';
--------------------------------------------------------
--  DDL for Table CA_INCIDENCIA_JN
--------------------------------------------------------

  CREATE TABLE "CENTRO_AYUDA"."CA_INCIDENCIA_JN" 
   (	"ID_INCIDENCIA" NUMBER, 
	"INFORMADOR_ID" NUMBER, 
	"RESPONSABLE_ID" NUMBER, 
	"CLIENTE_ID" NUMBER, 
	"CAN_COMU_ID" NUMBER, 
	"CATEGORIA_ID" NUMBER, 
	"TIPO_INCI_ID" NUMBER, 
	"PRIORIDAD_ID" NUMBER, 
	"PROYECTO_ID" NUMBER, 
	"ESTADO_ID" NUMBER, 
	"COMPLEJIDAD_ID" NUMBER, 
	"SATISFACCION_ID" NUMBER, 
	"TITULO" VARCHAR2(400 BYTE), 
	"DESCRIPCION" VARCHAR2(4000 BYTE), 
	"FECHA" DATE, 
	"RESOLUCION" VARCHAR2(400 BYTE), 
	"JN_OPERATION" CHAR(3 BYTE), 
	"JN_DATETIME" DATE, 
	"USER_WEB" VARCHAR2(200 BYTE), 
	"CLAVE_CONTADOR" NUMBER, 
	"APLICACION_ID" NUMBER, 
	"FECHA_CIERRE" DATE, 
	"APROBADO" VARCHAR2(2 BYTE), 
	"FECHA_APROBACION" DATE, 
	"APROBADO_POR" VARCHAR2(400 BYTE)
   ) SEGMENT CREATION IMMEDIATE 
  PCTFREE 10 PCTUSED 40 INITRANS 1 MAXTRANS 255 
 NOCOMPRESS LOGGING
  STORAGE(INITIAL 65536 NEXT 1048576 MINEXTENTS 1 MAXEXTENTS 2147483645
  PCTINCREASE 0 FREELISTS 1 FREELIST GROUPS 1
  BUFFER_POOL DEFAULT FLASH_CACHE DEFAULT CELL_FLASH_CACHE DEFAULT)
  TABLESPACE "CENTRO_AYUDA_DATA" ;

   COMMENT ON COLUMN "CENTRO_AYUDA"."CA_INCIDENCIA_JN"."APROBADO" IS 'DEPENDIENDO DE LA CATEGORIA SE APRUEBA O NO, DEFAULT ES NULO';
   COMMENT ON COLUMN "CENTRO_AYUDA"."CA_INCIDENCIA_JN"."APROBADO_POR" IS 'USUARIO APEX QUE APROBO LA INCIDENCIA';
--------------------------------------------------------
--  DDL for Table CA_META
--------------------------------------------------------

  CREATE TABLE "CENTRO_AYUDA"."CA_META" 
   (	"SLA_ID" NUMBER, 
	"PRIORIDAD_ID" NUMBER, 
	"CALENDARIO_ID" NUMBER, 
	"TIEMPO" DATE, 
	"FERIADOS" VARCHAR2(2 BYTE), 
	"USER_WEB" VARCHAR2(200 BYTE)
   ) SEGMENT CREATION DEFERRED 
  PCTFREE 10 PCTUSED 40 INITRANS 1 MAXTRANS 255 
 NOCOMPRESS LOGGING
  STORAGE( INITIAL 65536 NEXT 1048576 MINEXTENTS 1 MAXEXTENTS 2147483645)
  TABLESPACE "CENTRO_AYUDA_DATA" ;
--------------------------------------------------------
--  DDL for Table CA_META_JN
--------------------------------------------------------

  CREATE TABLE "CENTRO_AYUDA"."CA_META_JN" 
   (	"SLA_ID" NUMBER, 
	"PRIORIDAD_ID" NUMBER, 
	"CALENDARIO_ID" NUMBER, 
	"TIEMPO" DATE, 
	"FERIADOS" VARCHAR2(2 BYTE), 
	"JN_OPERATION" CHAR(3 BYTE), 
	"JN_DATETIME" DATE, 
	"USER_WEB" VARCHAR2(200 BYTE)
   ) SEGMENT CREATION DEFERRED 
  PCTFREE 10 PCTUSED 40 INITRANS 1 MAXTRANS 255 
 NOCOMPRESS LOGGING
  STORAGE( INITIAL 65536 NEXT 1048576 MINEXTENTS 1 MAXEXTENTS 2147483645)
  TABLESPACE "CENTRO_AYUDA_DATA" ;
--------------------------------------------------------
--  DDL for Table CA_PRIORIDAD
--------------------------------------------------------

  CREATE TABLE "CENTRO_AYUDA"."CA_PRIORIDAD" 
   (	"ID_PRIORIDAD" NUMBER, 
	"DESCRIPCION" VARCHAR2(100 BYTE), 
	"NIVEL" NUMBER, 
	"USER_WEB" VARCHAR2(200 BYTE), 
	"ICON_ID" NUMBER
   ) SEGMENT CREATION IMMEDIATE 
  PCTFREE 10 PCTUSED 40 INITRANS 1 MAXTRANS 255 
 NOCOMPRESS LOGGING
  STORAGE(INITIAL 65536 NEXT 1048576 MINEXTENTS 1 MAXEXTENTS 2147483645
  PCTINCREASE 0 FREELISTS 1 FREELIST GROUPS 1
  BUFFER_POOL DEFAULT FLASH_CACHE DEFAULT CELL_FLASH_CACHE DEFAULT)
  TABLESPACE "CENTRO_AYUDA_DATA" ;
--------------------------------------------------------
--  DDL for Table CA_PRIORIDAD_JN
--------------------------------------------------------

  CREATE TABLE "CENTRO_AYUDA"."CA_PRIORIDAD_JN" 
   (	"ID_PRIORIDAD" NUMBER, 
	"DESCRIPCION" VARCHAR2(100 BYTE), 
	"NIVEL" NUMBER, 
	"JN_OPERATION" CHAR(3 BYTE), 
	"JN_DATETIME" DATE, 
	"USER_WEB" VARCHAR2(200 BYTE), 
	"ICON_ID" NUMBER
   ) SEGMENT CREATION DEFERRED 
  PCTFREE 10 PCTUSED 40 INITRANS 1 MAXTRANS 255 
 NOCOMPRESS LOGGING
  STORAGE( INITIAL 65536 NEXT 1048576 MINEXTENTS 1 MAXEXTENTS 2147483645)
  TABLESPACE "CENTRO_AYUDA_DATA" ;
--------------------------------------------------------
--  DDL for Table CA_PROYECTO
--------------------------------------------------------

  CREATE TABLE "CENTRO_AYUDA"."CA_PROYECTO" 
   (	"ID_PROYECTO" NUMBER, 
	"NOMBRE" VARCHAR2(50 BYTE), 
	"CLAVE" VARCHAR2(10 BYTE), 
	"USER_WEB" VARCHAR2(200 BYTE), 
	"DEPART_ID" NUMBER, 
	"SECCION_ID" NUMBER DEFAULT 1
   ) SEGMENT CREATION IMMEDIATE 
  PCTFREE 10 PCTUSED 40 INITRANS 1 MAXTRANS 255 
 NOCOMPRESS LOGGING
  STORAGE(INITIAL 65536 NEXT 1048576 MINEXTENTS 1 MAXEXTENTS 2147483645
  PCTINCREASE 0 FREELISTS 1 FREELIST GROUPS 1
  BUFFER_POOL DEFAULT FLASH_CACHE DEFAULT CELL_FLASH_CACHE DEFAULT)
  TABLESPACE "CENTRO_AYUDA_DATA" ;
--------------------------------------------------------
--  DDL for Table CA_PROYECTO_JN
--------------------------------------------------------

  CREATE TABLE "CENTRO_AYUDA"."CA_PROYECTO_JN" 
   (	"ID_PROYECTO" NUMBER, 
	"NOMBRE" VARCHAR2(50 BYTE), 
	"CLAVE" VARCHAR2(10 BYTE), 
	"JN_OPERATION" CHAR(3 BYTE), 
	"JN_DATETIME" DATE, 
	"USER_WEB" VARCHAR2(200 BYTE), 
	"DEPART_ID" NUMBER, 
	"SECCION_ID" NUMBER
   ) SEGMENT CREATION DEFERRED 
  PCTFREE 10 PCTUSED 40 INITRANS 1 MAXTRANS 255 
 NOCOMPRESS LOGGING
  STORAGE( INITIAL 65536 NEXT 1048576 MINEXTENTS 1 MAXEXTENTS 2147483645)
  TABLESPACE "CENTRO_AYUDA_DATA" ;
--------------------------------------------------------
--  DDL for Table CA_PROYECTO_PRINCIPAL
--------------------------------------------------------

  CREATE TABLE "CENTRO_AYUDA"."CA_PROYECTO_PRINCIPAL" 
   (	"PERSONAL_ID" NUMBER, 
	"PROYECTO_ID" NUMBER, 
	"USER_WEB" VARCHAR2(200 BYTE), 
	"APP_ID" NUMBER
   ) SEGMENT CREATION IMMEDIATE 
  PCTFREE 10 PCTUSED 40 INITRANS 1 MAXTRANS 255 
 NOCOMPRESS LOGGING
  STORAGE(INITIAL 65536 NEXT 1048576 MINEXTENTS 1 MAXEXTENTS 2147483645
  PCTINCREASE 0 FREELISTS 1 FREELIST GROUPS 1
  BUFFER_POOL DEFAULT FLASH_CACHE DEFAULT CELL_FLASH_CACHE DEFAULT)
  TABLESPACE "CENTRO_AYUDA_DATA" ;
--------------------------------------------------------
--  DDL for Table CA_PROYECTO_PRINCIPAL_JN
--------------------------------------------------------

  CREATE TABLE "CENTRO_AYUDA"."CA_PROYECTO_PRINCIPAL_JN" 
   (	"PERSONAL_ID" NUMBER, 
	"PROYECTO_ID" NUMBER, 
	"JN_OPERATION" CHAR(3 BYTE), 
	"JN_DATETIME" DATE, 
	"USER_WEB" VARCHAR2(200 BYTE), 
	"APP_ID" NUMBER
   ) SEGMENT CREATION DEFERRED 
  PCTFREE 10 PCTUSED 40 INITRANS 1 MAXTRANS 255 
 NOCOMPRESS LOGGING
  STORAGE( INITIAL 65536 NEXT 1048576 MINEXTENTS 1 MAXEXTENTS 2147483645)
  TABLESPACE "CENTRO_AYUDA_DATA" ;
--------------------------------------------------------
--  DDL for Table CA_ROLES
--------------------------------------------------------

  CREATE TABLE "CENTRO_AYUDA"."CA_ROLES" 
   (	"ID" NUMBER, 
	"RETURN" VARCHAR2(50 BYTE), 
	"OBS" VARCHAR2(200 BYTE)
   ) SEGMENT CREATION IMMEDIATE 
  PCTFREE 10 PCTUSED 40 INITRANS 1 MAXTRANS 255 
 NOCOMPRESS LOGGING
  STORAGE(INITIAL 65536 NEXT 1048576 MINEXTENTS 1 MAXEXTENTS 2147483645
  PCTINCREASE 0 FREELISTS 1 FREELIST GROUPS 1
  BUFFER_POOL DEFAULT FLASH_CACHE DEFAULT CELL_FLASH_CACHE DEFAULT)
  TABLESPACE "APEX_1340948448228389" ;
--------------------------------------------------------
--  DDL for Table CA_SATISFACCION
--------------------------------------------------------

  CREATE TABLE "CENTRO_AYUDA"."CA_SATISFACCION" 
   (	"ID_SATISFACCION" NUMBER, 
	"DESCRIPCION" VARCHAR2(50 BYTE), 
	"USER_WEB" VARCHAR2(200 BYTE), 
	"ICON_ID" NUMBER
   ) SEGMENT CREATION IMMEDIATE 
  PCTFREE 10 PCTUSED 40 INITRANS 1 MAXTRANS 255 
 NOCOMPRESS LOGGING
  STORAGE(INITIAL 65536 NEXT 1048576 MINEXTENTS 1 MAXEXTENTS 2147483645
  PCTINCREASE 0 FREELISTS 1 FREELIST GROUPS 1
  BUFFER_POOL DEFAULT FLASH_CACHE DEFAULT CELL_FLASH_CACHE DEFAULT)
  TABLESPACE "APEX_1340948448228389" ;
--------------------------------------------------------
--  DDL for Table CA_SATISFACCION_JN
--------------------------------------------------------

  CREATE TABLE "CENTRO_AYUDA"."CA_SATISFACCION_JN" 
   (	"ID_SATISFACCION" NUMBER, 
	"DESCRIPCION" VARCHAR2(50 BYTE), 
	"JN_OPERATION" CHAR(3 BYTE), 
	"JN_DATETIME" DATE, 
	"USER_WEB" VARCHAR2(200 BYTE), 
	"ICON_ID" NUMBER
   ) SEGMENT CREATION DEFERRED 
  PCTFREE 10 PCTUSED 40 INITRANS 1 MAXTRANS 255 
 NOCOMPRESS LOGGING
  STORAGE( INITIAL 65536 NEXT 1048576 MINEXTENTS 1 MAXEXTENTS 2147483645)
  TABLESPACE "CENTRO_AYUDA_DATA" ;
--------------------------------------------------------
--  DDL for Table CA_SLA
--------------------------------------------------------

  CREATE TABLE "CENTRO_AYUDA"."CA_SLA" 
   (	"ID_SLA" NUMBER, 
	"PROYECTO_ID" NUMBER, 
	"NOMBRE" VARCHAR2(100 BYTE), 
	"USER_WEB" VARCHAR2(200 BYTE)
   ) SEGMENT CREATION DEFERRED 
  PCTFREE 10 PCTUSED 40 INITRANS 1 MAXTRANS 255 
 NOCOMPRESS LOGGING
  STORAGE( INITIAL 106496 NEXT 106496 MINEXTENTS 1 MAXEXTENTS 2147483645)
  TABLESPACE "CENTRO_AYUDA_DATA" ;
--------------------------------------------------------
--  DDL for Table CA_SLA_CONDICION_FIN
--------------------------------------------------------

  CREATE TABLE "CENTRO_AYUDA"."CA_SLA_CONDICION_FIN" 
   (	"ID_SLA_FIN" NUMBER, 
	"SLA_ID" NUMBER, 
	"TIPO" NUMBER, 
	"USER_WEB" VARCHAR2(200 BYTE)
   ) SEGMENT CREATION DEFERRED 
  PCTFREE 10 PCTUSED 40 INITRANS 1 MAXTRANS 255 
 NOCOMPRESS LOGGING
  STORAGE( INITIAL 65536 NEXT 1048576 MINEXTENTS 1 MAXEXTENTS 2147483645)
  TABLESPACE "CENTRO_AYUDA_DATA" ;
--------------------------------------------------------
--  DDL for Table CA_SLA_CONDICION_FIN_JN
--------------------------------------------------------

  CREATE TABLE "CENTRO_AYUDA"."CA_SLA_CONDICION_FIN_JN" 
   (	"ID_SLA_FIN" NUMBER, 
	"SLA_ID" NUMBER, 
	"TIPO" NUMBER, 
	"JN_OPERATION" CHAR(3 BYTE), 
	"JN_DATETIME" DATE, 
	"USER_WEB" VARCHAR2(200 BYTE)
   ) SEGMENT CREATION DEFERRED 
  PCTFREE 10 PCTUSED 40 INITRANS 1 MAXTRANS 255 
 NOCOMPRESS LOGGING
  STORAGE( INITIAL 65536 NEXT 1048576 MINEXTENTS 1 MAXEXTENTS 2147483645)
  TABLESPACE "CENTRO_AYUDA_DATA" ;
--------------------------------------------------------
--  DDL for Table CA_SLA_CONDICION_INICIO
--------------------------------------------------------

  CREATE TABLE "CENTRO_AYUDA"."CA_SLA_CONDICION_INICIO" 
   (	"ID_SLA_INICIO" NUMBER, 
	"SLA_ID" NUMBER, 
	"TIPO" NUMBER, 
	"USER_WEB" VARCHAR2(200 BYTE)
   ) SEGMENT CREATION DEFERRED 
  PCTFREE 10 PCTUSED 40 INITRANS 1 MAXTRANS 255 
 NOCOMPRESS LOGGING
  STORAGE( INITIAL 65536 NEXT 1048576 MINEXTENTS 1 MAXEXTENTS 2147483645)
  TABLESPACE "CENTRO_AYUDA_DATA" ;
--------------------------------------------------------
--  DDL for Table CA_SLA_CONDICION_INICIO_JN
--------------------------------------------------------

  CREATE TABLE "CENTRO_AYUDA"."CA_SLA_CONDICION_INICIO_JN" 
   (	"ID_SLA_INICIO" NUMBER, 
	"SLA_ID" NUMBER, 
	"TIPO" NUMBER, 
	"JN_OPERATION" CHAR(3 BYTE), 
	"JN_DATETIME" DATE, 
	"USER_WEB" VARCHAR2(200 BYTE)
   ) SEGMENT CREATION DEFERRED 
  PCTFREE 10 PCTUSED 40 INITRANS 1 MAXTRANS 255 
 NOCOMPRESS LOGGING
  STORAGE( INITIAL 65536 NEXT 1048576 MINEXTENTS 1 MAXEXTENTS 2147483645)
  TABLESPACE "CENTRO_AYUDA_DATA" ;
--------------------------------------------------------
--  DDL for Table CA_SLA_JN
--------------------------------------------------------

  CREATE TABLE "CENTRO_AYUDA"."CA_SLA_JN" 
   (	"ID_SLA" NUMBER, 
	"PROYECTO_ID" NUMBER, 
	"NOMBRE" VARCHAR2(100 BYTE), 
	"JN_OPERATION" CHAR(3 BYTE), 
	"JN_DATETIME" DATE, 
	"USER_WEB" VARCHAR2(200 BYTE)
   ) SEGMENT CREATION DEFERRED 
  PCTFREE 10 PCTUSED 40 INITRANS 1 MAXTRANS 255 
 NOCOMPRESS LOGGING
  STORAGE( INITIAL 106496 NEXT 106496 MINEXTENTS 1 MAXEXTENTS 2147483645)
  TABLESPACE "CENTRO_AYUDA_DATA" ;
--------------------------------------------------------
--  DDL for Table CA_TIPO_INCIDENCIA
--------------------------------------------------------

  CREATE TABLE "CENTRO_AYUDA"."CA_TIPO_INCIDENCIA" 
   (	"ID_TIPO_INC" NUMBER, 
	"PROYECTO_ID" NUMBER, 
	"DESCRIPCION" VARCHAR2(100 BYTE), 
	"USER_WEB" VARCHAR2(200 BYTE), 
	"ICON_ID" VARCHAR2(300 BYTE)
   ) SEGMENT CREATION IMMEDIATE 
  PCTFREE 10 PCTUSED 40 INITRANS 1 MAXTRANS 255 
 NOCOMPRESS LOGGING
  STORAGE(INITIAL 65536 NEXT 1048576 MINEXTENTS 1 MAXEXTENTS 2147483645
  PCTINCREASE 0 FREELISTS 1 FREELIST GROUPS 1
  BUFFER_POOL DEFAULT FLASH_CACHE DEFAULT CELL_FLASH_CACHE DEFAULT)
  TABLESPACE "CENTRO_AYUDA_DATA" ;
--------------------------------------------------------
--  DDL for Table CA_TIPO_INCIDENCIA_JN
--------------------------------------------------------

  CREATE TABLE "CENTRO_AYUDA"."CA_TIPO_INCIDENCIA_JN" 
   (	"ID_TIPO_INC" NUMBER, 
	"PROYECTO_ID" NUMBER, 
	"DESCRIPCION" VARCHAR2(100 BYTE), 
	"JN_OPERATION" CHAR(3 BYTE), 
	"JN_DATETIME" DATE, 
	"USER_WEB" VARCHAR2(200 BYTE), 
	"ICON_ID" VARCHAR2(300 BYTE)
   ) SEGMENT CREATION DEFERRED 
  PCTFREE 10 PCTUSED 40 INITRANS 1 MAXTRANS 255 
 NOCOMPRESS LOGGING
  STORAGE( INITIAL 65536 NEXT 1048576 MINEXTENTS 1 MAXEXTENTS 2147483645)
  TABLESPACE "CENTRO_AYUDA_DATA" ;
--------------------------------------------------------
--  DDL for Table CA_USERS_ROLES
--------------------------------------------------------

  CREATE TABLE "CENTRO_AYUDA"."CA_USERS_ROLES" 
   (	"ID" NUMBER, 
	"USER_ID" NUMBER, 
	"ROL_ID" NUMBER, 
	"USER_WEB" VARCHAR2(200 BYTE), 
	"FECHA" DATE
   ) SEGMENT CREATION IMMEDIATE 
  PCTFREE 10 PCTUSED 40 INITRANS 1 MAXTRANS 255 
 NOCOMPRESS LOGGING
  STORAGE(INITIAL 65536 NEXT 1048576 MINEXTENTS 1 MAXEXTENTS 2147483645
  PCTINCREASE 0 FREELISTS 1 FREELIST GROUPS 1
  BUFFER_POOL DEFAULT FLASH_CACHE DEFAULT CELL_FLASH_CACHE DEFAULT)
  TABLESPACE "APEX_1340948448228389" ;
--------------------------------------------------------
--  DDL for Table CA_USUARIOS
--------------------------------------------------------

  CREATE TABLE "CENTRO_AYUDA"."CA_USUARIOS" 
   (	"ID" NUMBER, 
	"NICK" VARCHAR2(100 BYTE), 
	"NOMBRE" VARCHAR2(200 BYTE), 
	"APELLIDOS" VARCHAR2(200 BYTE), 
	"CI" NUMBER, 
	"CORREO" VARCHAR2(400 BYTE), 
	"PASSWORD" VARCHAR2(400 BYTE), 
	"ESTADO" VARCHAR2(20 BYTE), 
	"PROYECTO_ID" NUMBER
   ) SEGMENT CREATION IMMEDIATE 
  PCTFREE 10 PCTUSED 40 INITRANS 1 MAXTRANS 255 
 NOCOMPRESS LOGGING
  STORAGE(INITIAL 65536 NEXT 1048576 MINEXTENTS 1 MAXEXTENTS 2147483645
  PCTINCREASE 0 FREELISTS 1 FREELIST GROUPS 1
  BUFFER_POOL DEFAULT FLASH_CACHE DEFAULT CELL_FLASH_CACHE DEFAULT)
  TABLESPACE "APEX_1340948448228389" ;
--------------------------------------------------------
--  DDL for Table DEPARTAMENTO
--------------------------------------------------------

  CREATE TABLE "CENTRO_AYUDA"."DEPARTAMENTO" 
   (	"ID_DEPARTAMENTO" NUMBER(10,2), 
	"ID_SECCION" NUMBER(10,2), 
	"DESCRIPCION" VARCHAR2(50 BYTE), 
	"SOCIEDAD" CHAR(2 BYTE), 
	"PISO_SUCURSAL_ID_SUCURSAL" NUMBER(10,0) DEFAULT 1, 
	"PISO_ID_PISO" NUMBER(10,0) DEFAULT 1, 
	"ABREVIATURA" VARCHAR2(50 BYTE), 
	"CEN_COSTO_ID_CENTRO_COSTO" NUMBER(10,0)
   ) SEGMENT CREATION IMMEDIATE 
  PCTFREE 10 PCTUSED 40 INITRANS 1 MAXTRANS 255 
 NOCOMPRESS LOGGING
  STORAGE(INITIAL 65536 NEXT 1048576 MINEXTENTS 1 MAXEXTENTS 2147483645
  PCTINCREASE 0 FREELISTS 1 FREELIST GROUPS 1
  BUFFER_POOL DEFAULT FLASH_CACHE DEFAULT CELL_FLASH_CACHE DEFAULT)
  TABLESPACE "APEX_1340948448228389" ;
--------------------------------------------------------
--  DDL for Table PERSONAL_SANATORIO
--------------------------------------------------------

  CREATE TABLE "CENTRO_AYUDA"."PERSONAL_SANATORIO" 
   (	"ID_PERSONAL" NUMBER(10,0), 
	"DISPONIBLE" CHAR(2 BYTE), 
	"NOMBRES" VARCHAR2(50 BYTE), 
	"APELLIDOS" VARCHAR2(50 BYTE), 
	"ESTADO_PERSONAL" VARCHAR2(20 BYTE), 
	"FECHA_INGRESO" DATE, 
	"PREST_ID_PRESTADOR" NUMBER(10,0), 
	"USUARIO" VARCHAR2(100 BYTE), 
	"PREVISION" CHAR(2 BYTE) DEFAULT 'NO', 
	"ID_PERSONAL_RH" NUMBER, 
	"USER_WEB" VARCHAR2(200 BYTE)
   ) SEGMENT CREATION IMMEDIATE 
  PCTFREE 10 PCTUSED 40 INITRANS 1 MAXTRANS 255 
 NOCOMPRESS LOGGING
  STORAGE(INITIAL 65536 NEXT 1048576 MINEXTENTS 1 MAXEXTENTS 2147483645
  PCTINCREASE 0 FREELISTS 1 FREELIST GROUPS 1
  BUFFER_POOL DEFAULT FLASH_CACHE DEFAULT CELL_FLASH_CACHE DEFAULT)
  TABLESPACE "COMUNES_DATA" ;

   COMMENT ON COLUMN "CENTRO_AYUDA"."PERSONAL_SANATORIO"."ID_PERSONAL" IS 'Codigo de personal';
   COMMENT ON COLUMN "CENTRO_AYUDA"."PERSONAL_SANATORIO"."DISPONIBLE" IS 'SI/NO';
   COMMENT ON COLUMN "CENTRO_AYUDA"."PERSONAL_SANATORIO"."NOMBRES" IS 'Nombres';
   COMMENT ON COLUMN "CENTRO_AYUDA"."PERSONAL_SANATORIO"."APELLIDOS" IS 'Apellidos';
   COMMENT ON COLUMN "CENTRO_AYUDA"."PERSONAL_SANATORIO"."ESTADO_PERSONAL" IS 'Estado';
   COMMENT ON COLUMN "CENTRO_AYUDA"."PERSONAL_SANATORIO"."FECHA_INGRESO" IS 'Fecha Ingreso';
   COMMENT ON COLUMN "CENTRO_AYUDA"."PERSONAL_SANATORIO"."PREST_ID_PRESTADOR" IS 'Codigo de Prestador';
   COMMENT ON COLUMN "CENTRO_AYUDA"."PERSONAL_SANATORIO"."USUARIO" IS 'Descripcion';
   COMMENT ON COLUMN "CENTRO_AYUDA"."PERSONAL_SANATORIO"."PREVISION" IS 'Prevision';
   COMMENT ON COLUMN "CENTRO_AYUDA"."PERSONAL_SANATORIO"."ID_PERSONAL_RH" IS 'id del personal rh';
--------------------------------------------------------
--  DDL for Table USUARIO_SUC
--------------------------------------------------------

  CREATE TABLE "CENTRO_AYUDA"."USUARIO_SUC" 
   (	"D_SUC_DEPDEPARTAMEN_ID_SECCION" NUMBER(7,2), 
	"D_SUC_DEP_SUCURSAL_ID_SUCURSAL" NUMBER(10,0), 
	"PERFIL_USUARIO" VARCHAR2(50 BYTE), 
	"D_SUDEPARTAMEN_ID_DEPARTAMENTO" NUMBER(7,2), 
	"FECHA" DATE, 
	"OBS" VARCHAR2(2000 BYTE), 
	"USER_WEB" VARCHAR2(50 BYTE), 
	"ID_PERSONAL_SANATORIO" NUMBER
   ) SEGMENT CREATION IMMEDIATE 
  PCTFREE 10 PCTUSED 40 INITRANS 1 MAXTRANS 255 
 NOCOMPRESS LOGGING
  STORAGE(INITIAL 65536 NEXT 1048576 MINEXTENTS 1 MAXEXTENTS 2147483645
  PCTINCREASE 0 FREELISTS 1 FREELIST GROUPS 1
  BUFFER_POOL DEFAULT FLASH_CACHE DEFAULT CELL_FLASH_CACHE DEFAULT)
  TABLESPACE "APEX_1340948448228389" ;
--------------------------------------------------------
--  DDL for View CA_MENU_DINAMICO
--------------------------------------------------------

  CREATE OR REPLACE FORCE EDITIONABLE VIEW "CENTRO_AYUDA"."CA_MENU_DINAMICO" ("NIVEL", "LABEL", "TARGET", "IS_CURRENT", "IMAGE", "PROYECTO", "ROL") AS 
  SELECT 1 nivel,
       'Principal' label,
       'f?p=APP_ID:1:SESSION::DEBUG:RIR:' target,
       '1' is_current,
       'fa-home' image,
        NULL AS proyecto,
        NULL AS rol
  FROM dual
UNION ALL
  SELECT 1 nivel,
         'Incidencias' label,
         'f?p=APP_ID:33:SESSION::DEBUG:RIR:P33_ESTADO:' target,
         '33,34' is_current,
         'fa-ticket' image,
         NULL AS proyecto,
         NULL AS rol
  FROM dual
UNION ALL
  SELECT 2 nivel,
         'Asignados a m[&CONTADOR_MENU_ASIGNADOS_A_MI.]' label,
         'f?p=APP_ID:33:SESSION::DEBUG:RIR:P33_ESTADO:' target,
         '33,34' is_current,
         'sahd sah-user-check' image,
         NULL AS proyecto,
         NULL AS rol
  FROM dual
UNION ALL
SELECT 2 nivel,
       'Sin Asignar[&CONTADOR_MENU_SIN_ASIGNAR.]' label,
       'f?p=APP_ID:33:SESSION::DEBUG:RIR:P33_ESTADO:' target,
       '33,34' is_current,
       'sahd sah-user-times' image,
        NULL AS proyecto,
        NULL AS rol
  FROM dual
UNION ALL
  SELECT 2 nivel,
         (CASE
            WHEN marca_resuelto = 'NO' THEN
                INITCAP(c.descripcion)|| case
                                           when (SELECT COUNT(*) FROM ca_incidencia i WHERE i.estado_id = c.id_estado) > 0 then
                                                 '['||(SELECT COUNT(*) FROM ca_incidencia i WHERE i.estado_id = c.id_estado)||']'
                                           else ''
                                         end
            ELSE INITCAP(c.descripcion)
          END) label,
          'f?p=APP_ID:33:SESSION::DEBUG:RIR:P33_ESTADO:'||c.id_estado target,
          '33,34' is_current,
          'sahl sah-sitemap' image,
          (SELECT w.proyecto_id FROM ca_estado w WHERE w.id_estado = c.id_estado) as proyecto,
          NULL AS rol
  FROM ca_estado c
UNION ALL
  SELECT 1 nivel,
         'Configuracin' label,
         'f?p=APP_ID:2:SESSION::DEBUG:RIR:' target,
         '2' is_current,
         'fa-gear' image,
         NULL AS proyecto,
         null AS rol --'COORDEPART-SUPERUSUARIO'
  FROM dual
UNION ALL
  SELECT 2 nivel,
         'Usuarios' label,
         'f?p=APP_ID::SESSION::DEBUG:RIR:' target,
         '' is_current,
         'fa-user' image,
         NULL AS proyecto,
         '' AS rol --'COORDEPART-SUPERUSUARIO'
  FROM dual
  
UNION ALL
  SELECT 2,
         'Tipos de Incidencia' label,
         'f?p=APP_ID:3:SESSION::DEBUG:RIR:' target,
         '3' is_current,
         'fa-clipboard-list' image,
         NULL AS proyecto,
         null AS rol --'COORDEPART-SUPERUSUARIO'
  FROM dual
UNION ALL
  SELECT 2,
         'Grupo Categora' label,
         'f?p=APP_ID:12:SESSION::DEBUG:RIR:' target,
         '12' is_current,
         'fa-layers' image,
         NULL AS proyecto,
         null AS rol --'COORDEPART-SUPERUSUARIO'
  FROM dual
UNION ALL
  SELECT 2,
         'Categoras' label,
         'f?p=APP_ID:19:SESSION::DEBUG:RIR:' target,
         '19'is_current,
         'fa-tree-org' image,
         NULL AS proyecto,
         null AS rol --'COORDEPART-SUPERUSUARIO'
  FROM dual
UNION ALL
  SELECT 2,
          'Flujos de Trabajo' label,
          'f?p=APP_ID:29:SESSION::DEBUG:RIR:' target,
          '29' is_current,
          'fa-sitemap' image,
          NULL AS proyecto,
          null AS rol --'COORDEPART-SUPERUSUARIO'
  FROM dual
UNION ALL
/*  SELECT 2,
           'Informes' label,
            'f?p=APP_ID:45:SESSION::DEBUG:RIR:' target,
            '45' is_current,
            'sahd sah-file-chart-pie' image,
            NULL AS proyecto,
            null AS rol --'COORDEPART-SUPERUSUARIO'
    FROM dual
UNION ALL*/
  SELECT 1,
         'Administracin' label,
         'f?p=APP_ID:11:SESSION::DEBUG:RIR:' target,
         '11' is_current,
         'fa-user-secret' image,
         NULL AS proyecto,
         null AS rol --'SUPERUSUARIO'
  FROM dual
UNION ALL
SELECT 2,
         'Usuarios Coordinadores' label,
         'f?p=APP_ID:49:SESSION::DEBUG:RIR:' target,
         '49' is_current,
         'fa-user' image,
         NULL AS proyecto,
         NULL AS rol --'SUPERUSUARIO'
  FROM dual
UNION ALL
SELECT 2,
         'Roles' label,
         'f?p=APP_ID:54:SESSION::DEBUG:RIR:' target,
         '54' is_current,
         'fa-shield' image,
         NULL AS proyecto,
         NULL AS rol --'SUPERUSUARIO'
  FROM dual
UNION ALL
SELECT 2,
         'Permisos Usuarios' label,
         'f?p=APP_ID:56:SESSION::DEBUG:RIR:' target,
         '56' is_current,
         'fa-user-check' image,
         NULL AS proyecto,
         NULL AS rol --'SUPERUSUARIO'
  FROM dual
UNION ALL
SELECT 2,
         'Departamentos' label,
         'f?p=APP_ID:47:SESSION::DEBUG:RIR:' target,
         '47' is_current,
         'fa-cubes' image,
         NULL AS proyecto,
         null AS rol --'SUPERUSUARIO'
  FROM dual
UNION ALL
SELECT 2,
         'Proyectos' label,
         'f?p=APP_ID:5:SESSION::DEBUG:RIR:' target,
         '5' is_current,
         'fa-bookmark-o' image,
         NULL AS proyecto,
         null AS rol --'SUPERUSUARIO'
  FROM dual
UNION ALL
  /*SELECT 2,
         'Crear Coordinador' label,
         'f?p=APP_ID:14:SESSION::DEBUG:RIR:' target,
         '14' is_current,
         'sahd sah-clipboard-user' image,
         NULL AS proyecto,
         'ASFASDF' AS rol --'SUPERUSUARIO'
   FROM dual
UNION ALL*/
  SELECT 2,
         'Prioridades' label,
         'f?p=APP_ID:7:SESSION::DEBUG:RIR:' target,
         '7' is_current,
         'fa-list-ol' image,
         NULL AS proyecto,
         null AS rol --'SUPERUSUARIO'
  FROM dual
UNION ALL
  SELECT 2,
         'Canal de Comunicacin' label,
         'f?p=APP_ID:16:SESSION::DEBUG:RIR:' target,
         '16' is_current,
         'fa fa-phone' image,
         NULL AS proyecto,
         null AS rol --'SUPERUSUARIO'
  FROM dual
UNION ALL
  SELECT 2,
         'Complejidad' label,
         'f?p=APP_ID:18:SESSION::DEBUG:RIR:' target,
         '18' is_current,
         'fa-code-fork' image,
         NULL AS proyecto,
         null AS rol --'SUPERUSUARIO'
  FROM dual
UNION ALL
  SELECT 2,
         'Satisfaccin' label,
         'f?p=APP_ID:23:SESSION::DEBUG:RIR:' target,
         '23' is_current,
         'fa-thumbs-o-up' image,
         NULL AS proyecto,
         null AS rol --'SUPERUSUARIO'
  FROM dual
UNION ALL
  SELECT 2,
         'Iconos' label,
         'f?p=APP_ID:25:SESSION::DEBUG:RIR:' target,
         '25' is_current,
         'fa-flag-o' image,
         NULL AS proyecto,
         'ASFLSL' AS rol --'SUPERUSUARIO'
   FROM dual
;
REM INSERTING into CENTRO_AYUDA.ADJUNTO
SET DEFINE OFF;
Insert into CENTRO_AYUDA.ADJUNTO (ID_ADJUNTO,NAME,FILENAME,MIME_TYPE,DOC_SIZE,CHARSET,LAST_UPDATE) values ('83','logo-UNAE-Standar.png','logo-UNAE-Standar.png','image/png','17138',null,to_date('22/10/19','fmDD/MM/RR'));
Insert into CENTRO_AYUDA.ADJUNTO (ID_ADJUNTO,NAME,FILENAME,MIME_TYPE,DOC_SIZE,CHARSET,LAST_UPDATE) values ('84','logo-UNAE-Standar.png','logo-UNAE-Standar.png','image/png','17138',null,to_date('22/10/19','fmDD/MM/RR'));
REM INSERTING into CENTRO_AYUDA.APEX_ACCESS_CONTROL
SET DEFINE OFF;
REM INSERTING into CENTRO_AYUDA.APEX_ACCESS_MODULES
SET DEFINE OFF;
Insert into CENTRO_AYUDA.APEX_ACCESS_MODULES (MODULE_ID,DESCRIPTION,APP_ID,FEEDBACK_ATTACHMENTS) values ('1','Centro de Ayuda','100','N');
REM INSERTING into CENTRO_AYUDA.APEX_ACCESS_PRIVILEGE
SET DEFINE OFF;
Insert into CENTRO_AYUDA.APEX_ACCESS_PRIVILEGE (ID,PRIVILEGE,APP_ID,RETURN,ALLOW_LAN) values ('822','Coordinador Departamento','100','COORDEPART','0');
Insert into CENTRO_AYUDA.APEX_ACCESS_PRIVILEGE (ID,PRIVILEGE,APP_ID,RETURN,ALLOW_LAN) values ('823','Supervisor','100','SUPERVISOR','0');
Insert into CENTRO_AYUDA.APEX_ACCESS_PRIVILEGE (ID,PRIVILEGE,APP_ID,RETURN,ALLOW_LAN) values ('821','Super Usuario','100','SUPERUSUARIO','0');
Insert into CENTRO_AYUDA.APEX_ACCESS_PRIVILEGE (ID,PRIVILEGE,APP_ID,RETURN,ALLOW_LAN) values ('824','Tecnico','100','TECNICO','0');
REM INSERTING into CENTRO_AYUDA.APEX_ACCESS_SETUP
SET DEFINE OFF;
Insert into CENTRO_AYUDA.APEX_ACCESS_SETUP (ID,APPLICATION_MODE,APPLICATION_ID) values ('1584','ALL','100');
REM INSERTING into CENTRO_AYUDA.CA_ADJ_X_INCI
SET DEFINE OFF;
Insert into CENTRO_AYUDA.CA_ADJ_X_INCI (INCIDENCIA_ID,ADJUNTO_ID,FECHA,USER_WEB,ID_COMENTARIO,TIPO_ADJUNTO) values ('81','83',to_date('22/10/19','fmDD/MM/RR'),'PABLOCESPEDES','103','2');
Insert into CENTRO_AYUDA.CA_ADJ_X_INCI (INCIDENCIA_ID,ADJUNTO_ID,FECHA,USER_WEB,ID_COMENTARIO,TIPO_ADJUNTO) values ('67','84',to_date('22/10/19','fmDD/MM/RR'),'PABLOCESPEDES','104','1');
REM INSERTING into CENTRO_AYUDA.CA_ADJ_X_INCI_JN
SET DEFINE OFF;
Insert into CENTRO_AYUDA.CA_ADJ_X_INCI_JN (INCIDENCIA_ID,ADJUNTO_ID,FECHA,USER_WEB,ID_COMENTARIO,JN_OPERATION,JN_DATETIME,TIPO_ADJUNTO) values ('81','61',to_date('22/10/19','fmDD/MM/RR'),'PABLOCESPEDES','62','UPD',to_date('22/10/19','fmDD/MM/RR'),'1');
Insert into CENTRO_AYUDA.CA_ADJ_X_INCI_JN (INCIDENCIA_ID,ADJUNTO_ID,FECHA,USER_WEB,ID_COMENTARIO,JN_OPERATION,JN_DATETIME,TIPO_ADJUNTO) values ('81','61',to_date('22/10/19','fmDD/MM/RR'),'PABLOCESPEDES','62','INS',to_date('22/10/19','fmDD/MM/RR'),null);
Insert into CENTRO_AYUDA.CA_ADJ_X_INCI_JN (INCIDENCIA_ID,ADJUNTO_ID,FECHA,USER_WEB,ID_COMENTARIO,JN_OPERATION,JN_DATETIME,TIPO_ADJUNTO) values ('81','62',to_date('22/10/19','fmDD/MM/RR'),'PABLOCESPEDES','81','INS',to_date('22/10/19','fmDD/MM/RR'),'1');
Insert into CENTRO_AYUDA.CA_ADJ_X_INCI_JN (INCIDENCIA_ID,ADJUNTO_ID,FECHA,USER_WEB,ID_COMENTARIO,JN_OPERATION,JN_DATETIME,TIPO_ADJUNTO) values ('81','62',to_date('22/10/19','fmDD/MM/RR'),'PABLOCESPEDES','81','DEL',to_date('22/10/19','fmDD/MM/RR'),'1');
Insert into CENTRO_AYUDA.CA_ADJ_X_INCI_JN (INCIDENCIA_ID,ADJUNTO_ID,FECHA,USER_WEB,ID_COMENTARIO,JN_OPERATION,JN_DATETIME,TIPO_ADJUNTO) values ('81','61',to_date('22/10/19','fmDD/MM/RR'),'PABLOCESPEDES','62','DEL',to_date('22/10/19','fmDD/MM/RR'),'1');
Insert into CENTRO_AYUDA.CA_ADJ_X_INCI_JN (INCIDENCIA_ID,ADJUNTO_ID,FECHA,USER_WEB,ID_COMENTARIO,JN_OPERATION,JN_DATETIME,TIPO_ADJUNTO) values ('81','81',to_date('22/10/19','fmDD/MM/RR'),'PABLOCESPEDES','101','INS',to_date('22/10/19','fmDD/MM/RR'),'1');
Insert into CENTRO_AYUDA.CA_ADJ_X_INCI_JN (INCIDENCIA_ID,ADJUNTO_ID,FECHA,USER_WEB,ID_COMENTARIO,JN_OPERATION,JN_DATETIME,TIPO_ADJUNTO) values ('81','81',to_date('22/10/19','fmDD/MM/RR'),'PABLOCESPEDES','101','DEL',to_date('22/10/19','fmDD/MM/RR'),'1');
Insert into CENTRO_AYUDA.CA_ADJ_X_INCI_JN (INCIDENCIA_ID,ADJUNTO_ID,FECHA,USER_WEB,ID_COMENTARIO,JN_OPERATION,JN_DATETIME,TIPO_ADJUNTO) values ('81','82',to_date('22/10/19','fmDD/MM/RR'),'PABLOCESPEDES','102','INS',to_date('22/10/19','fmDD/MM/RR'),'1');
Insert into CENTRO_AYUDA.CA_ADJ_X_INCI_JN (INCIDENCIA_ID,ADJUNTO_ID,FECHA,USER_WEB,ID_COMENTARIO,JN_OPERATION,JN_DATETIME,TIPO_ADJUNTO) values ('81','82',to_date('22/10/19','fmDD/MM/RR'),'PABLOCESPEDES','102','DEL',to_date('22/10/19','fmDD/MM/RR'),'1');
Insert into CENTRO_AYUDA.CA_ADJ_X_INCI_JN (INCIDENCIA_ID,ADJUNTO_ID,FECHA,USER_WEB,ID_COMENTARIO,JN_OPERATION,JN_DATETIME,TIPO_ADJUNTO) values ('81','83',to_date('22/10/19','fmDD/MM/RR'),'PABLOCESPEDES','103','INS',to_date('22/10/19','fmDD/MM/RR'),'2');
Insert into CENTRO_AYUDA.CA_ADJ_X_INCI_JN (INCIDENCIA_ID,ADJUNTO_ID,FECHA,USER_WEB,ID_COMENTARIO,JN_OPERATION,JN_DATETIME,TIPO_ADJUNTO) values ('67','41',to_date('20/10/19','fmDD/MM/RR'),'PABLOCESPEDES','41','DEL',to_date('22/10/19','fmDD/MM/RR'),'1');
Insert into CENTRO_AYUDA.CA_ADJ_X_INCI_JN (INCIDENCIA_ID,ADJUNTO_ID,FECHA,USER_WEB,ID_COMENTARIO,JN_OPERATION,JN_DATETIME,TIPO_ADJUNTO) values ('67','42',to_date('20/10/19','fmDD/MM/RR'),'PABLOCESPEDES','42','DEL',to_date('22/10/19','fmDD/MM/RR'),'2');
Insert into CENTRO_AYUDA.CA_ADJ_X_INCI_JN (INCIDENCIA_ID,ADJUNTO_ID,FECHA,USER_WEB,ID_COMENTARIO,JN_OPERATION,JN_DATETIME,TIPO_ADJUNTO) values ('67','84',to_date('22/10/19','fmDD/MM/RR'),'PABLOCESPEDES','104','INS',to_date('22/10/19','fmDD/MM/RR'),'1');
Insert into CENTRO_AYUDA.CA_ADJ_X_INCI_JN (INCIDENCIA_ID,ADJUNTO_ID,FECHA,USER_WEB,ID_COMENTARIO,JN_OPERATION,JN_DATETIME,TIPO_ADJUNTO) values ('67','1',to_date('20/10/19','fmDD/MM/RR'),'PABLOCESPEDES','22','INS',to_date('20/10/19','fmDD/MM/RR'),'2');
Insert into CENTRO_AYUDA.CA_ADJ_X_INCI_JN (INCIDENCIA_ID,ADJUNTO_ID,FECHA,USER_WEB,ID_COMENTARIO,JN_OPERATION,JN_DATETIME,TIPO_ADJUNTO) values ('67','21',to_date('20/10/19','fmDD/MM/RR'),'PABLOCESPEDES','24','INS',to_date('20/10/19','fmDD/MM/RR'),'2');
Insert into CENTRO_AYUDA.CA_ADJ_X_INCI_JN (INCIDENCIA_ID,ADJUNTO_ID,FECHA,USER_WEB,ID_COMENTARIO,JN_OPERATION,JN_DATETIME,TIPO_ADJUNTO) values ('67','22',to_date('20/10/19','fmDD/MM/RR'),'PABLOCESPEDES','25','INS',to_date('20/10/19','fmDD/MM/RR'),'1');
Insert into CENTRO_AYUDA.CA_ADJ_X_INCI_JN (INCIDENCIA_ID,ADJUNTO_ID,FECHA,USER_WEB,ID_COMENTARIO,JN_OPERATION,JN_DATETIME,TIPO_ADJUNTO) values ('67','22',to_date('20/10/19','fmDD/MM/RR'),'PABLOCESPEDES','25','DEL',to_date('20/10/19','fmDD/MM/RR'),'1');
Insert into CENTRO_AYUDA.CA_ADJ_X_INCI_JN (INCIDENCIA_ID,ADJUNTO_ID,FECHA,USER_WEB,ID_COMENTARIO,JN_OPERATION,JN_DATETIME,TIPO_ADJUNTO) values ('67','21',to_date('20/10/19','fmDD/MM/RR'),'PABLOCESPEDES','24','DEL',to_date('20/10/19','fmDD/MM/RR'),'2');
Insert into CENTRO_AYUDA.CA_ADJ_X_INCI_JN (INCIDENCIA_ID,ADJUNTO_ID,FECHA,USER_WEB,ID_COMENTARIO,JN_OPERATION,JN_DATETIME,TIPO_ADJUNTO) values ('67','1',to_date('20/10/19','fmDD/MM/RR'),'PABLOCESPEDES','22','DEL',to_date('20/10/19','fmDD/MM/RR'),'2');
Insert into CENTRO_AYUDA.CA_ADJ_X_INCI_JN (INCIDENCIA_ID,ADJUNTO_ID,FECHA,USER_WEB,ID_COMENTARIO,JN_OPERATION,JN_DATETIME,TIPO_ADJUNTO) values ('67','41',to_date('20/10/19','fmDD/MM/RR'),'PABLOCESPEDES','41','INS',to_date('20/10/19','fmDD/MM/RR'),'1');
Insert into CENTRO_AYUDA.CA_ADJ_X_INCI_JN (INCIDENCIA_ID,ADJUNTO_ID,FECHA,USER_WEB,ID_COMENTARIO,JN_OPERATION,JN_DATETIME,TIPO_ADJUNTO) values ('67','42',to_date('20/10/19','fmDD/MM/RR'),'PABLOCESPEDES','42','INS',to_date('20/10/19','fmDD/MM/RR'),'2');
Insert into CENTRO_AYUDA.CA_ADJ_X_INCI_JN (INCIDENCIA_ID,ADJUNTO_ID,FECHA,USER_WEB,ID_COMENTARIO,JN_OPERATION,JN_DATETIME,TIPO_ADJUNTO) values ('67','101',to_date('23/10/19','fmDD/MM/RR'),'PABLOCESPEDES','121','INS',to_date('23/10/19','fmDD/MM/RR'),'2');
Insert into CENTRO_AYUDA.CA_ADJ_X_INCI_JN (INCIDENCIA_ID,ADJUNTO_ID,FECHA,USER_WEB,ID_COMENTARIO,JN_OPERATION,JN_DATETIME,TIPO_ADJUNTO) values ('67','101',to_date('23/10/19','fmDD/MM/RR'),'PABLOCESPEDES','121','DEL',to_date('23/10/19','fmDD/MM/RR'),'2');
REM INSERTING into CENTRO_AYUDA.CA_BITACORA
SET DEFINE OFF;
Insert into CENTRO_AYUDA.CA_BITACORA (ID_BITACORA,INCIDENCIA_ID,PERSONAL_ID,TIEMPO_TRAB,INICIO_TRAB,DESCRIPCION,USER_WEB,FECHA,EDITADO) values ('1','67','1','1',to_date('20/10/19','fmDD/MM/RR'),'Una hora de trabajo hoy','PABLOCESPEDES',to_date('20/10/19','fmDD/MM/RR'),'SI');
REM INSERTING into CENTRO_AYUDA.CA_BITACORA_JN
SET DEFINE OFF;
Insert into CENTRO_AYUDA.CA_BITACORA_JN (ID_BITACORA,INCIDENCIA_ID,PERSONAL_ID,TIEMPO_TRAB,INICIO_TRAB,DESCRIPCION,JN_OPERATION,JN_DATETIME,USER_WEB,FECHA,EDITADO) values ('1','67','1','1',to_date('20/10/19','fmDD/MM/RR'),'Una hora de trabajo','INS',to_date('20/10/19','fmDD/MM/RR'),'PABLOCESPEDES',to_date('20/10/19','fmDD/MM/RR'),null);
Insert into CENTRO_AYUDA.CA_BITACORA_JN (ID_BITACORA,INCIDENCIA_ID,PERSONAL_ID,TIEMPO_TRAB,INICIO_TRAB,DESCRIPCION,JN_OPERATION,JN_DATETIME,USER_WEB,FECHA,EDITADO) values ('1','67','1','1',to_date('20/10/19','fmDD/MM/RR'),'Una hora de trabajo hoy','UPD',to_date('20/10/19','fmDD/MM/RR'),'PABLOCESPEDES',to_date('20/10/19','fmDD/MM/RR'),'SI');
REM INSERTING into CENTRO_AYUDA.CA_CALENDARIO
SET DEFINE OFF;
REM INSERTING into CENTRO_AYUDA.CA_CALENDARIO_JN
SET DEFINE OFF;
REM INSERTING into CENTRO_AYUDA.CA_CANAL_COMU
SET DEFINE OFF;
Insert into CENTRO_AYUDA.CA_CANAL_COMU (ID_CAN_COM,DESCRIPCION,USER_WEB,ICON_ID) values ('1','TELEFONO INTERNO','PABLOCESPEDES','123');
Insert into CENTRO_AYUDA.CA_CANAL_COMU (ID_CAN_COM,DESCRIPCION,USER_WEB,ICON_ID) values ('2','CORREO','PABLOCESPEDES','124');
Insert into CENTRO_AYUDA.CA_CANAL_COMU (ID_CAN_COM,DESCRIPCION,USER_WEB,ICON_ID) values ('3','WHATSAPP','PABLOCESPEDES','257');
Insert into CENTRO_AYUDA.CA_CANAL_COMU (ID_CAN_COM,DESCRIPCION,USER_WEB,ICON_ID) values ('4','CELULARES','PABLOCESPEDES','125');
Insert into CENTRO_AYUDA.CA_CANAL_COMU (ID_CAN_COM,DESCRIPCION,USER_WEB,ICON_ID) values ('5','CENTRO DE AYUDA CLIENTE','PABLOCESPEDES','238');
REM INSERTING into CENTRO_AYUDA.CA_CANAL_COMU_JN
SET DEFINE OFF;
REM INSERTING into CENTRO_AYUDA.CA_CATEGORIA
SET DEFINE OFF;
Insert into CENTRO_AYUDA.CA_CATEGORIA (ID_CATEGORIA,GRUPO_ID,DESCRIPCION,USER_WEB,TIPO_INCI_ID,ICON_ID,NOMBRE) values ('1','2','Soporte en todo tipo de computadoras','PABLOCESPEDES','1','31','Soporte en Computadoras');
Insert into CENTRO_AYUDA.CA_CATEGORIA (ID_CATEGORIA,GRUPO_ID,DESCRIPCION,USER_WEB,TIPO_INCI_ID,ICON_ID,NOMBRE) values ('2','3','Busca Aprobacin para tu prximo correo electrnico','PABLOCESPEDES','2','32','Solicitud Correo Electrnico');
REM INSERTING into CENTRO_AYUDA.CA_CATEGORIA_JN
SET DEFINE OFF;
REM INSERTING into CENTRO_AYUDA.CA_COMENTARIO
SET DEFINE OFF;
Insert into CENTRO_AYUDA.CA_COMENTARIO (ID_COMENTARIO,INCIDENCIA_ID,PERSONAL_ID,DESCRIPCION,FECHA,VISIBILIDAD,TIPO_COMENTARIO,USER_WEB,EDITADO) values ('104','67','1','p',to_date('22/10/19','fmDD/MM/RR'),'1','1','PABLOCESPEDES','NO');
Insert into CENTRO_AYUDA.CA_COMENTARIO (ID_COMENTARIO,INCIDENCIA_ID,PERSONAL_ID,DESCRIPCION,FECHA,VISIBILIDAD,TIPO_COMENTARIO,USER_WEB,EDITADO) values ('103','81','1','i',to_date('22/10/19','fmDD/MM/RR'),'1','2','PABLOCESPEDES','NO');
REM INSERTING into CENTRO_AYUDA.CA_COMENTARIO_JN
SET DEFINE OFF;
Insert into CENTRO_AYUDA.CA_COMENTARIO_JN (ID_COMENTARIO,INCIDENCIA_ID,PERSONAL_ID,DESCRIPCION,FECHA,VISIBILIDAD,TIPO_COMENTARIO,JN_OPERATION,JN_DATETIME,USER_WEB,EDITADO) values ('61','81','1','Comentarios',to_date('22/10/19','fmDD/MM/RR'),'1','1','INS',to_date('22/10/19','fmDD/MM/RR'),'PABLOCESPEDES','NO');
Insert into CENTRO_AYUDA.CA_COMENTARIO_JN (ID_COMENTARIO,INCIDENCIA_ID,PERSONAL_ID,DESCRIPCION,FECHA,VISIBILIDAD,TIPO_COMENTARIO,JN_OPERATION,JN_DATETIME,USER_WEB,EDITADO) values ('62','81','1','adjunto archivo',to_date('22/10/19','fmDD/MM/RR'),'1','1','INS',to_date('22/10/19','fmDD/MM/RR'),'PABLOCESPEDES','NO');
Insert into CENTRO_AYUDA.CA_COMENTARIO_JN (ID_COMENTARIO,INCIDENCIA_ID,PERSONAL_ID,DESCRIPCION,FECHA,VISIBILIDAD,TIPO_COMENTARIO,JN_OPERATION,JN_DATETIME,USER_WEB,EDITADO) values ('81','81','1','Iconos',to_date('22/10/19','fmDD/MM/RR'),'1','1','INS',to_date('22/10/19','fmDD/MM/RR'),'PABLOCESPEDES','NO');
Insert into CENTRO_AYUDA.CA_COMENTARIO_JN (ID_COMENTARIO,INCIDENCIA_ID,PERSONAL_ID,DESCRIPCION,FECHA,VISIBILIDAD,TIPO_COMENTARIO,JN_OPERATION,JN_DATETIME,USER_WEB,EDITADO) values ('101','81','1','unae',to_date('22/10/19','fmDD/MM/RR'),'1','1','INS',to_date('22/10/19','fmDD/MM/RR'),'PABLOCESPEDES','NO');
Insert into CENTRO_AYUDA.CA_COMENTARIO_JN (ID_COMENTARIO,INCIDENCIA_ID,PERSONAL_ID,DESCRIPCION,FECHA,VISIBILIDAD,TIPO_COMENTARIO,JN_OPERATION,JN_DATETIME,USER_WEB,EDITADO) values ('81','81','1','Iconos',to_date('22/10/19','fmDD/MM/RR'),'1','1','UPD',to_date('22/10/19','fmDD/MM/RR'),'PABLOCESPEDES','NO');
Insert into CENTRO_AYUDA.CA_COMENTARIO_JN (ID_COMENTARIO,INCIDENCIA_ID,PERSONAL_ID,DESCRIPCION,FECHA,VISIBILIDAD,TIPO_COMENTARIO,JN_OPERATION,JN_DATETIME,USER_WEB,EDITADO) values ('81','81','1','Iconos',to_date('22/10/19','fmDD/MM/RR'),'1','1','DEL',to_date('22/10/19','fmDD/MM/RR'),'PABLOCESPEDES','NO');
Insert into CENTRO_AYUDA.CA_COMENTARIO_JN (ID_COMENTARIO,INCIDENCIA_ID,PERSONAL_ID,DESCRIPCION,FECHA,VISIBILIDAD,TIPO_COMENTARIO,JN_OPERATION,JN_DATETIME,USER_WEB,EDITADO) values ('102','81','1','k',to_date('22/10/19','fmDD/MM/RR'),'1','1','INS',to_date('22/10/19','fmDD/MM/RR'),'PABLOCESPEDES','NO');
Insert into CENTRO_AYUDA.CA_COMENTARIO_JN (ID_COMENTARIO,INCIDENCIA_ID,PERSONAL_ID,DESCRIPCION,FECHA,VISIBILIDAD,TIPO_COMENTARIO,JN_OPERATION,JN_DATETIME,USER_WEB,EDITADO) values ('102','81','1','k',to_date('22/10/19','fmDD/MM/RR'),'1','1','UPD',to_date('22/10/19','fmDD/MM/RR'),'PABLOCESPEDES','NO');
Insert into CENTRO_AYUDA.CA_COMENTARIO_JN (ID_COMENTARIO,INCIDENCIA_ID,PERSONAL_ID,DESCRIPCION,FECHA,VISIBILIDAD,TIPO_COMENTARIO,JN_OPERATION,JN_DATETIME,USER_WEB,EDITADO) values ('102','81','1','k',to_date('22/10/19','fmDD/MM/RR'),'1','1','DEL',to_date('22/10/19','fmDD/MM/RR'),'PABLOCESPEDES','NO');
Insert into CENTRO_AYUDA.CA_COMENTARIO_JN (ID_COMENTARIO,INCIDENCIA_ID,PERSONAL_ID,DESCRIPCION,FECHA,VISIBILIDAD,TIPO_COMENTARIO,JN_OPERATION,JN_DATETIME,USER_WEB,EDITADO) values ('101','81','1','unae',to_date('22/10/19','fmDD/MM/RR'),'1','1','UPD',to_date('22/10/19','fmDD/MM/RR'),'PABLOCESPEDES','NO');
Insert into CENTRO_AYUDA.CA_COMENTARIO_JN (ID_COMENTARIO,INCIDENCIA_ID,PERSONAL_ID,DESCRIPCION,FECHA,VISIBILIDAD,TIPO_COMENTARIO,JN_OPERATION,JN_DATETIME,USER_WEB,EDITADO) values ('101','81','1','unae',to_date('22/10/19','fmDD/MM/RR'),'1','1','DEL',to_date('22/10/19','fmDD/MM/RR'),'PABLOCESPEDES','NO');
Insert into CENTRO_AYUDA.CA_COMENTARIO_JN (ID_COMENTARIO,INCIDENCIA_ID,PERSONAL_ID,DESCRIPCION,FECHA,VISIBILIDAD,TIPO_COMENTARIO,JN_OPERATION,JN_DATETIME,USER_WEB,EDITADO) values ('62','81','1','adjunto archivo',to_date('22/10/19','fmDD/MM/RR'),'1','1','UPD',to_date('22/10/19','fmDD/MM/RR'),'PABLOCESPEDES','NO');
Insert into CENTRO_AYUDA.CA_COMENTARIO_JN (ID_COMENTARIO,INCIDENCIA_ID,PERSONAL_ID,DESCRIPCION,FECHA,VISIBILIDAD,TIPO_COMENTARIO,JN_OPERATION,JN_DATETIME,USER_WEB,EDITADO) values ('62','81','1','adjunto archivo',to_date('22/10/19','fmDD/MM/RR'),'1','1','DEL',to_date('22/10/19','fmDD/MM/RR'),'PABLOCESPEDES','NO');
Insert into CENTRO_AYUDA.CA_COMENTARIO_JN (ID_COMENTARIO,INCIDENCIA_ID,PERSONAL_ID,DESCRIPCION,FECHA,VISIBILIDAD,TIPO_COMENTARIO,JN_OPERATION,JN_DATETIME,USER_WEB,EDITADO) values ('61','81','1','Comentarios',to_date('22/10/19','fmDD/MM/RR'),'1','1','UPD',to_date('22/10/19','fmDD/MM/RR'),'PABLOCESPEDES','NO');
Insert into CENTRO_AYUDA.CA_COMENTARIO_JN (ID_COMENTARIO,INCIDENCIA_ID,PERSONAL_ID,DESCRIPCION,FECHA,VISIBILIDAD,TIPO_COMENTARIO,JN_OPERATION,JN_DATETIME,USER_WEB,EDITADO) values ('61','81','1','Comentarios',to_date('22/10/19','fmDD/MM/RR'),'1','1','DEL',to_date('22/10/19','fmDD/MM/RR'),'PABLOCESPEDES','NO');
Insert into CENTRO_AYUDA.CA_COMENTARIO_JN (ID_COMENTARIO,INCIDENCIA_ID,PERSONAL_ID,DESCRIPCION,FECHA,VISIBILIDAD,TIPO_COMENTARIO,JN_OPERATION,JN_DATETIME,USER_WEB,EDITADO) values ('103','81','1','i',to_date('22/10/19','fmDD/MM/RR'),'1','2','INS',to_date('22/10/19','fmDD/MM/RR'),'PABLOCESPEDES','NO');
Insert into CENTRO_AYUDA.CA_COMENTARIO_JN (ID_COMENTARIO,INCIDENCIA_ID,PERSONAL_ID,DESCRIPCION,FECHA,VISIBILIDAD,TIPO_COMENTARIO,JN_OPERATION,JN_DATETIME,USER_WEB,EDITADO) values ('42','67','1','l',to_date('20/10/19','fmDD/MM/RR'),'1','2','UPD',to_date('22/10/19','fmDD/MM/RR'),'PABLOCESPEDES','NO');
Insert into CENTRO_AYUDA.CA_COMENTARIO_JN (ID_COMENTARIO,INCIDENCIA_ID,PERSONAL_ID,DESCRIPCION,FECHA,VISIBILIDAD,TIPO_COMENTARIO,JN_OPERATION,JN_DATETIME,USER_WEB,EDITADO) values ('42','67','1','l',to_date('20/10/19','fmDD/MM/RR'),'1','2','DEL',to_date('22/10/19','fmDD/MM/RR'),'PABLOCESPEDES','NO');
Insert into CENTRO_AYUDA.CA_COMENTARIO_JN (ID_COMENTARIO,INCIDENCIA_ID,PERSONAL_ID,DESCRIPCION,FECHA,VISIBILIDAD,TIPO_COMENTARIO,JN_OPERATION,JN_DATETIME,USER_WEB,EDITADO) values ('41','67','1','a',to_date('20/10/19','fmDD/MM/RR'),'1','1','UPD',to_date('22/10/19','fmDD/MM/RR'),'PABLOCESPEDES','NO');
Insert into CENTRO_AYUDA.CA_COMENTARIO_JN (ID_COMENTARIO,INCIDENCIA_ID,PERSONAL_ID,DESCRIPCION,FECHA,VISIBILIDAD,TIPO_COMENTARIO,JN_OPERATION,JN_DATETIME,USER_WEB,EDITADO) values ('41','67','1','a',to_date('20/10/19','fmDD/MM/RR'),'1','1','DEL',to_date('22/10/19','fmDD/MM/RR'),'PABLOCESPEDES','NO');
Insert into CENTRO_AYUDA.CA_COMENTARIO_JN (ID_COMENTARIO,INCIDENCIA_ID,PERSONAL_ID,DESCRIPCION,FECHA,VISIBILIDAD,TIPO_COMENTARIO,JN_OPERATION,JN_DATETIME,USER_WEB,EDITADO) values ('25','67','1','img',to_date('20/10/19','fmDD/MM/RR'),'1','1','UPD',to_date('22/10/19','fmDD/MM/RR'),'PABLOCESPEDES','NO');
Insert into CENTRO_AYUDA.CA_COMENTARIO_JN (ID_COMENTARIO,INCIDENCIA_ID,PERSONAL_ID,DESCRIPCION,FECHA,VISIBILIDAD,TIPO_COMENTARIO,JN_OPERATION,JN_DATETIME,USER_WEB,EDITADO) values ('25','67','1','img',to_date('20/10/19','fmDD/MM/RR'),'1','1','DEL',to_date('22/10/19','fmDD/MM/RR'),'PABLOCESPEDES','NO');
Insert into CENTRO_AYUDA.CA_COMENTARIO_JN (ID_COMENTARIO,INCIDENCIA_ID,PERSONAL_ID,DESCRIPCION,FECHA,VISIBILIDAD,TIPO_COMENTARIO,JN_OPERATION,JN_DATETIME,USER_WEB,EDITADO) values ('24','67','1','DNS',to_date('20/10/19','fmDD/MM/RR'),'1','2','UPD',to_date('22/10/19','fmDD/MM/RR'),'PABLOCESPEDES','NO');
Insert into CENTRO_AYUDA.CA_COMENTARIO_JN (ID_COMENTARIO,INCIDENCIA_ID,PERSONAL_ID,DESCRIPCION,FECHA,VISIBILIDAD,TIPO_COMENTARIO,JN_OPERATION,JN_DATETIME,USER_WEB,EDITADO) values ('24','67','1','DNS',to_date('20/10/19','fmDD/MM/RR'),'1','2','DEL',to_date('22/10/19','fmDD/MM/RR'),'PABLOCESPEDES','NO');
Insert into CENTRO_AYUDA.CA_COMENTARIO_JN (ID_COMENTARIO,INCIDENCIA_ID,PERSONAL_ID,DESCRIPCION,FECHA,VISIBILIDAD,TIPO_COMENTARIO,JN_OPERATION,JN_DATETIME,USER_WEB,EDITADO) values ('22','67','1','Investiga',to_date('20/10/19','fmDD/MM/RR'),'1','2','UPD',to_date('22/10/19','fmDD/MM/RR'),'PABLOCESPEDES','NO');
Insert into CENTRO_AYUDA.CA_COMENTARIO_JN (ID_COMENTARIO,INCIDENCIA_ID,PERSONAL_ID,DESCRIPCION,FECHA,VISIBILIDAD,TIPO_COMENTARIO,JN_OPERATION,JN_DATETIME,USER_WEB,EDITADO) values ('22','67','1','Investiga',to_date('20/10/19','fmDD/MM/RR'),'1','2','DEL',to_date('22/10/19','fmDD/MM/RR'),'PABLOCESPEDES','NO');
Insert into CENTRO_AYUDA.CA_COMENTARIO_JN (ID_COMENTARIO,INCIDENCIA_ID,PERSONAL_ID,DESCRIPCION,FECHA,VISIBILIDAD,TIPO_COMENTARIO,JN_OPERATION,JN_DATETIME,USER_WEB,EDITADO) values ('2','67','1','Comentando con el cliente editado',to_date('20/10/19','fmDD/MM/RR'),'1','1','UPD',to_date('22/10/19','fmDD/MM/RR'),'PABLOCESPEDES','SI');
Insert into CENTRO_AYUDA.CA_COMENTARIO_JN (ID_COMENTARIO,INCIDENCIA_ID,PERSONAL_ID,DESCRIPCION,FECHA,VISIBILIDAD,TIPO_COMENTARIO,JN_OPERATION,JN_DATETIME,USER_WEB,EDITADO) values ('2','67','1','Comentando con el cliente editado',to_date('20/10/19','fmDD/MM/RR'),'1','1','DEL',to_date('22/10/19','fmDD/MM/RR'),'PABLOCESPEDES','SI');
Insert into CENTRO_AYUDA.CA_COMENTARIO_JN (ID_COMENTARIO,INCIDENCIA_ID,PERSONAL_ID,DESCRIPCION,FECHA,VISIBILIDAD,TIPO_COMENTARIO,JN_OPERATION,JN_DATETIME,USER_WEB,EDITADO) values ('21','67','1','Comentario interno',to_date('20/10/19','fmDD/MM/RR'),'1','2','UPD',to_date('22/10/19','fmDD/MM/RR'),'PABLOCESPEDES','NO');
Insert into CENTRO_AYUDA.CA_COMENTARIO_JN (ID_COMENTARIO,INCIDENCIA_ID,PERSONAL_ID,DESCRIPCION,FECHA,VISIBILIDAD,TIPO_COMENTARIO,JN_OPERATION,JN_DATETIME,USER_WEB,EDITADO) values ('21','67','1','Comentario interno',to_date('20/10/19','fmDD/MM/RR'),'1','2','DEL',to_date('22/10/19','fmDD/MM/RR'),'PABLOCESPEDES','NO');
Insert into CENTRO_AYUDA.CA_COMENTARIO_JN (ID_COMENTARIO,INCIDENCIA_ID,PERSONAL_ID,DESCRIPCION,FECHA,VISIBILIDAD,TIPO_COMENTARIO,JN_OPERATION,JN_DATETIME,USER_WEB,EDITADO) values ('104','67','1','p',to_date('22/10/19','fmDD/MM/RR'),'1','1','INS',to_date('22/10/19','fmDD/MM/RR'),'PABLOCESPEDES','NO');
Insert into CENTRO_AYUDA.CA_COMENTARIO_JN (ID_COMENTARIO,INCIDENCIA_ID,PERSONAL_ID,DESCRIPCION,FECHA,VISIBILIDAD,TIPO_COMENTARIO,JN_OPERATION,JN_DATETIME,USER_WEB,EDITADO) values ('2','67','1','Comentando con el cliente',to_date('20/10/19','fmDD/MM/RR'),'1','1','INS',to_date('20/10/19','fmDD/MM/RR'),'PABLOCESPEDES','NO');
Insert into CENTRO_AYUDA.CA_COMENTARIO_JN (ID_COMENTARIO,INCIDENCIA_ID,PERSONAL_ID,DESCRIPCION,FECHA,VISIBILIDAD,TIPO_COMENTARIO,JN_OPERATION,JN_DATETIME,USER_WEB,EDITADO) values ('2','67','1','Comentando con el cliente editado',to_date('20/10/19','fmDD/MM/RR'),'1','1','UPD',to_date('20/10/19','fmDD/MM/RR'),'PABLOCESPEDES','SI');
Insert into CENTRO_AYUDA.CA_COMENTARIO_JN (ID_COMENTARIO,INCIDENCIA_ID,PERSONAL_ID,DESCRIPCION,FECHA,VISIBILIDAD,TIPO_COMENTARIO,JN_OPERATION,JN_DATETIME,USER_WEB,EDITADO) values ('21','67','1','Comentario interno',to_date('20/10/19','fmDD/MM/RR'),'1','2','INS',to_date('20/10/19','fmDD/MM/RR'),'PABLOCESPEDES','NO');
Insert into CENTRO_AYUDA.CA_COMENTARIO_JN (ID_COMENTARIO,INCIDENCIA_ID,PERSONAL_ID,DESCRIPCION,FECHA,VISIBILIDAD,TIPO_COMENTARIO,JN_OPERATION,JN_DATETIME,USER_WEB,EDITADO) values ('22','67','1','Investiga',to_date('20/10/19','fmDD/MM/RR'),'1','2','INS',to_date('20/10/19','fmDD/MM/RR'),'PABLOCESPEDES','NO');
Insert into CENTRO_AYUDA.CA_COMENTARIO_JN (ID_COMENTARIO,INCIDENCIA_ID,PERSONAL_ID,DESCRIPCION,FECHA,VISIBILIDAD,TIPO_COMENTARIO,JN_OPERATION,JN_DATETIME,USER_WEB,EDITADO) values ('24','67','1','DNS',to_date('20/10/19','fmDD/MM/RR'),'1','2','INS',to_date('20/10/19','fmDD/MM/RR'),'PABLOCESPEDES','NO');
Insert into CENTRO_AYUDA.CA_COMENTARIO_JN (ID_COMENTARIO,INCIDENCIA_ID,PERSONAL_ID,DESCRIPCION,FECHA,VISIBILIDAD,TIPO_COMENTARIO,JN_OPERATION,JN_DATETIME,USER_WEB,EDITADO) values ('25','67','1','img',to_date('20/10/19','fmDD/MM/RR'),'1','1','INS',to_date('20/10/19','fmDD/MM/RR'),'PABLOCESPEDES','NO');
Insert into CENTRO_AYUDA.CA_COMENTARIO_JN (ID_COMENTARIO,INCIDENCIA_ID,PERSONAL_ID,DESCRIPCION,FECHA,VISIBILIDAD,TIPO_COMENTARIO,JN_OPERATION,JN_DATETIME,USER_WEB,EDITADO) values ('41','67','1','a',to_date('20/10/19','fmDD/MM/RR'),'1','1','INS',to_date('20/10/19','fmDD/MM/RR'),'PABLOCESPEDES','NO');
Insert into CENTRO_AYUDA.CA_COMENTARIO_JN (ID_COMENTARIO,INCIDENCIA_ID,PERSONAL_ID,DESCRIPCION,FECHA,VISIBILIDAD,TIPO_COMENTARIO,JN_OPERATION,JN_DATETIME,USER_WEB,EDITADO) values ('42','67','1','l',to_date('20/10/19','fmDD/MM/RR'),'1','2','INS',to_date('20/10/19','fmDD/MM/RR'),'PABLOCESPEDES','NO');
Insert into CENTRO_AYUDA.CA_COMENTARIO_JN (ID_COMENTARIO,INCIDENCIA_ID,PERSONAL_ID,DESCRIPCION,FECHA,VISIBILIDAD,TIPO_COMENTARIO,JN_OPERATION,JN_DATETIME,USER_WEB,EDITADO) values ('121','67','1','prueba',to_date('23/10/19','fmDD/MM/RR'),'1','2','INS',to_date('23/10/19','fmDD/MM/RR'),'PABLOCESPEDES','NO');
Insert into CENTRO_AYUDA.CA_COMENTARIO_JN (ID_COMENTARIO,INCIDENCIA_ID,PERSONAL_ID,DESCRIPCION,FECHA,VISIBILIDAD,TIPO_COMENTARIO,JN_OPERATION,JN_DATETIME,USER_WEB,EDITADO) values ('121','67','1','prueba',to_date('23/10/19','fmDD/MM/RR'),'1','2','UPD',to_date('23/10/19','fmDD/MM/RR'),'PABLOCESPEDES','NO');
Insert into CENTRO_AYUDA.CA_COMENTARIO_JN (ID_COMENTARIO,INCIDENCIA_ID,PERSONAL_ID,DESCRIPCION,FECHA,VISIBILIDAD,TIPO_COMENTARIO,JN_OPERATION,JN_DATETIME,USER_WEB,EDITADO) values ('121','67','1','prueba',to_date('23/10/19','fmDD/MM/RR'),'1','2','DEL',to_date('23/10/19','fmDD/MM/RR'),'PABLOCESPEDES','NO');
REM INSERTING into CENTRO_AYUDA.CA_COMPLEJIDAD
SET DEFINE OFF;
Insert into CENTRO_AYUDA.CA_COMPLEJIDAD (ID_COMPLEJIDAD,DESCRIPCION,USER_WEB,ICON_ID) values ('1','ALTA','PABLOCESPEDES','129');
Insert into CENTRO_AYUDA.CA_COMPLEJIDAD (ID_COMPLEJIDAD,DESCRIPCION,USER_WEB,ICON_ID) values ('2','MEDIA','PABLOCESPEDES','130');
Insert into CENTRO_AYUDA.CA_COMPLEJIDAD (ID_COMPLEJIDAD,DESCRIPCION,USER_WEB,ICON_ID) values ('3','BAJA','PABLOCESPEDES','128');
Insert into CENTRO_AYUDA.CA_COMPLEJIDAD (ID_COMPLEJIDAD,DESCRIPCION,USER_WEB,ICON_ID) values ('4','INDEFINIDO','PABLOCESPEDES','131');
REM INSERTING into CENTRO_AYUDA.CA_COMPLEJIDAD_JN
SET DEFINE OFF;
REM INSERTING into CENTRO_AYUDA.CA_CONTROL_ACCESO
SET DEFINE OFF;
Insert into CENTRO_AYUDA.CA_CONTROL_ACCESO (ID_CONTROL_ACCESO,PERSONAL_ID,PROYECTO_ID,RETURN,USER_WEB,APP_ID) values ('1','203','1','SUPERUSUARIO',null,'100');
REM INSERTING into CENTRO_AYUDA.CA_CONTROL_ACCESO_JN
SET DEFINE OFF;
REM INSERTING into CENTRO_AYUDA.CA_DETALLE_CALENDARIO
SET DEFINE OFF;
REM INSERTING into CENTRO_AYUDA.CA_DETALLE_CALENDARIO_JN
SET DEFINE OFF;
REM INSERTING into CENTRO_AYUDA.CA_ESTADO
SET DEFINE OFF;
Insert into CENTRO_AYUDA.CA_ESTADO (ID_ESTADO,PROYECTO_ID,DESCRIPCION,MARCA_RESUELTO,USER_WEB,COLOR,TAG,ESTADO_DEFAULT) values ('41','1','ESPERANDO POR SOPORTE','NO','PABLOCESPEDES','wf_amarino ef','<b class="wf_amarino ef">ESPERANDO POR SOPORTE</b>','SI');
Insert into CENTRO_AYUDA.CA_ESTADO (ID_ESTADO,PROYECTO_ID,DESCRIPCION,MARCA_RESUELTO,USER_WEB,COLOR,TAG,ESTADO_DEFAULT) values ('42','1','ESPERANDO POR CLIENTE','NO','PABLOCESPEDES','wf_amarino ef','<b class="wf_amarino ef">ESPERANDO POR CLIENTE</b>','NO');
Insert into CENTRO_AYUDA.CA_ESTADO (ID_ESTADO,PROYECTO_ID,DESCRIPCION,MARCA_RESUELTO,USER_WEB,COLOR,TAG,ESTADO_DEFAULT) values ('43','1','EN PROGRESO','NO','PABLOCESPEDES','wf_amarillo ef','<b class="wf_amarillo ef">EN PROGRESO</b>','NO');
Insert into CENTRO_AYUDA.CA_ESTADO (ID_ESTADO,PROYECTO_ID,DESCRIPCION,MARCA_RESUELTO,USER_WEB,COLOR,TAG,ESTADO_DEFAULT) values ('44','1','PENDIENTE','NO','PABLOCESPEDES','wf_amarillo ef','<b class="wf_amarillo ef">PENDIENTE</b>','NO');
Insert into CENTRO_AYUDA.CA_ESTADO (ID_ESTADO,PROYECTO_ID,DESCRIPCION,MARCA_RESUELTO,USER_WEB,COLOR,TAG,ESTADO_DEFAULT) values ('45','1','CANCELADO','SI','PABLOCESPEDES','wf_gris ef','<b class="wf_gris ef">CANCELADO</b>','NO');
Insert into CENTRO_AYUDA.CA_ESTADO (ID_ESTADO,PROYECTO_ID,DESCRIPCION,MARCA_RESUELTO,USER_WEB,COLOR,TAG,ESTADO_DEFAULT) values ('46','1','CONCLUIDO','SI','PABLOCESPEDES','wf_verde ef','<b class="wf_verde ef">CONCLUIDO</b>','NO');
REM INSERTING into CENTRO_AYUDA.CA_ESTADO_JN
SET DEFINE OFF;
REM INSERTING into CENTRO_AYUDA.CA_FLUJO_ESTADO
SET DEFINE OFF;
Insert into CENTRO_AYUDA.CA_FLUJO_ESTADO (ID_FLU_EST,ID_ESTADO,USER_WEB) values ('41','42','PABLOCESPEDES');
Insert into CENTRO_AYUDA.CA_FLUJO_ESTADO (ID_FLU_EST,ID_ESTADO,USER_WEB) values ('42','43','PABLOCESPEDES');
Insert into CENTRO_AYUDA.CA_FLUJO_ESTADO (ID_FLU_EST,ID_ESTADO,USER_WEB) values ('42','44','PABLOCESPEDES');
Insert into CENTRO_AYUDA.CA_FLUJO_ESTADO (ID_FLU_EST,ID_ESTADO,USER_WEB) values ('42','45','PABLOCESPEDES');
Insert into CENTRO_AYUDA.CA_FLUJO_ESTADO (ID_FLU_EST,ID_ESTADO,USER_WEB) values ('43','44','PABLOCESPEDES');
Insert into CENTRO_AYUDA.CA_FLUJO_ESTADO (ID_FLU_EST,ID_ESTADO,USER_WEB) values ('43','45','PABLOCESPEDES');
Insert into CENTRO_AYUDA.CA_FLUJO_ESTADO (ID_FLU_EST,ID_ESTADO,USER_WEB) values ('43','46','PABLOCESPEDES');
Insert into CENTRO_AYUDA.CA_FLUJO_ESTADO (ID_FLU_EST,ID_ESTADO,USER_WEB) values ('44','42','PABLOCESPEDES');
Insert into CENTRO_AYUDA.CA_FLUJO_ESTADO (ID_FLU_EST,ID_ESTADO,USER_WEB) values ('44','45','PABLOCESPEDES');
Insert into CENTRO_AYUDA.CA_FLUJO_ESTADO (ID_FLU_EST,ID_ESTADO,USER_WEB) values ('44','46','PABLOCESPEDES');
Insert into CENTRO_AYUDA.CA_FLUJO_ESTADO (ID_FLU_EST,ID_ESTADO,USER_WEB) values ('41','45','PABLOCESPEDES');
Insert into CENTRO_AYUDA.CA_FLUJO_ESTADO (ID_FLU_EST,ID_ESTADO,USER_WEB) values ('41','43','PABLOCESPEDES');
REM INSERTING into CENTRO_AYUDA.CA_FLUJO_ESTADO_JN
SET DEFINE OFF;
REM INSERTING into CENTRO_AYUDA.CA_GRUPO_CATEGORIA
SET DEFINE OFF;
Insert into CENTRO_AYUDA.CA_GRUPO_CATEGORIA (ID_GRUPO_CAT,PROYECTO_ID,AUTORIZANTE_ID,APROBACION,USER_WEB,DESCRIPCION,EMAIL_AUTORIZANTE) values ('2','1',null,'NO','PABLOCESPEDES','General',null);
Insert into CENTRO_AYUDA.CA_GRUPO_CATEGORIA (ID_GRUPO_CAT,PROYECTO_ID,AUTORIZANTE_ID,APROBACION,USER_WEB,DESCRIPCION,EMAIL_AUTORIZANTE) values ('3','1','203','SI','PABLOCESPEDES','Requiere Autorizacin','cespedespablo9@gmail.com');
REM INSERTING into CENTRO_AYUDA.CA_GRUPO_CATEGORIA_JN
SET DEFINE OFF;
REM INSERTING into CENTRO_AYUDA.CA_HIS_METRIC
SET DEFINE OFF;
REM INSERTING into CENTRO_AYUDA.CA_HIS_METRIC_JN
SET DEFINE OFF;
REM INSERTING into CENTRO_AYUDA.CA_HISTORIAL_CAMBIO
SET DEFINE OFF;
Insert into CENTRO_AYUDA.CA_HISTORIAL_CAMBIO (ID_HIST_CAM,INCIDENCIA_ID,PERSONAL_ID,CAMPO,EST_ANT,EST_SIG,FECHA,TIPO,USER_WEB,OPERACION) values ('121','81','1','INCIDENCIA','CREADO','CREADO',to_date('21/10/19','fmDD/MM/RR'),null,'PABLOCESPEDES','INS');
Insert into CENTRO_AYUDA.CA_HISTORIAL_CAMBIO (ID_HIST_CAM,INCIDENCIA_ID,PERSONAL_ID,CAMPO,EST_ANT,EST_SIG,FECHA,TIPO,USER_WEB,OPERACION) values ('161','81','1','ADJUNTO','61','61',to_date('22/10/19','fmDD/MM/RR'),'1','PABLOCESPEDES','UPD');
Insert into CENTRO_AYUDA.CA_HISTORIAL_CAMBIO (ID_HIST_CAM,INCIDENCIA_ID,PERSONAL_ID,CAMPO,EST_ANT,EST_SIG,FECHA,TIPO,USER_WEB,OPERACION) values ('141','81','1','COMENTARIO',null,'Comentarios',to_date('22/10/19','fmDD/MM/RR'),'1','PABLOCESPEDES','INS');
Insert into CENTRO_AYUDA.CA_HISTORIAL_CAMBIO (ID_HIST_CAM,INCIDENCIA_ID,PERSONAL_ID,CAMPO,EST_ANT,EST_SIG,FECHA,TIPO,USER_WEB,OPERACION) values ('142','81','1','COMENTARIO',null,'adjunto archivo',to_date('22/10/19','fmDD/MM/RR'),'1','PABLOCESPEDES','INS');
Insert into CENTRO_AYUDA.CA_HISTORIAL_CAMBIO (ID_HIST_CAM,INCIDENCIA_ID,PERSONAL_ID,CAMPO,EST_ANT,EST_SIG,FECHA,TIPO,USER_WEB,OPERACION) values ('143','81','1','ADJUNTO',null,'61',to_date('22/10/19','fmDD/MM/RR'),'1','PABLOCESPEDES','INS');
Insert into CENTRO_AYUDA.CA_HISTORIAL_CAMBIO (ID_HIST_CAM,INCIDENCIA_ID,PERSONAL_ID,CAMPO,EST_ANT,EST_SIG,FECHA,TIPO,USER_WEB,OPERACION) values ('162','81','1','COMENTARIO',null,'Iconos',to_date('22/10/19','fmDD/MM/RR'),'1','PABLOCESPEDES','INS');
Insert into CENTRO_AYUDA.CA_HISTORIAL_CAMBIO (ID_HIST_CAM,INCIDENCIA_ID,PERSONAL_ID,CAMPO,EST_ANT,EST_SIG,FECHA,TIPO,USER_WEB,OPERACION) values ('163','81','1','ADJUNTO',null,'62',to_date('22/10/19','fmDD/MM/RR'),'1','PABLOCESPEDES','INS');
Insert into CENTRO_AYUDA.CA_HISTORIAL_CAMBIO (ID_HIST_CAM,INCIDENCIA_ID,PERSONAL_ID,CAMPO,EST_ANT,EST_SIG,FECHA,TIPO,USER_WEB,OPERACION) values ('181','81','1','ADJUNTO','62','ADJUNTO ELIMINADO',to_date('22/10/19','fmDD/MM/RR'),'1','PABLOCESPEDES','DEL');
Insert into CENTRO_AYUDA.CA_HISTORIAL_CAMBIO (ID_HIST_CAM,INCIDENCIA_ID,PERSONAL_ID,CAMPO,EST_ANT,EST_SIG,FECHA,TIPO,USER_WEB,OPERACION) values ('182','81','1','ADJUNTO','61','ADJUNTO ELIMINADO',to_date('22/10/19','fmDD/MM/RR'),'1','PABLOCESPEDES','DEL');
Insert into CENTRO_AYUDA.CA_HISTORIAL_CAMBIO (ID_HIST_CAM,INCIDENCIA_ID,PERSONAL_ID,CAMPO,EST_ANT,EST_SIG,FECHA,TIPO,USER_WEB,OPERACION) values ('201','81','1','RESPONSABLE_ID',null,'1',to_date('22/10/19','fmDD/MM/RR'),'1','PABLOCESPEDES','UPD');
Insert into CENTRO_AYUDA.CA_HISTORIAL_CAMBIO (ID_HIST_CAM,INCIDENCIA_ID,PERSONAL_ID,CAMPO,EST_ANT,EST_SIG,FECHA,TIPO,USER_WEB,OPERACION) values ('202','81','1','RESPONSABLE_ID','1',null,to_date('22/10/19','fmDD/MM/RR'),'1','PABLOCESPEDES','UPD');
Insert into CENTRO_AYUDA.CA_HISTORIAL_CAMBIO (ID_HIST_CAM,INCIDENCIA_ID,PERSONAL_ID,CAMPO,EST_ANT,EST_SIG,FECHA,TIPO,USER_WEB,OPERACION) values ('203','81','1','RESPONSABLE_ID',null,'1',to_date('22/10/19','fmDD/MM/RR'),'1','PABLOCESPEDES','UPD');
Insert into CENTRO_AYUDA.CA_HISTORIAL_CAMBIO (ID_HIST_CAM,INCIDENCIA_ID,PERSONAL_ID,CAMPO,EST_ANT,EST_SIG,FECHA,TIPO,USER_WEB,OPERACION) values ('204','81','1','RESPONSABLE_ID','1',null,to_date('22/10/19','fmDD/MM/RR'),'1','PABLOCESPEDES','UPD');
Insert into CENTRO_AYUDA.CA_HISTORIAL_CAMBIO (ID_HIST_CAM,INCIDENCIA_ID,PERSONAL_ID,CAMPO,EST_ANT,EST_SIG,FECHA,TIPO,USER_WEB,OPERACION) values ('205','81','1','COMENTARIO',null,'unae',to_date('22/10/19','fmDD/MM/RR'),'1','PABLOCESPEDES','INS');
Insert into CENTRO_AYUDA.CA_HISTORIAL_CAMBIO (ID_HIST_CAM,INCIDENCIA_ID,PERSONAL_ID,CAMPO,EST_ANT,EST_SIG,FECHA,TIPO,USER_WEB,OPERACION) values ('206','81','1','ADJUNTO',null,'81',to_date('22/10/19','fmDD/MM/RR'),'1','PABLOCESPEDES','INS');
Insert into CENTRO_AYUDA.CA_HISTORIAL_CAMBIO (ID_HIST_CAM,INCIDENCIA_ID,PERSONAL_ID,CAMPO,EST_ANT,EST_SIG,FECHA,TIPO,USER_WEB,OPERACION) values ('221','81','1','ADJUNTO','81','ADJUNTO ELIMINADO',to_date('22/10/19','fmDD/MM/RR'),'1','PABLOCESPEDES','DEL');
Insert into CENTRO_AYUDA.CA_HISTORIAL_CAMBIO (ID_HIST_CAM,INCIDENCIA_ID,PERSONAL_ID,CAMPO,EST_ANT,EST_SIG,FECHA,TIPO,USER_WEB,OPERACION) values ('222','81','1','COMENTARIO','Iconos','ELIMINADO',to_date('22/10/19','fmDD/MM/RR'),'1','PABLOCESPEDES','DEL');
Insert into CENTRO_AYUDA.CA_HISTORIAL_CAMBIO (ID_HIST_CAM,INCIDENCIA_ID,PERSONAL_ID,CAMPO,EST_ANT,EST_SIG,FECHA,TIPO,USER_WEB,OPERACION) values ('223','81','1','COMENTARIO',null,'k',to_date('22/10/19','fmDD/MM/RR'),'1','PABLOCESPEDES','INS');
Insert into CENTRO_AYUDA.CA_HISTORIAL_CAMBIO (ID_HIST_CAM,INCIDENCIA_ID,PERSONAL_ID,CAMPO,EST_ANT,EST_SIG,FECHA,TIPO,USER_WEB,OPERACION) values ('224','81','1','ADJUNTO',null,'82',to_date('22/10/19','fmDD/MM/RR'),'1','PABLOCESPEDES','INS');
Insert into CENTRO_AYUDA.CA_HISTORIAL_CAMBIO (ID_HIST_CAM,INCIDENCIA_ID,PERSONAL_ID,CAMPO,EST_ANT,EST_SIG,FECHA,TIPO,USER_WEB,OPERACION) values ('225','81','1','COMENTARIO','k','ELIMINADO',to_date('22/10/19','fmDD/MM/RR'),'1','PABLOCESPEDES','DEL');
Insert into CENTRO_AYUDA.CA_HISTORIAL_CAMBIO (ID_HIST_CAM,INCIDENCIA_ID,PERSONAL_ID,CAMPO,EST_ANT,EST_SIG,FECHA,TIPO,USER_WEB,OPERACION) values ('226','81','1','ADJUNTO','82','ADJUNTO ELIMINADO',to_date('22/10/19','fmDD/MM/RR'),'1','PABLOCESPEDES','DEL');
Insert into CENTRO_AYUDA.CA_HISTORIAL_CAMBIO (ID_HIST_CAM,INCIDENCIA_ID,PERSONAL_ID,CAMPO,EST_ANT,EST_SIG,FECHA,TIPO,USER_WEB,OPERACION) values ('227','81','1','COMENTARIO','unae','ELIMINADO',to_date('22/10/19','fmDD/MM/RR'),'1','PABLOCESPEDES','DEL');
Insert into CENTRO_AYUDA.CA_HISTORIAL_CAMBIO (ID_HIST_CAM,INCIDENCIA_ID,PERSONAL_ID,CAMPO,EST_ANT,EST_SIG,FECHA,TIPO,USER_WEB,OPERACION) values ('228','81','1','COMENTARIO','adjunto archivo','ELIMINADO',to_date('22/10/19','fmDD/MM/RR'),'1','PABLOCESPEDES','DEL');
Insert into CENTRO_AYUDA.CA_HISTORIAL_CAMBIO (ID_HIST_CAM,INCIDENCIA_ID,PERSONAL_ID,CAMPO,EST_ANT,EST_SIG,FECHA,TIPO,USER_WEB,OPERACION) values ('229','81','1','COMENTARIO','Comentarios','ELIMINADO',to_date('22/10/19','fmDD/MM/RR'),'1','PABLOCESPEDES','DEL');
Insert into CENTRO_AYUDA.CA_HISTORIAL_CAMBIO (ID_HIST_CAM,INCIDENCIA_ID,PERSONAL_ID,CAMPO,EST_ANT,EST_SIG,FECHA,TIPO,USER_WEB,OPERACION) values ('230','81','1','COMENTARIO',null,'i',to_date('22/10/19','fmDD/MM/RR'),'2','PABLOCESPEDES','INS');
Insert into CENTRO_AYUDA.CA_HISTORIAL_CAMBIO (ID_HIST_CAM,INCIDENCIA_ID,PERSONAL_ID,CAMPO,EST_ANT,EST_SIG,FECHA,TIPO,USER_WEB,OPERACION) values ('231','81','1','ADJUNTO',null,'83',to_date('22/10/19','fmDD/MM/RR'),'2','PABLOCESPEDES','INS');
Insert into CENTRO_AYUDA.CA_HISTORIAL_CAMBIO (ID_HIST_CAM,INCIDENCIA_ID,PERSONAL_ID,CAMPO,EST_ANT,EST_SIG,FECHA,TIPO,USER_WEB,OPERACION) values ('232','67','1','ADJUNTO','41','ADJUNTO ELIMINADO',to_date('22/10/19','fmDD/MM/RR'),'1','PABLOCESPEDES','DEL');
Insert into CENTRO_AYUDA.CA_HISTORIAL_CAMBIO (ID_HIST_CAM,INCIDENCIA_ID,PERSONAL_ID,CAMPO,EST_ANT,EST_SIG,FECHA,TIPO,USER_WEB,OPERACION) values ('233','67','1','COMENTARIO','l','ELIMINADO',to_date('22/10/19','fmDD/MM/RR'),'2','PABLOCESPEDES','DEL');
Insert into CENTRO_AYUDA.CA_HISTORIAL_CAMBIO (ID_HIST_CAM,INCIDENCIA_ID,PERSONAL_ID,CAMPO,EST_ANT,EST_SIG,FECHA,TIPO,USER_WEB,OPERACION) values ('234','67','1','ADJUNTO','42','ADJUNTO ELIMINADO',to_date('22/10/19','fmDD/MM/RR'),'2','PABLOCESPEDES','DEL');
Insert into CENTRO_AYUDA.CA_HISTORIAL_CAMBIO (ID_HIST_CAM,INCIDENCIA_ID,PERSONAL_ID,CAMPO,EST_ANT,EST_SIG,FECHA,TIPO,USER_WEB,OPERACION) values ('235','67','1','COMENTARIO','a','ELIMINADO',to_date('22/10/19','fmDD/MM/RR'),'1','PABLOCESPEDES','DEL');
Insert into CENTRO_AYUDA.CA_HISTORIAL_CAMBIO (ID_HIST_CAM,INCIDENCIA_ID,PERSONAL_ID,CAMPO,EST_ANT,EST_SIG,FECHA,TIPO,USER_WEB,OPERACION) values ('236','67','1','COMENTARIO','img','ELIMINADO',to_date('22/10/19','fmDD/MM/RR'),'1','PABLOCESPEDES','DEL');
Insert into CENTRO_AYUDA.CA_HISTORIAL_CAMBIO (ID_HIST_CAM,INCIDENCIA_ID,PERSONAL_ID,CAMPO,EST_ANT,EST_SIG,FECHA,TIPO,USER_WEB,OPERACION) values ('237','67','1','COMENTARIO','DNS','ELIMINADO',to_date('22/10/19','fmDD/MM/RR'),'2','PABLOCESPEDES','DEL');
Insert into CENTRO_AYUDA.CA_HISTORIAL_CAMBIO (ID_HIST_CAM,INCIDENCIA_ID,PERSONAL_ID,CAMPO,EST_ANT,EST_SIG,FECHA,TIPO,USER_WEB,OPERACION) values ('238','67','1','COMENTARIO','Investiga','ELIMINADO',to_date('22/10/19','fmDD/MM/RR'),'2','PABLOCESPEDES','DEL');
Insert into CENTRO_AYUDA.CA_HISTORIAL_CAMBIO (ID_HIST_CAM,INCIDENCIA_ID,PERSONAL_ID,CAMPO,EST_ANT,EST_SIG,FECHA,TIPO,USER_WEB,OPERACION) values ('239','67','1','COMENTARIO','Comentando con el cliente editado','ELIMINADO',to_date('22/10/19','fmDD/MM/RR'),'1','PABLOCESPEDES','DEL');
Insert into CENTRO_AYUDA.CA_HISTORIAL_CAMBIO (ID_HIST_CAM,INCIDENCIA_ID,PERSONAL_ID,CAMPO,EST_ANT,EST_SIG,FECHA,TIPO,USER_WEB,OPERACION) values ('240','67','1','COMENTARIO','Comentario interno','ELIMINADO',to_date('22/10/19','fmDD/MM/RR'),'2','PABLOCESPEDES','DEL');
Insert into CENTRO_AYUDA.CA_HISTORIAL_CAMBIO (ID_HIST_CAM,INCIDENCIA_ID,PERSONAL_ID,CAMPO,EST_ANT,EST_SIG,FECHA,TIPO,USER_WEB,OPERACION) values ('241','67','1','COMENTARIO',null,'p',to_date('22/10/19','fmDD/MM/RR'),'1','PABLOCESPEDES','INS');
Insert into CENTRO_AYUDA.CA_HISTORIAL_CAMBIO (ID_HIST_CAM,INCIDENCIA_ID,PERSONAL_ID,CAMPO,EST_ANT,EST_SIG,FECHA,TIPO,USER_WEB,OPERACION) values ('242','67','1','ADJUNTO',null,'84',to_date('22/10/19','fmDD/MM/RR'),'1','PABLOCESPEDES','INS');
Insert into CENTRO_AYUDA.CA_HISTORIAL_CAMBIO (ID_HIST_CAM,INCIDENCIA_ID,PERSONAL_ID,CAMPO,EST_ANT,EST_SIG,FECHA,TIPO,USER_WEB,OPERACION) values ('27','67','1','INCIDENCIA','CREADO','CREADO',to_date('20/10/19','fmDD/MM/RR'),null,'PABLOCESPEDES','INS');
Insert into CENTRO_AYUDA.CA_HISTORIAL_CAMBIO (ID_HIST_CAM,INCIDENCIA_ID,PERSONAL_ID,CAMPO,EST_ANT,EST_SIG,FECHA,TIPO,USER_WEB,OPERACION) values ('41','67','1','TITULO','Prueba','Prueba Informatica',to_date('20/10/19','fmDD/MM/RR'),'1','PABLOCESPEDES','UPD');
Insert into CENTRO_AYUDA.CA_HISTORIAL_CAMBIO (ID_HIST_CAM,INCIDENCIA_ID,PERSONAL_ID,CAMPO,EST_ANT,EST_SIG,FECHA,TIPO,USER_WEB,OPERACION) values ('42','67','1','APLICACION',null,'1',to_date('20/10/19','fmDD/MM/RR'),null,'PABLOCESPEDES','UPD');
Insert into CENTRO_AYUDA.CA_HISTORIAL_CAMBIO (ID_HIST_CAM,INCIDENCIA_ID,PERSONAL_ID,CAMPO,EST_ANT,EST_SIG,FECHA,TIPO,USER_WEB,OPERACION) values ('43','67','1','TIPO_INCI_ID','1','2',to_date('20/10/19','fmDD/MM/RR'),'2','PABLOCESPEDES','UPD');
Insert into CENTRO_AYUDA.CA_HISTORIAL_CAMBIO (ID_HIST_CAM,INCIDENCIA_ID,PERSONAL_ID,CAMPO,EST_ANT,EST_SIG,FECHA,TIPO,USER_WEB,OPERACION) values ('44','67','1','CATEGORIA_ID',null,'2',to_date('20/10/19','fmDD/MM/RR'),'2','PABLOCESPEDES','UPD');
Insert into CENTRO_AYUDA.CA_HISTORIAL_CAMBIO (ID_HIST_CAM,INCIDENCIA_ID,PERSONAL_ID,CAMPO,EST_ANT,EST_SIG,FECHA,TIPO,USER_WEB,OPERACION) values ('45','67','1','TIPO_INCI_ID','2','1',to_date('20/10/19','fmDD/MM/RR'),'2','PABLOCESPEDES','UPD');
Insert into CENTRO_AYUDA.CA_HISTORIAL_CAMBIO (ID_HIST_CAM,INCIDENCIA_ID,PERSONAL_ID,CAMPO,EST_ANT,EST_SIG,FECHA,TIPO,USER_WEB,OPERACION) values ('46','67','1','CATEGORIA_ID',null,'1',to_date('20/10/19','fmDD/MM/RR'),'2','PABLOCESPEDES','UPD');
Insert into CENTRO_AYUDA.CA_HISTORIAL_CAMBIO (ID_HIST_CAM,INCIDENCIA_ID,PERSONAL_ID,CAMPO,EST_ANT,EST_SIG,FECHA,TIPO,USER_WEB,OPERACION) values ('47','67','1','PRIORIDAD_ID','6','1',to_date('20/10/19','fmDD/MM/RR'),'2','PABLOCESPEDES','UPD');
Insert into CENTRO_AYUDA.CA_HISTORIAL_CAMBIO (ID_HIST_CAM,INCIDENCIA_ID,PERSONAL_ID,CAMPO,EST_ANT,EST_SIG,FECHA,TIPO,USER_WEB,OPERACION) values ('48','67','1','CAN_COMU_ID','2','3',to_date('20/10/19','fmDD/MM/RR'),'2','PABLOCESPEDES','UPD');
Insert into CENTRO_AYUDA.CA_HISTORIAL_CAMBIO (ID_HIST_CAM,INCIDENCIA_ID,PERSONAL_ID,CAMPO,EST_ANT,EST_SIG,FECHA,TIPO,USER_WEB,OPERACION) values ('49','67','1','COMPLEJIDAD_ID','3','2',to_date('20/10/19','fmDD/MM/RR'),'2','PABLOCESPEDES','UPD');
Insert into CENTRO_AYUDA.CA_HISTORIAL_CAMBIO (ID_HIST_CAM,INCIDENCIA_ID,PERSONAL_ID,CAMPO,EST_ANT,EST_SIG,FECHA,TIPO,USER_WEB,OPERACION) values ('50','67','1','DESCRIPCION','Prueba','Descripci&oacute;n editada de prueba',to_date('20/10/19','fmDD/MM/RR'),'1','PABLOCESPEDES','UPD');
Insert into CENTRO_AYUDA.CA_HISTORIAL_CAMBIO (ID_HIST_CAM,INCIDENCIA_ID,PERSONAL_ID,CAMPO,EST_ANT,EST_SIG,FECHA,TIPO,USER_WEB,OPERACION) values ('52','67','1','COMENTARIO',null,'Comentando con el cliente',to_date('20/10/19','fmDD/MM/RR'),'1','PABLOCESPEDES','INS');
Insert into CENTRO_AYUDA.CA_HISTORIAL_CAMBIO (ID_HIST_CAM,INCIDENCIA_ID,PERSONAL_ID,CAMPO,EST_ANT,EST_SIG,FECHA,TIPO,USER_WEB,OPERACION) values ('61','67','1','COMENTARIO','Comentando con el cliente','Comentando con el cliente editado',to_date('20/10/19','fmDD/MM/RR'),'1','PABLOCESPEDES','UPD');
Insert into CENTRO_AYUDA.CA_HISTORIAL_CAMBIO (ID_HIST_CAM,INCIDENCIA_ID,PERSONAL_ID,CAMPO,EST_ANT,EST_SIG,FECHA,TIPO,USER_WEB,OPERACION) values ('62','67','1','COMENTARIO',null,'Comentario interno',to_date('20/10/19','fmDD/MM/RR'),'2','PABLOCESPEDES','INS');
Insert into CENTRO_AYUDA.CA_HISTORIAL_CAMBIO (ID_HIST_CAM,INCIDENCIA_ID,PERSONAL_ID,CAMPO,EST_ANT,EST_SIG,FECHA,TIPO,USER_WEB,OPERACION) values ('63','67','1','COMENTARIO',null,'Investiga',to_date('20/10/19','fmDD/MM/RR'),'2','PABLOCESPEDES','INS');
Insert into CENTRO_AYUDA.CA_HISTORIAL_CAMBIO (ID_HIST_CAM,INCIDENCIA_ID,PERSONAL_ID,CAMPO,EST_ANT,EST_SIG,FECHA,TIPO,USER_WEB,OPERACION) values ('64','67','1','ADJUNTO',null,'1',to_date('20/10/19','fmDD/MM/RR'),'2','PABLOCESPEDES','INS');
Insert into CENTRO_AYUDA.CA_HISTORIAL_CAMBIO (ID_HIST_CAM,INCIDENCIA_ID,PERSONAL_ID,CAMPO,EST_ANT,EST_SIG,FECHA,TIPO,USER_WEB,OPERACION) values ('65','67','1','ESTADO_ID','41','43',to_date('20/10/19','fmDD/MM/RR'),'1','PABLOCESPEDES','UPD');
Insert into CENTRO_AYUDA.CA_HISTORIAL_CAMBIO (ID_HIST_CAM,INCIDENCIA_ID,PERSONAL_ID,CAMPO,EST_ANT,EST_SIG,FECHA,TIPO,USER_WEB,OPERACION) values ('66','67','1','COMENTARIO',null,'DNS',to_date('20/10/19','fmDD/MM/RR'),'2','PABLOCESPEDES','INS');
Insert into CENTRO_AYUDA.CA_HISTORIAL_CAMBIO (ID_HIST_CAM,INCIDENCIA_ID,PERSONAL_ID,CAMPO,EST_ANT,EST_SIG,FECHA,TIPO,USER_WEB,OPERACION) values ('67','67','1','ADJUNTO',null,'21',to_date('20/10/19','fmDD/MM/RR'),'2','PABLOCESPEDES','INS');
Insert into CENTRO_AYUDA.CA_HISTORIAL_CAMBIO (ID_HIST_CAM,INCIDENCIA_ID,PERSONAL_ID,CAMPO,EST_ANT,EST_SIG,FECHA,TIPO,USER_WEB,OPERACION) values ('68','67','1','COMENTARIO',null,'img',to_date('20/10/19','fmDD/MM/RR'),'1','PABLOCESPEDES','INS');
Insert into CENTRO_AYUDA.CA_HISTORIAL_CAMBIO (ID_HIST_CAM,INCIDENCIA_ID,PERSONAL_ID,CAMPO,EST_ANT,EST_SIG,FECHA,TIPO,USER_WEB,OPERACION) values ('69','67','1','ADJUNTO',null,'22',to_date('20/10/19','fmDD/MM/RR'),'1','PABLOCESPEDES','INS');
Insert into CENTRO_AYUDA.CA_HISTORIAL_CAMBIO (ID_HIST_CAM,INCIDENCIA_ID,PERSONAL_ID,CAMPO,EST_ANT,EST_SIG,FECHA,TIPO,USER_WEB,OPERACION) values ('81','67','1','ADJUNTO','22','ADJUNTO ELIMINADO',to_date('20/10/19','fmDD/MM/RR'),'1','PABLOCESPEDES','DEL');
Insert into CENTRO_AYUDA.CA_HISTORIAL_CAMBIO (ID_HIST_CAM,INCIDENCIA_ID,PERSONAL_ID,CAMPO,EST_ANT,EST_SIG,FECHA,TIPO,USER_WEB,OPERACION) values ('82','67','1','ADJUNTO','21','ADJUNTO ELIMINADO',to_date('20/10/19','fmDD/MM/RR'),'2','PABLOCESPEDES','DEL');
Insert into CENTRO_AYUDA.CA_HISTORIAL_CAMBIO (ID_HIST_CAM,INCIDENCIA_ID,PERSONAL_ID,CAMPO,EST_ANT,EST_SIG,FECHA,TIPO,USER_WEB,OPERACION) values ('101','67','1','ADJUNTO','1','ADJUNTO ELIMINADO',to_date('20/10/19','fmDD/MM/RR'),'2','PABLOCESPEDES','DEL');
Insert into CENTRO_AYUDA.CA_HISTORIAL_CAMBIO (ID_HIST_CAM,INCIDENCIA_ID,PERSONAL_ID,CAMPO,EST_ANT,EST_SIG,FECHA,TIPO,USER_WEB,OPERACION) values ('102','67','1','COMENTARIO',null,'a',to_date('20/10/19','fmDD/MM/RR'),'1','PABLOCESPEDES','INS');
Insert into CENTRO_AYUDA.CA_HISTORIAL_CAMBIO (ID_HIST_CAM,INCIDENCIA_ID,PERSONAL_ID,CAMPO,EST_ANT,EST_SIG,FECHA,TIPO,USER_WEB,OPERACION) values ('103','67','1','ADJUNTO',null,'41',to_date('20/10/19','fmDD/MM/RR'),'1','PABLOCESPEDES','INS');
Insert into CENTRO_AYUDA.CA_HISTORIAL_CAMBIO (ID_HIST_CAM,INCIDENCIA_ID,PERSONAL_ID,CAMPO,EST_ANT,EST_SIG,FECHA,TIPO,USER_WEB,OPERACION) values ('104','67','1','COMENTARIO',null,'l',to_date('20/10/19','fmDD/MM/RR'),'2','PABLOCESPEDES','INS');
Insert into CENTRO_AYUDA.CA_HISTORIAL_CAMBIO (ID_HIST_CAM,INCIDENCIA_ID,PERSONAL_ID,CAMPO,EST_ANT,EST_SIG,FECHA,TIPO,USER_WEB,OPERACION) values ('105','67','1','ADJUNTO',null,'42',to_date('20/10/19','fmDD/MM/RR'),'2','PABLOCESPEDES','INS');
Insert into CENTRO_AYUDA.CA_HISTORIAL_CAMBIO (ID_HIST_CAM,INCIDENCIA_ID,PERSONAL_ID,CAMPO,EST_ANT,EST_SIG,FECHA,TIPO,USER_WEB,OPERACION) values ('106','67','1','REGISTRO_DE_TRABAJO_CREADO','CREADO','Una hora de trabajo',to_date('20/10/19','fmDD/MM/RR'),null,'PABLOCESPEDES','INS');
Insert into CENTRO_AYUDA.CA_HISTORIAL_CAMBIO (ID_HIST_CAM,INCIDENCIA_ID,PERSONAL_ID,CAMPO,EST_ANT,EST_SIG,FECHA,TIPO,USER_WEB,OPERACION) values ('107','67','1','RT_DESC','Una hora de trabajo','Una hora de trabajo hoy',to_date('20/10/19','fmDD/MM/RR'),null,'PABLOCESPEDES','UPD');
Insert into CENTRO_AYUDA.CA_HISTORIAL_CAMBIO (ID_HIST_CAM,INCIDENCIA_ID,PERSONAL_ID,CAMPO,EST_ANT,EST_SIG,FECHA,TIPO,USER_WEB,OPERACION) values ('108','67','1','CLIENTE_ID','8','1',to_date('20/10/19','fmDD/MM/RR'),'1','PABLOCESPEDES','UPD');
Insert into CENTRO_AYUDA.CA_HISTORIAL_CAMBIO (ID_HIST_CAM,INCIDENCIA_ID,PERSONAL_ID,CAMPO,EST_ANT,EST_SIG,FECHA,TIPO,USER_WEB,OPERACION) values ('109','67','1','RESPONSABLE_ID','1','8',to_date('20/10/19','fmDD/MM/RR'),'1','PABLOCESPEDES','UPD');
Insert into CENTRO_AYUDA.CA_HISTORIAL_CAMBIO (ID_HIST_CAM,INCIDENCIA_ID,PERSONAL_ID,CAMPO,EST_ANT,EST_SIG,FECHA,TIPO,USER_WEB,OPERACION) values ('110','67','1','RESPONSABLE_ID','8','1',to_date('20/10/19','fmDD/MM/RR'),'1','PABLOCESPEDES','UPD');
Insert into CENTRO_AYUDA.CA_HISTORIAL_CAMBIO (ID_HIST_CAM,INCIDENCIA_ID,PERSONAL_ID,CAMPO,EST_ANT,EST_SIG,FECHA,TIPO,USER_WEB,OPERACION) values ('261','67','1','COMENTARIO',null,'prueba',to_date('23/10/19','fmDD/MM/RR'),'2','PABLOCESPEDES','INS');
Insert into CENTRO_AYUDA.CA_HISTORIAL_CAMBIO (ID_HIST_CAM,INCIDENCIA_ID,PERSONAL_ID,CAMPO,EST_ANT,EST_SIG,FECHA,TIPO,USER_WEB,OPERACION) values ('262','67','1','ADJUNTO',null,'101',to_date('23/10/19','fmDD/MM/RR'),'2','PABLOCESPEDES','INS');
Insert into CENTRO_AYUDA.CA_HISTORIAL_CAMBIO (ID_HIST_CAM,INCIDENCIA_ID,PERSONAL_ID,CAMPO,EST_ANT,EST_SIG,FECHA,TIPO,USER_WEB,OPERACION) values ('263','67','1','ADJUNTO','101','ADJUNTO ELIMINADO',to_date('23/10/19','fmDD/MM/RR'),'2','PABLOCESPEDES','DEL');
Insert into CENTRO_AYUDA.CA_HISTORIAL_CAMBIO (ID_HIST_CAM,INCIDENCIA_ID,PERSONAL_ID,CAMPO,EST_ANT,EST_SIG,FECHA,TIPO,USER_WEB,OPERACION) values ('264','67','1','COMENTARIO','prueba','ELIMINADO',to_date('23/10/19','fmDD/MM/RR'),'2','PABLOCESPEDES','DEL');
Insert into CENTRO_AYUDA.CA_HISTORIAL_CAMBIO (ID_HIST_CAM,INCIDENCIA_ID,PERSONAL_ID,CAMPO,EST_ANT,EST_SIG,FECHA,TIPO,USER_WEB,OPERACION) values ('281','101','1','INCIDENCIA','CREADO','CREADO',to_date('23/10/19','fmDD/MM/RR'),null,'PABLOCESPEDES','INS');
REM INSERTING into CENTRO_AYUDA.CA_ICONOS
SET DEFINE OFF;
Insert into CENTRO_AYUDA.CA_ICONOS (ICON_ID,DESCRIPCION,GRUPO,USER_WEB) values ('29','<i class="fa fa-cloud-arrow-down tpx cnaranja"></i>','CATEGORIA_INCIDENCIA','PABLOCESPEDES');
Insert into CENTRO_AYUDA.CA_ICONOS (ICON_ID,DESCRIPCION,GRUPO,USER_WEB) values ('30','<i class="sahr sah-user-plus tpx cverde"></i>','CATEGORIA_INCIDENCIA','PABLOCESPEDES');
Insert into CENTRO_AYUDA.CA_ICONOS (ICON_ID,DESCRIPCION,GRUPO,USER_WEB) values ('31','<i class="sahl sah-desktop-alt tpx clila"></i>','CATEGORIA_INCIDENCIA','PABLOCESPEDES');
Insert into CENTRO_AYUDA.CA_ICONOS (ICON_ID,DESCRIPCION,GRUPO,USER_WEB) values ('32','<i class="sahl sah-envelope tpx camarillo"></i>','CATEGORIA_INCIDENCIA','PABLOCESPEDES');
Insert into CENTRO_AYUDA.CA_ICONOS (ICON_ID,DESCRIPCION,GRUPO,USER_WEB) values ('33','<i class="fa fa-padlock tpx cnaranja"></i>','CATEGORIA_INCIDENCIA','PABLOCESPEDES');
Insert into CENTRO_AYUDA.CA_ICONOS (ICON_ID,DESCRIPCION,GRUPO,USER_WEB) values ('45','<i class="fa fa-angle-double-down bajo"></i>','PRIORIDADES','PABLOCESPEDES');
Insert into CENTRO_AYUDA.CA_ICONOS (ICON_ID,DESCRIPCION,GRUPO,USER_WEB) values ('46','<i class="fa fa-long-arrow-down menor"></i>','PRIORIDADES','PABLOCESPEDES');
Insert into CENTRO_AYUDA.CA_ICONOS (ICON_ID,DESCRIPCION,GRUPO,USER_WEB) values ('47','<i class="fa fa-arrow-circle-up alto"></i>','PRIORIDADES','PABLOCESPEDES');
Insert into CENTRO_AYUDA.CA_ICONOS (ICON_ID,DESCRIPCION,GRUPO,USER_WEB) values ('105','<span class="fa fa-code todo celeste_oscuro"></span>','TIPO_INCIDENCIA','PABLOCESPEDES');
Insert into CENTRO_AYUDA.CA_ICONOS (ICON_ID,DESCRIPCION,GRUPO,USER_WEB) values ('99','<i class="fa fa-list-alt todo lila"></i>','TIPO_INCIDENCIA',null);
Insert into CENTRO_AYUDA.CA_ICONOS (ICON_ID,DESCRIPCION,GRUPO,USER_WEB) values ('101','<i class="fa fa-laptop todo naranja"></i>','TIPO_INCIDENCIA','PABLOCESPEDES');
Insert into CENTRO_AYUDA.CA_ICONOS (ICON_ID,DESCRIPCION,GRUPO,USER_WEB) values ('102','<i class="fa fa-comment todo verde"></i>','TIPO_INCIDENCIA','PABLOCESPEDES');
Insert into CENTRO_AYUDA.CA_ICONOS (ICON_ID,DESCRIPCION,GRUPO,USER_WEB) values ('106','<i class="fa fa-lightbulb-o todo amarillo"></i>','TIPO_INCIDENCIA','PABLOCESPEDES');
Insert into CENTRO_AYUDA.CA_ICONOS (ICON_ID,DESCRIPCION,GRUPO,USER_WEB) values ('104','<i class="fa fa-folder-network todo celeste_oscuro"></i>','TIPO_INCIDENCIA','PABLOCESPEDES');
Insert into CENTRO_AYUDA.CA_ICONOS (ICON_ID,DESCRIPCION,GRUPO,USER_WEB) values ('108','<i class="fa fa-stop-circle todo gris"></i>','TIPO_INCIDENCIA','PABLOCESPEDES');
Insert into CENTRO_AYUDA.CA_ICONOS (ICON_ID,DESCRIPCION,GRUPO,USER_WEB) values ('110','<i class="fa fa-plus todo verde"></i>','TIPO_INCIDENCIA','PABLOCESPEDES');
Insert into CENTRO_AYUDA.CA_ICONOS (ICON_ID,DESCRIPCION,GRUPO,USER_WEB) values ('112','<i class="fa fa-question todo verde"></i>','TIPO_INCIDENCIA','PABLOCESPEDES');
Insert into CENTRO_AYUDA.CA_ICONOS (ICON_ID,DESCRIPCION,GRUPO,USER_WEB) values ('113','<i class="fa fa-check-circle-o todo lila"></i>','TIPO_INCIDENCIA','PABLOCESPEDES');
Insert into CENTRO_AYUDA.CA_ICONOS (ICON_ID,DESCRIPCION,GRUPO,USER_WEB) values ('114','<i class="fa fa-bookmark todo verde"></i>','TIPO_INCIDENCIA','PABLOCESPEDES');
Insert into CENTRO_AYUDA.CA_ICONOS (ICON_ID,DESCRIPCION,GRUPO,USER_WEB) values ('115','<i class="fa fa-bolt todo lila"></i>','TIPO_INCIDENCIA','PABLOCESPEDES');
Insert into CENTRO_AYUDA.CA_ICONOS (ICON_ID,DESCRIPCION,GRUPO,USER_WEB) values ('117','<i class="fa fa-arrow-up todo verde"></i>','TIPO_INCIDENCIA','PABLOCESPEDES');
Insert into CENTRO_AYUDA.CA_ICONOS (ICON_ID,DESCRIPCION,GRUPO,USER_WEB) values ('118','<i class="fa fa-heart todo celeste_oscuro"></i>','TIPO_INCIDENCIA','PABLOCESPEDES');
Insert into CENTRO_AYUDA.CA_ICONOS (ICON_ID,DESCRIPCION,GRUPO,USER_WEB) values ('119','<i class="fa fa-exclamation todo naranja"></i>','TIPO_INCIDENCIA','PABLOCESPEDES');
Insert into CENTRO_AYUDA.CA_ICONOS (ICON_ID,DESCRIPCION,GRUPO,USER_WEB) values ('121','<i class="fa fa-clone todo celeste_oscuro"></i>','TIPO_INCIDENCIA','PABLOCESPEDES');
Insert into CENTRO_AYUDA.CA_ICONOS (ICON_ID,DESCRIPCION,GRUPO,USER_WEB) values ('122','<i class="fa fa-line-area-chart todo naranja"></i>','TIPO_INCIDENCIA','PABLOCESPEDES');
Insert into CENTRO_AYUDA.CA_ICONOS (ICON_ID,DESCRIPCION,GRUPO,USER_WEB) values ('123','<i class="sahs sah-phone-office cazul"></i>','CANAL_COMUNICACION','PABLOCESPEDES');
Insert into CENTRO_AYUDA.CA_ICONOS (ICON_ID,DESCRIPCION,GRUPO,USER_WEB) values ('124','<i class="sahr sah-envelope cnegro"></i>','CANAL_COMUNICACION','PABLOCESPEDES');
Insert into CENTRO_AYUDA.CA_ICONOS (ICON_ID,DESCRIPCION,GRUPO,USER_WEB) values ('125','<i class="sahl sah-mobile-android-alt cnaranja"></i>','CANAL_COMUNICACION','PABLOCESPEDES');
Insert into CENTRO_AYUDA.CA_ICONOS (ICON_ID,DESCRIPCION,GRUPO,USER_WEB) values ('126','<i class="fa fa-users-chat crojo"></i>','CANAL_COMUNICACION','PABLOCESPEDES');
Insert into CENTRO_AYUDA.CA_ICONOS (ICON_ID,DESCRIPCION,GRUPO,USER_WEB) values ('127','<i class="sahr sah-laptop-code todo celeste_oscuro"></i>','TIPO_INCIDENCIA','PABLOCESPEDES');
Insert into CENTRO_AYUDA.CA_ICONOS (ICON_ID,DESCRIPCION,GRUPO,USER_WEB) values ('128','<i class="sahr sah-sort-amount-down cazul"></i>','COMPLEJIDAD','PABLOCESPEDES');
Insert into CENTRO_AYUDA.CA_ICONOS (ICON_ID,DESCRIPCION,GRUPO,USER_WEB) values ('131','<i class="sahl sah-compress-arrows-alt cnegro"></i>','COMPLEJIDAD','PABLOCESPEDES');
Insert into CENTRO_AYUDA.CA_ICONOS (ICON_ID,DESCRIPCION,GRUPO,USER_WEB) values ('132','<i class="sahl sah-grin tpx cverde"></i>','SATISFACCION','PABLOCESPEDES');
Insert into CENTRO_AYUDA.CA_ICONOS (ICON_ID,DESCRIPCION,GRUPO,USER_WEB) values ('133','<i class="sahl sah-frown tpx crojo"></i>','SATISFACCION','PABLOCESPEDES');
Insert into CENTRO_AYUDA.CA_ICONOS (ICON_ID,DESCRIPCION,GRUPO,USER_WEB) values ('177','<i class="sahl sah-download cnegro descarga" title="Descargar archivo"></i>',null,'PABLOCESPEDES');
Insert into CENTRO_AYUDA.CA_ICONOS (ICON_ID,DESCRIPCION,GRUPO,USER_WEB) values ('217','<i class="sahr sah-project-diagram"></i>',null,'PABLOCESPEDES');
Insert into CENTRO_AYUDA.CA_ICONOS (ICON_ID,DESCRIPCION,GRUPO,USER_WEB) values ('284','<i class="sahd sah-tv-retro tpx crojo"></i>','CATEGORIA_INCIDENCIA','PABLOCESPEDES');
Insert into CENTRO_AYUDA.CA_ICONOS (ICON_ID,DESCRIPCION,GRUPO,USER_WEB) values ('337','<i class="sahd sah-mobile-android-alt tpx clila"></i>','CATEGORIA_INCIDENCIA','PABLOCESPEDES');
Insert into CENTRO_AYUDA.CA_ICONOS (ICON_ID,DESCRIPCION,GRUPO,USER_WEB) values ('39','<i class="fa fa-arrow-up super_alta"></i>','PRIORIDADES','PABLOCESPEDES');
Insert into CENTRO_AYUDA.CA_ICONOS (ICON_ID,DESCRIPCION,GRUPO,USER_WEB) values ('41','<i class="fa fa-arrow-up mediano"></i>','PRIORIDADES','PABLOCESPEDES');
Insert into CENTRO_AYUDA.CA_ICONOS (ICON_ID,DESCRIPCION,GRUPO,USER_WEB) values ('43','<i class="fa fa-arrow-down super_baja"></i>','PRIORIDADES','PABLOCESPEDES');
Insert into CENTRO_AYUDA.CA_ICONOS (ICON_ID,DESCRIPCION,GRUPO,USER_WEB) values ('77','<i class="sahl sah-bug tpx crojo"></i>','CATEGORIA_INCIDENCIA','PABLOCESPEDES');
Insert into CENTRO_AYUDA.CA_ICONOS (ICON_ID,DESCRIPCION,GRUPO,USER_WEB) values ('78','<i class="sahr sah-comments-dollar tpx cnegro"></i>','CATEGORIA_INCIDENCIA','PABLOCESPEDES');
Insert into CENTRO_AYUDA.CA_ICONOS (ICON_ID,DESCRIPCION,GRUPO,USER_WEB) values ('111','<i class="fa fa-minus todo verde"></i>','TIPO_INCIDENCIA','PABLOCESPEDES');
Insert into CENTRO_AYUDA.CA_ICONOS (ICON_ID,DESCRIPCION,GRUPO,USER_WEB) values ('100','<i class="fa fa-line-area-chart todo naranja"></i>','TIPO_INCIDENCIA',null);
Insert into CENTRO_AYUDA.CA_ICONOS (ICON_ID,DESCRIPCION,GRUPO,USER_WEB) values ('107','<i class="fa fa-lock-password todo amarillo"></i>','TIPO_INCIDENCIA','PABLOCESPEDES');
Insert into CENTRO_AYUDA.CA_ICONOS (ICON_ID,DESCRIPCION,GRUPO,USER_WEB) values ('109','<i class="fa fa-check todo celeste_oscuro"></i>','TIPO_INCIDENCIA','PABLOCESPEDES');
Insert into CENTRO_AYUDA.CA_ICONOS (ICON_ID,DESCRIPCION,GRUPO,USER_WEB) values ('116','<i class="fa fa-usd todo verde"></i>','TIPO_INCIDENCIA','PABLOCESPEDES');
Insert into CENTRO_AYUDA.CA_ICONOS (ICON_ID,DESCRIPCION,GRUPO,USER_WEB) values ('120','<i class="fa fa-stop-circle todo naranja"></i>','TIPO_INCIDENCIA','PABLOCESPEDES');
Insert into CENTRO_AYUDA.CA_ICONOS (ICON_ID,DESCRIPCION,GRUPO,USER_WEB) values ('129','<i class="sahr sah-sort-amount-up crojo"></i>','COMPLEJIDAD','PABLOCESPEDES');
Insert into CENTRO_AYUDA.CA_ICONOS (ICON_ID,DESCRIPCION,GRUPO,USER_WEB) values ('130','<i class="sahr sah-arrows-alt-h cnaranja"></i>','COMPLEJIDAD','PABLOCESPEDES');
Insert into CENTRO_AYUDA.CA_ICONOS (ICON_ID,DESCRIPCION,GRUPO,USER_WEB) values ('134','<i class="sahl sah-meh tpx cnaranja"></i>','SATISFACCION','EDGARSTREULI');
Insert into CENTRO_AYUDA.CA_ICONOS (ICON_ID,DESCRIPCION,GRUPO,USER_WEB) values ('137','<i class="sahr sah-compress-alt tpx cnegro"></i>','CATEGORIA_INCIDENCIA','PABLOCESPEDES');
Insert into CENTRO_AYUDA.CA_ICONOS (ICON_ID,DESCRIPCION,GRUPO,USER_WEB) values ('278','<i class="sahd sah-file-spreadsheet cverde tpx"></i>',null,'PABLOCESPEDES');
Insert into CENTRO_AYUDA.CA_ICONOS (ICON_ID,DESCRIPCION,GRUPO,USER_WEB) values ('281','<i class="sahd sah-video-plus tpx cnegro"></i>','CATEGORIA_INCIDENCIA','PABLOCESPEDES');
Insert into CENTRO_AYUDA.CA_ICONOS (ICON_ID,DESCRIPCION,GRUPO,USER_WEB) values ('1','<i class="fa fa-plus-circle-o tpx cverde"></i>','CATEGORIA_INCIDENCIA','PABLOCESPEDES');
Insert into CENTRO_AYUDA.CA_ICONOS (ICON_ID,DESCRIPCION,GRUPO,USER_WEB) values ('2','<i class="sahs sah-satellite-dish tpx cnaranja"></i>','CATEGORIA_INCIDENCIA','PABLOCESPEDES');
Insert into CENTRO_AYUDA.CA_ICONOS (ICON_ID,DESCRIPCION,GRUPO,USER_WEB) values ('3','<i class="fa fa-gift tpx cnaranja"></i>','CATEGORIA_INCIDENCIA','PABLOCESPEDES');
Insert into CENTRO_AYUDA.CA_ICONOS (ICON_ID,DESCRIPCION,GRUPO,USER_WEB) values ('4','<i class="sahr sah-calendar-alt tpx cnaranja"></i>','CATEGORIA_INCIDENCIA','PABLOCESPEDES');
Insert into CENTRO_AYUDA.CA_ICONOS (ICON_ID,DESCRIPCION,GRUPO,USER_WEB) values ('5','<i class="fa fa-book tpx crojo"></i>','CATEGORIA_INCIDENCIA','PABLOCESPEDES');
Insert into CENTRO_AYUDA.CA_ICONOS (ICON_ID,DESCRIPCION,GRUPO,USER_WEB) values ('6','<i class="sahr sah-user-friends tpx cverde"></i>','CATEGORIA_INCIDENCIA','PABLOCESPEDES');
Insert into CENTRO_AYUDA.CA_ICONOS (ICON_ID,DESCRIPCION,GRUPO,USER_WEB) values ('7','<i class="sahd sah-camera-retro cmarron tpx"></i>',null,'PABLOCESPEDES');
Insert into CENTRO_AYUDA.CA_ICONOS (ICON_ID,DESCRIPCION,GRUPO,USER_WEB) values ('8','<i class="fa fa-heart-o tpx crojo"></i>','CATEGORIA_INCIDENCIA','PABLOCESPEDES');
Insert into CENTRO_AYUDA.CA_ICONOS (ICON_ID,DESCRIPCION,GRUPO,USER_WEB) values ('9','<i class="sahd sah-lightbulb tpx camarillo"></i>','CATEGORIA_INCIDENCIA','PABLOCESPEDES');
Insert into CENTRO_AYUDA.CA_ICONOS (ICON_ID,DESCRIPCION,GRUPO,USER_WEB) values ('10','<i class="fa fa-home tpx crojo"></i>','CATEGORIA_INCIDENCIA','PABLOCESPEDES');
Insert into CENTRO_AYUDA.CA_ICONOS (ICON_ID,DESCRIPCION,GRUPO,USER_WEB) values ('11','<i class="fa fa-credit-card tpx cverde"></i>','CATEGORIA_INCIDENCIA','PABLOCESPEDES');
Insert into CENTRO_AYUDA.CA_ICONOS (ICON_ID,DESCRIPCION,GRUPO,USER_WEB) values ('12','<i class="sahr sah-dollar-sign tpx clila"></i>','CATEGORIA_INCIDENCIA','PABLOCESPEDES');
Insert into CENTRO_AYUDA.CA_ICONOS (ICON_ID,DESCRIPCION,GRUPO,USER_WEB) values ('13','<i class="sahr sah-map-marker-alt tpx crojo"></i>','CATEGORIA_INCIDENCIA','PABLOCESPEDES');
Insert into CENTRO_AYUDA.CA_ICONOS (ICON_ID,DESCRIPCION,GRUPO,USER_WEB) values ('14','<i class="fa fa-taxi tpx camarillo"></i>','CATEGORIA_INCIDENCIA','PABLOCESPEDES');
Insert into CENTRO_AYUDA.CA_ICONOS (ICON_ID,DESCRIPCION,GRUPO,USER_WEB) values ('15','<i class="sahr sah-plane tpx cverde"></i>','CATEGORIA_INCIDENCIA','PABLOCESPEDES');
Insert into CENTRO_AYUDA.CA_ICONOS (ICON_ID,DESCRIPCION,GRUPO,USER_WEB) values ('16','<i class="sahl sah-database tpx cnaranja"></i>','CATEGORIA_INCIDENCIA','PABLOCESPEDES');
Insert into CENTRO_AYUDA.CA_ICONOS (ICON_ID,DESCRIPCION,GRUPO,USER_WEB) values ('17','<i class="fa fa-volume-up tpx clila"></i>','CATEGORIA_INCIDENCIA','PABLOCESPEDES');
Insert into CENTRO_AYUDA.CA_ICONOS (ICON_ID,DESCRIPCION,GRUPO,USER_WEB) values ('18','<i class="fa fa-mobile tpx clila"></i>','CATEGORIA_INCIDENCIA','PABLOCESPEDES');
Insert into CENTRO_AYUDA.CA_ICONOS (ICON_ID,DESCRIPCION,GRUPO,USER_WEB) values ('19','<i class="sahl sah-keyboard tpx crojo"></i>','CATEGORIA_INCIDENCIA','PABLOCESPEDES');
Insert into CENTRO_AYUDA.CA_ICONOS (ICON_ID,DESCRIPCION,GRUPO,USER_WEB) values ('20','<i class="fa fa-code tpx crojo"></i>','CATEGORIA_INCIDENCIA','PABLOCESPEDES');
Insert into CENTRO_AYUDA.CA_ICONOS (ICON_ID,DESCRIPCION,GRUPO,USER_WEB) values ('21','<i class="sahb sah-hubspot tpx camarillo"></i>','CATEGORIA_INCIDENCIA','PABLOCESPEDES');
Insert into CENTRO_AYUDA.CA_ICONOS (ICON_ID,DESCRIPCION,GRUPO,USER_WEB) values ('22','<i class="fa fa-cloud-arrow-up tpx crojo"></i>','CATEGORIA_INCIDENCIA','PABLOCESPEDES');
Insert into CENTRO_AYUDA.CA_ICONOS (ICON_ID,DESCRIPCION,GRUPO,USER_WEB) values ('23','<i class="fa fa-power-off tpx cverde"></i>','CATEGORIA_INCIDENCIA','PABLOCESPEDES');
Insert into CENTRO_AYUDA.CA_ICONOS (ICON_ID,DESCRIPCION,GRUPO,USER_WEB) values ('24','<i class="sahl sah-headset tpx cnaranja"></i>','CATEGORIA_INCIDENCIA','PABLOCESPEDES');
Insert into CENTRO_AYUDA.CA_ICONOS (ICON_ID,DESCRIPCION,GRUPO,USER_WEB) values ('25','<i class="sahr sah-cogs tpx clila"></i>','CATEGORIA_INCIDENCIA','PABLOCESPEDES');
Insert into CENTRO_AYUDA.CA_ICONOS (ICON_ID,DESCRIPCION,GRUPO,USER_WEB) values ('26','<i class="sahl sah-sync-alt tpx cverde"></i>','CATEGORIA_INCIDENCIA','PABLOCESPEDES');
Insert into CENTRO_AYUDA.CA_ICONOS (ICON_ID,DESCRIPCION,GRUPO,USER_WEB) values ('27','<i class="fa fa-wifi tpx cnaranja"></i>','CATEGORIA_INCIDENCIA','PABLOCESPEDES');
Insert into CENTRO_AYUDA.CA_ICONOS (ICON_ID,DESCRIPCION,GRUPO,USER_WEB) values ('28','<i class="sahl sah-wrench tpx cverde"></i>','CATEGORIA_INCIDENCIA','PABLOCESPEDES');
Insert into CENTRO_AYUDA.CA_ICONOS (ICON_ID,DESCRIPCION,GRUPO,USER_WEB) values ('34','<i class="sahl sah-print tpx cazul"></i>','CATEGORIA_INCIDENCIA','PABLOCESPEDES');
Insert into CENTRO_AYUDA.CA_ICONOS (ICON_ID,DESCRIPCION,GRUPO,USER_WEB) values ('35','<i class="sahl sah-compact-disc tpx cnaranja"></i>','CATEGORIA_INCIDENCIA','PABLOCESPEDES');
Insert into CENTRO_AYUDA.CA_ICONOS (ICON_ID,DESCRIPCION,GRUPO,USER_WEB) values ('36','<i class="sahd sah-couch tpx cverde"></i>','CATEGORIA_INCIDENCIA','PABLOCESPEDES');
Insert into CENTRO_AYUDA.CA_ICONOS (ICON_ID,DESCRIPCION,GRUPO,USER_WEB) values ('37','<i class="sahs sah-ban fa-flip-vertical bloqueador"></i>','PRIORIDADES','EDGARSTREULI');
Insert into CENTRO_AYUDA.CA_ICONOS (ICON_ID,DESCRIPCION,GRUPO,USER_WEB) values ('44','<i class="fa fa-angle-double-up medio"></i>','PRIORIDADES','PABLOCESPEDES');
Insert into CENTRO_AYUDA.CA_ICONOS (ICON_ID,DESCRIPCION,GRUPO,USER_WEB) values ('40','<i class="fa fa-arrow-up alta"></i>','PRIORIDADES','PABLOCESPEDES');
Insert into CENTRO_AYUDA.CA_ICONOS (ICON_ID,DESCRIPCION,GRUPO,USER_WEB) values ('42','<i class="fa fa-arrow-down baja"></i>','PRIORIDADES','PABLOCESPEDES');
Insert into CENTRO_AYUDA.CA_ICONOS (ICON_ID,DESCRIPCION,GRUPO,USER_WEB) values ('157','<i class="sahd sah-file-code clila tpx center"></i>',null,'PABLOCESPEDES');
Insert into CENTRO_AYUDA.CA_ICONOS (ICON_ID,DESCRIPCION,GRUPO,USER_WEB) values ('158','<i class="sahd sah-file-csv cverde tpx"></i>',null,'PABLOCESPEDES');
Insert into CENTRO_AYUDA.CA_ICONOS (ICON_ID,DESCRIPCION,GRUPO,USER_WEB) values ('159','<i class="sahd sah-file-word  cceleste tpx"></i>',null,'PABLOCESPEDES');
Insert into CENTRO_AYUDA.CA_ICONOS (ICON_ID,DESCRIPCION,GRUPO,USER_WEB) values ('160','<i class="sahd sah-file-powerpoint cnaranja tpx"></i>',null,'PABLOCESPEDES');
Insert into CENTRO_AYUDA.CA_ICONOS (ICON_ID,DESCRIPCION,GRUPO,USER_WEB) values ('161','<i class="sahd sah-file-pdf crojo tpx"></i>',null,'PABLOCESPEDES');
Insert into CENTRO_AYUDA.CA_ICONOS (ICON_ID,DESCRIPCION,GRUPO,USER_WEB) values ('162','<i class="sahd sah-file-alt cnegro tpx"></i>',null,'PABLOCESPEDES');
Insert into CENTRO_AYUDA.CA_ICONOS (ICON_ID,DESCRIPCION,GRUPO,USER_WEB) values ('163','<i class="sahd sah-file-archive cmarron tpx"></i>',null,'PABLOCESPEDES');
Insert into CENTRO_AYUDA.CA_ICONOS (ICON_ID,DESCRIPCION,GRUPO,USER_WEB) values ('239','<i class="sahl sah-user-tag cazul"></i>','CANAL_COMUNICACION','PABLOCESPEDES');
Insert into CENTRO_AYUDA.CA_ICONOS (ICON_ID,DESCRIPCION,GRUPO,USER_WEB) values ('257','<i class="sahb sah-whatsapp cverde"></i>','CANAL_COMUNICACION','PABLOCESPEDES');
Insert into CENTRO_AYUDA.CA_ICONOS (ICON_ID,DESCRIPCION,GRUPO,USER_WEB) values ('258','<i class="sahl sah-sms cnegro"></i>','CANAL_COMUNICACION','PABLOCESPEDES');
Insert into CENTRO_AYUDA.CA_ICONOS (ICON_ID,DESCRIPCION,GRUPO,USER_WEB) values ('277','<i class="sahd sah-file-excel cverde tpx"></i>',null,'PABLOCESPEDES');
Insert into CENTRO_AYUDA.CA_ICONOS (ICON_ID,DESCRIPCION,GRUPO,USER_WEB) values ('279','<i class="sahd sah-file-alt cceleste tpx"></i>',null,'PABLOCESPEDES');
Insert into CENTRO_AYUDA.CA_ICONOS (ICON_ID,DESCRIPCION,GRUPO,USER_WEB) values ('280','<i class="sahl sah-file-chart-pie cnaranja tpx"></i>','INDEFINIDO','PABLOCESPEDES');
Insert into CENTRO_AYUDA.CA_ICONOS (ICON_ID,DESCRIPCION,GRUPO,USER_WEB) values ('282','<i class="sahr sah-video tpx cnegro"></i>','CATEGORIA_INCIDENCIA','PABLOCESPEDES');
Insert into CENTRO_AYUDA.CA_ICONOS (ICON_ID,DESCRIPCION,GRUPO,USER_WEB) values ('283','<i class="sahl sah-tty tpx crojo"></i>','CATEGORIA_INCIDENCIA','PABLOCESPEDES');
Insert into CENTRO_AYUDA.CA_ICONOS (ICON_ID,DESCRIPCION,GRUPO,USER_WEB) values ('285','<i class="sahl sah-microchip todo amarillo"></i>','TIPO_INCIDENCIA','PABLOCESPEDES');
Insert into CENTRO_AYUDA.CA_ICONOS (ICON_ID,DESCRIPCION,GRUPO,USER_WEB) values ('297','<i class="fa fa-question cverde"></i>','PRIORIDADES','PABLOCESPEDES');
Insert into CENTRO_AYUDA.CA_ICONOS (ICON_ID,DESCRIPCION,GRUPO,USER_WEB) values ('298','<i class="fa fa-check-circle-o cverde"></i>','PRIORIDADES','PABLOCESPEDES');
Insert into CENTRO_AYUDA.CA_ICONOS (ICON_ID,DESCRIPCION,GRUPO,USER_WEB) values ('238','<i class="sahl sah-user-shield cazul"></i>','CANAL_COMUNICACION','PABLOCESPEDES');
Insert into CENTRO_AYUDA.CA_ICONOS (ICON_ID,DESCRIPCION,GRUPO,USER_WEB) values ('57','<i class="sahr sah-broadcast-tower tpx cnaranja"></i>','CATEGORIA_INCIDENCIA','PABLOCESPEDES');
Insert into CENTRO_AYUDA.CA_ICONOS (ICON_ID,DESCRIPCION,GRUPO,USER_WEB) values ('197','<img src="#APP_IMAGES#noimage.png" class="estiloAdjunto" title="Adjuto Eliminado"></img>',null,'PABLOCESPEDES');
REM INSERTING into CENTRO_AYUDA.CA_ICONOS_JN
SET DEFINE OFF;
REM INSERTING into CENTRO_AYUDA.CA_INCIDENCIA
SET DEFINE OFF;
Insert into CENTRO_AYUDA.CA_INCIDENCIA (ID_INCIDENCIA,INFORMADOR_ID,RESPONSABLE_ID,CLIENTE_ID,CAN_COMU_ID,CATEGORIA_ID,TIPO_INCI_ID,PRIORIDAD_ID,PROYECTO_ID,ESTADO_ID,COMPLEJIDAD_ID,SATISFACCION_ID,TITULO,DESCRIPCION,FECHA,RESOLUCION,USER_WEB,CLAVE_CONTADOR,APLICACION_ID,FECHA_CIERRE,APROBADO,FECHA_APROBACION,APROBADO_POR) values ('81','1',null,'1','5','1','1','1','1','41','4',null,'Prueba Cliente','Es una prueba cliente nomas',to_date('21/10/19','fmDD/MM/RR'),'NO','PABLOCESPEDES','2','1',null,null,null,null);
Insert into CENTRO_AYUDA.CA_INCIDENCIA (ID_INCIDENCIA,INFORMADOR_ID,RESPONSABLE_ID,CLIENTE_ID,CAN_COMU_ID,CATEGORIA_ID,TIPO_INCI_ID,PRIORIDAD_ID,PROYECTO_ID,ESTADO_ID,COMPLEJIDAD_ID,SATISFACCION_ID,TITULO,DESCRIPCION,FECHA,RESOLUCION,USER_WEB,CLAVE_CONTADOR,APLICACION_ID,FECHA_CIERRE,APROBADO,FECHA_APROBACION,APROBADO_POR) values ('67','1','1','1','3','1','1','1','1','43','2',null,'Prueba Informatica','Descripci&oacute;n editada de prueba',to_date('20/10/19','fmDD/MM/RR'),'NO','PABLOCESPEDES','1','1',null,null,null,null);
Insert into CENTRO_AYUDA.CA_INCIDENCIA (ID_INCIDENCIA,INFORMADOR_ID,RESPONSABLE_ID,CLIENTE_ID,CAN_COMU_ID,CATEGORIA_ID,TIPO_INCI_ID,PRIORIDAD_ID,PROYECTO_ID,ESTADO_ID,COMPLEJIDAD_ID,SATISFACCION_ID,TITULO,DESCRIPCION,FECHA,RESOLUCION,USER_WEB,CLAVE_CONTADOR,APLICACION_ID,FECHA_CIERRE,APROBADO,FECHA_APROBACION,APROBADO_POR) values ('101','1',null,'1','5','1','1','1','1','41','4',null,'prueba','prueba',to_date('23/10/19','fmDD/MM/RR'),'NO','PABLOCESPEDES','3','1',null,null,null,null);
REM INSERTING into CENTRO_AYUDA.CA_INCIDENCIA_JN
SET DEFINE OFF;
Insert into CENTRO_AYUDA.CA_INCIDENCIA_JN (ID_INCIDENCIA,INFORMADOR_ID,RESPONSABLE_ID,CLIENTE_ID,CAN_COMU_ID,CATEGORIA_ID,TIPO_INCI_ID,PRIORIDAD_ID,PROYECTO_ID,ESTADO_ID,COMPLEJIDAD_ID,SATISFACCION_ID,TITULO,DESCRIPCION,FECHA,RESOLUCION,JN_OPERATION,JN_DATETIME,USER_WEB,CLAVE_CONTADOR,APLICACION_ID,FECHA_CIERRE,APROBADO,FECHA_APROBACION,APROBADO_POR) values ('81','1',null,'1','5','1','1','1','1','41','4',null,'Prueba Cliente','Es una prueba cliente nomas',to_date('21/10/19','fmDD/MM/RR'),'NO','INS',to_date('21/10/19','fmDD/MM/RR'),'PABLOCESPEDES','2','1',null,null,null,null);
Insert into CENTRO_AYUDA.CA_INCIDENCIA_JN (ID_INCIDENCIA,INFORMADOR_ID,RESPONSABLE_ID,CLIENTE_ID,CAN_COMU_ID,CATEGORIA_ID,TIPO_INCI_ID,PRIORIDAD_ID,PROYECTO_ID,ESTADO_ID,COMPLEJIDAD_ID,SATISFACCION_ID,TITULO,DESCRIPCION,FECHA,RESOLUCION,JN_OPERATION,JN_DATETIME,USER_WEB,CLAVE_CONTADOR,APLICACION_ID,FECHA_CIERRE,APROBADO,FECHA_APROBACION,APROBADO_POR) values ('22','1','1','8','1','1','1','6','1','41','4',null,'Prueba','Prueba',to_date('20/10/19','fmDD/MM/RR'),null,'DEL',to_date('20/10/19','fmDD/MM/RR'),'PABLOCESPEDES','1','1',null,null,null,null);
Insert into CENTRO_AYUDA.CA_INCIDENCIA_JN (ID_INCIDENCIA,INFORMADOR_ID,RESPONSABLE_ID,CLIENTE_ID,CAN_COMU_ID,CATEGORIA_ID,TIPO_INCI_ID,PRIORIDAD_ID,PROYECTO_ID,ESTADO_ID,COMPLEJIDAD_ID,SATISFACCION_ID,TITULO,DESCRIPCION,FECHA,RESOLUCION,JN_OPERATION,JN_DATETIME,USER_WEB,CLAVE_CONTADOR,APLICACION_ID,FECHA_CIERRE,APROBADO,FECHA_APROBACION,APROBADO_POR) values ('81','1','1','1','5','1','1','1','1','41','4',null,'Prueba Cliente','Es una prueba cliente nomas',to_date('21/10/19','fmDD/MM/RR'),'NO','UPD',to_date('22/10/19','fmDD/MM/RR'),'PABLOCESPEDES','2','1',null,null,null,null);
Insert into CENTRO_AYUDA.CA_INCIDENCIA_JN (ID_INCIDENCIA,INFORMADOR_ID,RESPONSABLE_ID,CLIENTE_ID,CAN_COMU_ID,CATEGORIA_ID,TIPO_INCI_ID,PRIORIDAD_ID,PROYECTO_ID,ESTADO_ID,COMPLEJIDAD_ID,SATISFACCION_ID,TITULO,DESCRIPCION,FECHA,RESOLUCION,JN_OPERATION,JN_DATETIME,USER_WEB,CLAVE_CONTADOR,APLICACION_ID,FECHA_CIERRE,APROBADO,FECHA_APROBACION,APROBADO_POR) values ('81','1',null,'1','5','1','1','1','1','41','4',null,'Prueba Cliente','Es una prueba cliente nomas',to_date('21/10/19','fmDD/MM/RR'),'NO','UPD',to_date('22/10/19','fmDD/MM/RR'),'PABLOCESPEDES','2','1',null,null,null,null);
Insert into CENTRO_AYUDA.CA_INCIDENCIA_JN (ID_INCIDENCIA,INFORMADOR_ID,RESPONSABLE_ID,CLIENTE_ID,CAN_COMU_ID,CATEGORIA_ID,TIPO_INCI_ID,PRIORIDAD_ID,PROYECTO_ID,ESTADO_ID,COMPLEJIDAD_ID,SATISFACCION_ID,TITULO,DESCRIPCION,FECHA,RESOLUCION,JN_OPERATION,JN_DATETIME,USER_WEB,CLAVE_CONTADOR,APLICACION_ID,FECHA_CIERRE,APROBADO,FECHA_APROBACION,APROBADO_POR) values ('81','1','1','1','5','1','1','1','1','41','4',null,'Prueba Cliente','Es una prueba cliente nomas',to_date('21/10/19','fmDD/MM/RR'),'NO','UPD',to_date('22/10/19','fmDD/MM/RR'),'PABLOCESPEDES','2','1',null,null,null,null);
Insert into CENTRO_AYUDA.CA_INCIDENCIA_JN (ID_INCIDENCIA,INFORMADOR_ID,RESPONSABLE_ID,CLIENTE_ID,CAN_COMU_ID,CATEGORIA_ID,TIPO_INCI_ID,PRIORIDAD_ID,PROYECTO_ID,ESTADO_ID,COMPLEJIDAD_ID,SATISFACCION_ID,TITULO,DESCRIPCION,FECHA,RESOLUCION,JN_OPERATION,JN_DATETIME,USER_WEB,CLAVE_CONTADOR,APLICACION_ID,FECHA_CIERRE,APROBADO,FECHA_APROBACION,APROBADO_POR) values ('81','1',null,'1','5','1','1','1','1','41','4',null,'Prueba Cliente','Es una prueba cliente nomas',to_date('21/10/19','fmDD/MM/RR'),'NO','UPD',to_date('22/10/19','fmDD/MM/RR'),'PABLOCESPEDES','2','1',null,null,null,null);
Insert into CENTRO_AYUDA.CA_INCIDENCIA_JN (ID_INCIDENCIA,INFORMADOR_ID,RESPONSABLE_ID,CLIENTE_ID,CAN_COMU_ID,CATEGORIA_ID,TIPO_INCI_ID,PRIORIDAD_ID,PROYECTO_ID,ESTADO_ID,COMPLEJIDAD_ID,SATISFACCION_ID,TITULO,DESCRIPCION,FECHA,RESOLUCION,JN_OPERATION,JN_DATETIME,USER_WEB,CLAVE_CONTADOR,APLICACION_ID,FECHA_CIERRE,APROBADO,FECHA_APROBACION,APROBADO_POR) values ('67','1','1','8','2','1','1','6','1','41','3',null,'Prueba','Prueba',to_date('20/10/19','fmDD/MM/RR'),'NO','INS',to_date('20/10/19','fmDD/MM/RR'),'PABLOCESPEDES','1',null,null,null,null,null);
Insert into CENTRO_AYUDA.CA_INCIDENCIA_JN (ID_INCIDENCIA,INFORMADOR_ID,RESPONSABLE_ID,CLIENTE_ID,CAN_COMU_ID,CATEGORIA_ID,TIPO_INCI_ID,PRIORIDAD_ID,PROYECTO_ID,ESTADO_ID,COMPLEJIDAD_ID,SATISFACCION_ID,TITULO,DESCRIPCION,FECHA,RESOLUCION,JN_OPERATION,JN_DATETIME,USER_WEB,CLAVE_CONTADOR,APLICACION_ID,FECHA_CIERRE,APROBADO,FECHA_APROBACION,APROBADO_POR) values ('67','1','1','8','2','1','1','6','1','41','3',null,'Prueba Informatica','Prueba',to_date('20/10/19','fmDD/MM/RR'),'NO','UPD',to_date('20/10/19','fmDD/MM/RR'),'PABLOCESPEDES','1',null,null,null,null,null);
Insert into CENTRO_AYUDA.CA_INCIDENCIA_JN (ID_INCIDENCIA,INFORMADOR_ID,RESPONSABLE_ID,CLIENTE_ID,CAN_COMU_ID,CATEGORIA_ID,TIPO_INCI_ID,PRIORIDAD_ID,PROYECTO_ID,ESTADO_ID,COMPLEJIDAD_ID,SATISFACCION_ID,TITULO,DESCRIPCION,FECHA,RESOLUCION,JN_OPERATION,JN_DATETIME,USER_WEB,CLAVE_CONTADOR,APLICACION_ID,FECHA_CIERRE,APROBADO,FECHA_APROBACION,APROBADO_POR) values ('67','1','1','8','2','1','1','6','1','41','3',null,'Prueba Informatica','Prueba',to_date('20/10/19','fmDD/MM/RR'),'NO','UPD',to_date('20/10/19','fmDD/MM/RR'),'PABLOCESPEDES','1','1',null,null,null,null);
Insert into CENTRO_AYUDA.CA_INCIDENCIA_JN (ID_INCIDENCIA,INFORMADOR_ID,RESPONSABLE_ID,CLIENTE_ID,CAN_COMU_ID,CATEGORIA_ID,TIPO_INCI_ID,PRIORIDAD_ID,PROYECTO_ID,ESTADO_ID,COMPLEJIDAD_ID,SATISFACCION_ID,TITULO,DESCRIPCION,FECHA,RESOLUCION,JN_OPERATION,JN_DATETIME,USER_WEB,CLAVE_CONTADOR,APLICACION_ID,FECHA_CIERRE,APROBADO,FECHA_APROBACION,APROBADO_POR) values ('67','1','1','8','2',null,'2','6','1','41','3',null,'Prueba Informatica','Prueba',to_date('20/10/19','fmDD/MM/RR'),'NO','UPD',to_date('20/10/19','fmDD/MM/RR'),'PABLOCESPEDES','1','1',null,null,null,null);
Insert into CENTRO_AYUDA.CA_INCIDENCIA_JN (ID_INCIDENCIA,INFORMADOR_ID,RESPONSABLE_ID,CLIENTE_ID,CAN_COMU_ID,CATEGORIA_ID,TIPO_INCI_ID,PRIORIDAD_ID,PROYECTO_ID,ESTADO_ID,COMPLEJIDAD_ID,SATISFACCION_ID,TITULO,DESCRIPCION,FECHA,RESOLUCION,JN_OPERATION,JN_DATETIME,USER_WEB,CLAVE_CONTADOR,APLICACION_ID,FECHA_CIERRE,APROBADO,FECHA_APROBACION,APROBADO_POR) values ('67','1','1','8','2','2','2','6','1','41','3',null,'Prueba Informatica','Prueba',to_date('20/10/19','fmDD/MM/RR'),'NO','UPD',to_date('20/10/19','fmDD/MM/RR'),'PABLOCESPEDES','1','1',null,null,null,null);
Insert into CENTRO_AYUDA.CA_INCIDENCIA_JN (ID_INCIDENCIA,INFORMADOR_ID,RESPONSABLE_ID,CLIENTE_ID,CAN_COMU_ID,CATEGORIA_ID,TIPO_INCI_ID,PRIORIDAD_ID,PROYECTO_ID,ESTADO_ID,COMPLEJIDAD_ID,SATISFACCION_ID,TITULO,DESCRIPCION,FECHA,RESOLUCION,JN_OPERATION,JN_DATETIME,USER_WEB,CLAVE_CONTADOR,APLICACION_ID,FECHA_CIERRE,APROBADO,FECHA_APROBACION,APROBADO_POR) values ('67','1','1','8','2',null,'1','6','1','41','3',null,'Prueba Informatica','Prueba',to_date('20/10/19','fmDD/MM/RR'),'NO','UPD',to_date('20/10/19','fmDD/MM/RR'),'PABLOCESPEDES','1','1',null,null,null,null);
Insert into CENTRO_AYUDA.CA_INCIDENCIA_JN (ID_INCIDENCIA,INFORMADOR_ID,RESPONSABLE_ID,CLIENTE_ID,CAN_COMU_ID,CATEGORIA_ID,TIPO_INCI_ID,PRIORIDAD_ID,PROYECTO_ID,ESTADO_ID,COMPLEJIDAD_ID,SATISFACCION_ID,TITULO,DESCRIPCION,FECHA,RESOLUCION,JN_OPERATION,JN_DATETIME,USER_WEB,CLAVE_CONTADOR,APLICACION_ID,FECHA_CIERRE,APROBADO,FECHA_APROBACION,APROBADO_POR) values ('67','1','1','8','2','1','1','6','1','41','3',null,'Prueba Informatica','Prueba',to_date('20/10/19','fmDD/MM/RR'),'NO','UPD',to_date('20/10/19','fmDD/MM/RR'),'PABLOCESPEDES','1','1',null,null,null,null);
Insert into CENTRO_AYUDA.CA_INCIDENCIA_JN (ID_INCIDENCIA,INFORMADOR_ID,RESPONSABLE_ID,CLIENTE_ID,CAN_COMU_ID,CATEGORIA_ID,TIPO_INCI_ID,PRIORIDAD_ID,PROYECTO_ID,ESTADO_ID,COMPLEJIDAD_ID,SATISFACCION_ID,TITULO,DESCRIPCION,FECHA,RESOLUCION,JN_OPERATION,JN_DATETIME,USER_WEB,CLAVE_CONTADOR,APLICACION_ID,FECHA_CIERRE,APROBADO,FECHA_APROBACION,APROBADO_POR) values ('67','1','1','8','2','1','1','1','1','41','3',null,'Prueba Informatica','Prueba',to_date('20/10/19','fmDD/MM/RR'),'NO','UPD',to_date('20/10/19','fmDD/MM/RR'),'PABLOCESPEDES','1','1',null,null,null,null);
Insert into CENTRO_AYUDA.CA_INCIDENCIA_JN (ID_INCIDENCIA,INFORMADOR_ID,RESPONSABLE_ID,CLIENTE_ID,CAN_COMU_ID,CATEGORIA_ID,TIPO_INCI_ID,PRIORIDAD_ID,PROYECTO_ID,ESTADO_ID,COMPLEJIDAD_ID,SATISFACCION_ID,TITULO,DESCRIPCION,FECHA,RESOLUCION,JN_OPERATION,JN_DATETIME,USER_WEB,CLAVE_CONTADOR,APLICACION_ID,FECHA_CIERRE,APROBADO,FECHA_APROBACION,APROBADO_POR) values ('67','1','1','8','3','1','1','1','1','41','3',null,'Prueba Informatica','Prueba',to_date('20/10/19','fmDD/MM/RR'),'NO','UPD',to_date('20/10/19','fmDD/MM/RR'),'PABLOCESPEDES','1','1',null,null,null,null);
Insert into CENTRO_AYUDA.CA_INCIDENCIA_JN (ID_INCIDENCIA,INFORMADOR_ID,RESPONSABLE_ID,CLIENTE_ID,CAN_COMU_ID,CATEGORIA_ID,TIPO_INCI_ID,PRIORIDAD_ID,PROYECTO_ID,ESTADO_ID,COMPLEJIDAD_ID,SATISFACCION_ID,TITULO,DESCRIPCION,FECHA,RESOLUCION,JN_OPERATION,JN_DATETIME,USER_WEB,CLAVE_CONTADOR,APLICACION_ID,FECHA_CIERRE,APROBADO,FECHA_APROBACION,APROBADO_POR) values ('67','1','1','8','3','1','1','1','1','41','2',null,'Prueba Informatica','Prueba',to_date('20/10/19','fmDD/MM/RR'),'NO','UPD',to_date('20/10/19','fmDD/MM/RR'),'PABLOCESPEDES','1','1',null,null,null,null);
Insert into CENTRO_AYUDA.CA_INCIDENCIA_JN (ID_INCIDENCIA,INFORMADOR_ID,RESPONSABLE_ID,CLIENTE_ID,CAN_COMU_ID,CATEGORIA_ID,TIPO_INCI_ID,PRIORIDAD_ID,PROYECTO_ID,ESTADO_ID,COMPLEJIDAD_ID,SATISFACCION_ID,TITULO,DESCRIPCION,FECHA,RESOLUCION,JN_OPERATION,JN_DATETIME,USER_WEB,CLAVE_CONTADOR,APLICACION_ID,FECHA_CIERRE,APROBADO,FECHA_APROBACION,APROBADO_POR) values ('67','1','1','8','3','1','1','1','1','41','2',null,'Prueba Informatica','Descripci&oacute;n editada de prueba',to_date('20/10/19','fmDD/MM/RR'),'NO','UPD',to_date('20/10/19','fmDD/MM/RR'),'PABLOCESPEDES','1','1',null,null,null,null);
Insert into CENTRO_AYUDA.CA_INCIDENCIA_JN (ID_INCIDENCIA,INFORMADOR_ID,RESPONSABLE_ID,CLIENTE_ID,CAN_COMU_ID,CATEGORIA_ID,TIPO_INCI_ID,PRIORIDAD_ID,PROYECTO_ID,ESTADO_ID,COMPLEJIDAD_ID,SATISFACCION_ID,TITULO,DESCRIPCION,FECHA,RESOLUCION,JN_OPERATION,JN_DATETIME,USER_WEB,CLAVE_CONTADOR,APLICACION_ID,FECHA_CIERRE,APROBADO,FECHA_APROBACION,APROBADO_POR) values ('67','1','1','8','3','1','1','1','1','43','2',null,'Prueba Informatica','Descripci&oacute;n editada de prueba',to_date('20/10/19','fmDD/MM/RR'),'NO','UPD',to_date('20/10/19','fmDD/MM/RR'),'PABLOCESPEDES','1','1',null,null,null,null);
Insert into CENTRO_AYUDA.CA_INCIDENCIA_JN (ID_INCIDENCIA,INFORMADOR_ID,RESPONSABLE_ID,CLIENTE_ID,CAN_COMU_ID,CATEGORIA_ID,TIPO_INCI_ID,PRIORIDAD_ID,PROYECTO_ID,ESTADO_ID,COMPLEJIDAD_ID,SATISFACCION_ID,TITULO,DESCRIPCION,FECHA,RESOLUCION,JN_OPERATION,JN_DATETIME,USER_WEB,CLAVE_CONTADOR,APLICACION_ID,FECHA_CIERRE,APROBADO,FECHA_APROBACION,APROBADO_POR) values ('67','1','1','1','3','1','1','1','1','43','2',null,'Prueba Informatica','Descripci&oacute;n editada de prueba',to_date('20/10/19','fmDD/MM/RR'),'NO','UPD',to_date('20/10/19','fmDD/MM/RR'),'PABLOCESPEDES','1','1',null,null,null,null);
Insert into CENTRO_AYUDA.CA_INCIDENCIA_JN (ID_INCIDENCIA,INFORMADOR_ID,RESPONSABLE_ID,CLIENTE_ID,CAN_COMU_ID,CATEGORIA_ID,TIPO_INCI_ID,PRIORIDAD_ID,PROYECTO_ID,ESTADO_ID,COMPLEJIDAD_ID,SATISFACCION_ID,TITULO,DESCRIPCION,FECHA,RESOLUCION,JN_OPERATION,JN_DATETIME,USER_WEB,CLAVE_CONTADOR,APLICACION_ID,FECHA_CIERRE,APROBADO,FECHA_APROBACION,APROBADO_POR) values ('67','1','8','1','3','1','1','1','1','43','2',null,'Prueba Informatica','Descripci&oacute;n editada de prueba',to_date('20/10/19','fmDD/MM/RR'),'NO','UPD',to_date('20/10/19','fmDD/MM/RR'),'PABLOCESPEDES','1','1',null,null,null,null);
Insert into CENTRO_AYUDA.CA_INCIDENCIA_JN (ID_INCIDENCIA,INFORMADOR_ID,RESPONSABLE_ID,CLIENTE_ID,CAN_COMU_ID,CATEGORIA_ID,TIPO_INCI_ID,PRIORIDAD_ID,PROYECTO_ID,ESTADO_ID,COMPLEJIDAD_ID,SATISFACCION_ID,TITULO,DESCRIPCION,FECHA,RESOLUCION,JN_OPERATION,JN_DATETIME,USER_WEB,CLAVE_CONTADOR,APLICACION_ID,FECHA_CIERRE,APROBADO,FECHA_APROBACION,APROBADO_POR) values ('67','1','1','1','3','1','1','1','1','43','2',null,'Prueba Informatica','Descripci&oacute;n editada de prueba',to_date('20/10/19','fmDD/MM/RR'),'NO','UPD',to_date('20/10/19','fmDD/MM/RR'),'PABLOCESPEDES','1','1',null,null,null,null);
Insert into CENTRO_AYUDA.CA_INCIDENCIA_JN (ID_INCIDENCIA,INFORMADOR_ID,RESPONSABLE_ID,CLIENTE_ID,CAN_COMU_ID,CATEGORIA_ID,TIPO_INCI_ID,PRIORIDAD_ID,PROYECTO_ID,ESTADO_ID,COMPLEJIDAD_ID,SATISFACCION_ID,TITULO,DESCRIPCION,FECHA,RESOLUCION,JN_OPERATION,JN_DATETIME,USER_WEB,CLAVE_CONTADOR,APLICACION_ID,FECHA_CIERRE,APROBADO,FECHA_APROBACION,APROBADO_POR) values ('101','1',null,'1','5','1','1','1','1','41','4',null,'prueba','prueba',to_date('23/10/19','fmDD/MM/RR'),'NO','INS',to_date('23/10/19','fmDD/MM/RR'),'PABLOCESPEDES','3','1',null,null,null,null);
REM INSERTING into CENTRO_AYUDA.CA_META
SET DEFINE OFF;
REM INSERTING into CENTRO_AYUDA.CA_META_JN
SET DEFINE OFF;
REM INSERTING into CENTRO_AYUDA.CA_PRIORIDAD
SET DEFINE OFF;
Insert into CENTRO_AYUDA.CA_PRIORIDAD (ID_PRIORIDAD,DESCRIPCION,NIVEL,USER_WEB,ICON_ID) values ('1','Indefinido','0','PABLOCESPEDES','297');
Insert into CENTRO_AYUDA.CA_PRIORIDAD (ID_PRIORIDAD,DESCRIPCION,NIVEL,USER_WEB,ICON_ID) values ('2','Problema serio que podra bloquear el trabajo.','1','PABLOCESPEDES','37');
Insert into CENTRO_AYUDA.CA_PRIORIDAD (ID_PRIORIDAD,DESCRIPCION,NIVEL,USER_WEB,ICON_ID) values ('3','Tiene potencial de afectar el trabajo.','2','PABLOCESPEDES','39');
Insert into CENTRO_AYUDA.CA_PRIORIDAD (ID_PRIORIDAD,DESCRIPCION,NIVEL,USER_WEB,ICON_ID) values ('4','ste problema bloquea el trabajo.','3','PABLOCESPEDES','47');
Insert into CENTRO_AYUDA.CA_PRIORIDAD (ID_PRIORIDAD,DESCRIPCION,NIVEL,USER_WEB,ICON_ID) values ('5','Tiene potencial de afectar el trabajo.','4','PABLOCESPEDES','41');
Insert into CENTRO_AYUDA.CA_PRIORIDAD (ID_PRIORIDAD,DESCRIPCION,NIVEL,USER_WEB,ICON_ID) values ('6','Problema menor, o que fcilmente se puede una forma diferente de realizar el trabajo.','5','PABLOCESPEDES','43');
Insert into CENTRO_AYUDA.CA_PRIORIDAD (ID_PRIORIDAD,DESCRIPCION,NIVEL,USER_WEB,ICON_ID) values ('7','Problema trivial sin o casi sin impacto en el trabajo.','6','PABLOCESPEDES','45');
REM INSERTING into CENTRO_AYUDA.CA_PRIORIDAD_JN
SET DEFINE OFF;
REM INSERTING into CENTRO_AYUDA.CA_PROYECTO
SET DEFINE OFF;
Insert into CENTRO_AYUDA.CA_PROYECTO (ID_PROYECTO,NOMBRE,CLAVE,USER_WEB,DEPART_ID,SECCION_ID) values ('2','ELECTROMEDICINA','ELE','PABLOCESPEDES','9','1');
Insert into CENTRO_AYUDA.CA_PROYECTO (ID_PROYECTO,NOMBRE,CLAVE,USER_WEB,DEPART_ID,SECCION_ID) values ('22','MANTENIMIENTO','MAN','PABLOCESPEDES','5','1');
Insert into CENTRO_AYUDA.CA_PROYECTO (ID_PROYECTO,NOMBRE,CLAVE,USER_WEB,DEPART_ID,SECCION_ID) values ('1','SISTEMAS','SIS',null,'8','1');
REM INSERTING into CENTRO_AYUDA.CA_PROYECTO_JN
SET DEFINE OFF;
REM INSERTING into CENTRO_AYUDA.CA_PROYECTO_PRINCIPAL
SET DEFINE OFF;
Insert into CENTRO_AYUDA.CA_PROYECTO_PRINCIPAL (PERSONAL_ID,PROYECTO_ID,USER_WEB,APP_ID) values ('203','1',null,'100');
REM INSERTING into CENTRO_AYUDA.CA_PROYECTO_PRINCIPAL_JN
SET DEFINE OFF;
REM INSERTING into CENTRO_AYUDA.CA_ROLES
SET DEFINE OFF;
Insert into CENTRO_AYUDA.CA_ROLES (ID,RETURN,OBS) values ('35','CLIENTE','Cliente de las dems aplicaciones');
Insert into CENTRO_AYUDA.CA_ROLES (ID,RETURN,OBS) values ('36','GERENTE','Gerencia de la organizacin');
Insert into CENTRO_AYUDA.CA_ROLES (ID,RETURN,OBS) values ('1','SUPERUSUARIO','SUPER USUARIO');
Insert into CENTRO_AYUDA.CA_ROLES (ID,RETURN,OBS) values ('2','COORDINADOR','COORDINADOR');
Insert into CENTRO_AYUDA.CA_ROLES (ID,RETURN,OBS) values ('3','TECNICO','TECNICO');
Insert into CENTRO_AYUDA.CA_ROLES (ID,RETURN,OBS) values ('4','SUPERVISOR','SUPERVISOR');
REM INSERTING into CENTRO_AYUDA.CA_SATISFACCION
SET DEFINE OFF;
Insert into CENTRO_AYUDA.CA_SATISFACCION (ID_SATISFACCION,DESCRIPCION,USER_WEB,ICON_ID) values ('1','BUENA','PABLOCESPEDES','132');
Insert into CENTRO_AYUDA.CA_SATISFACCION (ID_SATISFACCION,DESCRIPCION,USER_WEB,ICON_ID) values ('2','MEDIA','PABLOCESPEDES','134');
Insert into CENTRO_AYUDA.CA_SATISFACCION (ID_SATISFACCION,DESCRIPCION,USER_WEB,ICON_ID) values ('3','MALA','PABLOCESPEDES','133');
REM INSERTING into CENTRO_AYUDA.CA_SATISFACCION_JN
SET DEFINE OFF;
REM INSERTING into CENTRO_AYUDA.CA_SLA
SET DEFINE OFF;
REM INSERTING into CENTRO_AYUDA.CA_SLA_CONDICION_FIN
SET DEFINE OFF;
REM INSERTING into CENTRO_AYUDA.CA_SLA_CONDICION_FIN_JN
SET DEFINE OFF;
REM INSERTING into CENTRO_AYUDA.CA_SLA_CONDICION_INICIO
SET DEFINE OFF;
REM INSERTING into CENTRO_AYUDA.CA_SLA_CONDICION_INICIO_JN
SET DEFINE OFF;
REM INSERTING into CENTRO_AYUDA.CA_SLA_JN
SET DEFINE OFF;
REM INSERTING into CENTRO_AYUDA.CA_TIPO_INCIDENCIA
SET DEFINE OFF;
Insert into CENTRO_AYUDA.CA_TIPO_INCIDENCIA (ID_TIPO_INC,PROYECTO_ID,DESCRIPCION,USER_WEB,ICON_ID) values ('1','1','Ayuda TI','PABLOCESPEDES','105');
Insert into CENTRO_AYUDA.CA_TIPO_INCIDENCIA (ID_TIPO_INC,PROYECTO_ID,DESCRIPCION,USER_WEB,ICON_ID) values ('2','1','Solicitud de Informacin','PABLOCESPEDES','102');
REM INSERTING into CENTRO_AYUDA.CA_TIPO_INCIDENCIA_JN
SET DEFINE OFF;
REM INSERTING into CENTRO_AYUDA.CA_USERS_ROLES
SET DEFINE OFF;
Insert into CENTRO_AYUDA.CA_USERS_ROLES (ID,USER_ID,ROL_ID,USER_WEB,FECHA) values ('146','1','1','PABLOCESPEDES',to_date('23/10/19','fmDD/MM/RR'));
Insert into CENTRO_AYUDA.CA_USERS_ROLES (ID,USER_ID,ROL_ID,USER_WEB,FECHA) values ('125','8','35','PABLOCESPEDES',to_date('23/10/19','fmDD/MM/RR'));
Insert into CENTRO_AYUDA.CA_USERS_ROLES (ID,USER_ID,ROL_ID,USER_WEB,FECHA) values ('145','1','35','PABLOCESPEDES',to_date('23/10/19','fmDD/MM/RR'));
Insert into CENTRO_AYUDA.CA_USERS_ROLES (ID,USER_ID,ROL_ID,USER_WEB,FECHA) values ('147','1','2','PABLOCESPEDES',to_date('23/10/19','fmDD/MM/RR'));
Insert into CENTRO_AYUDA.CA_USERS_ROLES (ID,USER_ID,ROL_ID,USER_WEB,FECHA) values ('148','1','3','PABLOCESPEDES',to_date('23/10/19','fmDD/MM/RR'));
REM INSERTING into CENTRO_AYUDA.CA_USUARIOS
SET DEFINE OFF;
Insert into CENTRO_AYUDA.CA_USUARIOS (ID,NICK,NOMBRE,APELLIDOS,CI,CORREO,PASSWORD,ESTADO,PROYECTO_ID) values ('1','PABLOCESPEDES','PABLO','CESPEDES','5253581','cespedespablo9@gmail.com','E99A18C428CB38D5F260853678922E03','ACTIVO','1');
Insert into CENTRO_AYUDA.CA_USUARIOS (ID,NICK,NOMBRE,APELLIDOS,CI,CORREO,PASSWORD,ESTADO,PROYECTO_ID) values ('8','PRUEBA','PRUEBA','PRUEBA','3','J','E99A18C428CB38D5F260853678922E03','ACTIVO','1');
REM INSERTING into CENTRO_AYUDA.DEPARTAMENTO
SET DEFINE OFF;
Insert into CENTRO_AYUDA.DEPARTAMENTO (ID_DEPARTAMENTO,ID_SECCION,DESCRIPCION,SOCIEDAD,PISO_SUCURSAL_ID_SUCURSAL,PISO_ID_PISO,ABREVIATURA,CEN_COSTO_ID_CENTRO_COSTO) values ('5','1','MANTENIMIENTO','NO','1','1',null,null);
Insert into CENTRO_AYUDA.DEPARTAMENTO (ID_DEPARTAMENTO,ID_SECCION,DESCRIPCION,SOCIEDAD,PISO_SUCURSAL_ID_SUCURSAL,PISO_ID_PISO,ABREVIATURA,CEN_COSTO_ID_CENTRO_COSTO) values ('8','1','T.I','NO','1','16',null,null);
Insert into CENTRO_AYUDA.DEPARTAMENTO (ID_DEPARTAMENTO,ID_SECCION,DESCRIPCION,SOCIEDAD,PISO_SUCURSAL_ID_SUCURSAL,PISO_ID_PISO,ABREVIATURA,CEN_COSTO_ID_CENTRO_COSTO) values ('9','1','ELECTROMEDICINA','NO','1','16',null,null);
REM INSERTING into CENTRO_AYUDA.PERSONAL_SANATORIO
SET DEFINE OFF;
Insert into CENTRO_AYUDA.PERSONAL_SANATORIO (ID_PERSONAL,DISPONIBLE,NOMBRES,APELLIDOS,ESTADO_PERSONAL,FECHA_INGRESO,PREST_ID_PRESTADOR,USUARIO,PREVISION,ID_PERSONAL_RH,USER_WEB) values ('203','SI','PABLO ANDRES','CESPEDES ROMAN','ACTIVO',to_date('11/3/16','fmDD/MM/RR'),null,null,null,null,null);
REM INSERTING into CENTRO_AYUDA.USUARIO_SUC
SET DEFINE OFF;
Insert into CENTRO_AYUDA.USUARIO_SUC (D_SUC_DEPDEPARTAMEN_ID_SECCION,D_SUC_DEP_SUCURSAL_ID_SUCURSAL,PERFIL_USUARIO,D_SUDEPARTAMEN_ID_DEPARTAMENTO,FECHA,OBS,USER_WEB,ID_PERSONAL_SANATORIO) values ('1','1','PABLOCESPEDES','8',to_date('1/1/18','fmDD/MM/RR'),null,null,'203');
REM INSERTING into CENTRO_AYUDA.CA_MENU_DINAMICO
SET DEFINE OFF;
Insert into CENTRO_AYUDA.CA_MENU_DINAMICO (NIVEL,LABEL,TARGET,IS_CURRENT,IMAGE,PROYECTO,ROL) values ('1','Principal','f?p=APP_ID:1:SESSION::DEBUG:RIR:','1','fa-home',null,null);
Insert into CENTRO_AYUDA.CA_MENU_DINAMICO (NIVEL,LABEL,TARGET,IS_CURRENT,IMAGE,PROYECTO,ROL) values ('1','Incidencias','f?p=APP_ID:33:SESSION::DEBUG:RIR:P33_ESTADO:','33,34','fa-ticket',null,null);
Insert into CENTRO_AYUDA.CA_MENU_DINAMICO (NIVEL,LABEL,TARGET,IS_CURRENT,IMAGE,PROYECTO,ROL) values ('2','Asignados a m[&CONTADOR_MENU_ASIGNADOS_A_MI.]','f?p=APP_ID:33:SESSION::DEBUG:RIR:P33_ESTADO:','33,34','sahd sah-user-check',null,null);
Insert into CENTRO_AYUDA.CA_MENU_DINAMICO (NIVEL,LABEL,TARGET,IS_CURRENT,IMAGE,PROYECTO,ROL) values ('2','Sin Asignar[&CONTADOR_MENU_SIN_ASIGNAR.]','f?p=APP_ID:33:SESSION::DEBUG:RIR:P33_ESTADO:','33,34','sahd sah-user-times',null,null);
Insert into CENTRO_AYUDA.CA_MENU_DINAMICO (NIVEL,LABEL,TARGET,IS_CURRENT,IMAGE,PROYECTO,ROL) values ('2','Esperando Por Soporte[2]','f?p=APP_ID:33:SESSION::DEBUG:RIR:P33_ESTADO:41','33,34','sahl sah-sitemap','1',null);
Insert into CENTRO_AYUDA.CA_MENU_DINAMICO (NIVEL,LABEL,TARGET,IS_CURRENT,IMAGE,PROYECTO,ROL) values ('2','Esperando Por Cliente','f?p=APP_ID:33:SESSION::DEBUG:RIR:P33_ESTADO:42','33,34','sahl sah-sitemap','1',null);
Insert into CENTRO_AYUDA.CA_MENU_DINAMICO (NIVEL,LABEL,TARGET,IS_CURRENT,IMAGE,PROYECTO,ROL) values ('2','En Progreso[1]','f?p=APP_ID:33:SESSION::DEBUG:RIR:P33_ESTADO:43','33,34','sahl sah-sitemap','1',null);
Insert into CENTRO_AYUDA.CA_MENU_DINAMICO (NIVEL,LABEL,TARGET,IS_CURRENT,IMAGE,PROYECTO,ROL) values ('2','Pendiente','f?p=APP_ID:33:SESSION::DEBUG:RIR:P33_ESTADO:44','33,34','sahl sah-sitemap','1',null);
Insert into CENTRO_AYUDA.CA_MENU_DINAMICO (NIVEL,LABEL,TARGET,IS_CURRENT,IMAGE,PROYECTO,ROL) values ('2','Cancelado','f?p=APP_ID:33:SESSION::DEBUG:RIR:P33_ESTADO:45','33,34','sahl sah-sitemap','1',null);
Insert into CENTRO_AYUDA.CA_MENU_DINAMICO (NIVEL,LABEL,TARGET,IS_CURRENT,IMAGE,PROYECTO,ROL) values ('2','Concluido','f?p=APP_ID:33:SESSION::DEBUG:RIR:P33_ESTADO:46','33,34','sahl sah-sitemap','1',null);
Insert into CENTRO_AYUDA.CA_MENU_DINAMICO (NIVEL,LABEL,TARGET,IS_CURRENT,IMAGE,PROYECTO,ROL) values ('1','Configuracin','f?p=APP_ID:2:SESSION::DEBUG:RIR:','2','fa-gear',null,null);
Insert into CENTRO_AYUDA.CA_MENU_DINAMICO (NIVEL,LABEL,TARGET,IS_CURRENT,IMAGE,PROYECTO,ROL) values ('2','Usuarios','f?p=APP_ID::SESSION::DEBUG:RIR:',null,'fa-user',null,null);
Insert into CENTRO_AYUDA.CA_MENU_DINAMICO (NIVEL,LABEL,TARGET,IS_CURRENT,IMAGE,PROYECTO,ROL) values ('2','Tipos de Incidencia','f?p=APP_ID:3:SESSION::DEBUG:RIR:','3','fa-clipboard-list',null,null);
Insert into CENTRO_AYUDA.CA_MENU_DINAMICO (NIVEL,LABEL,TARGET,IS_CURRENT,IMAGE,PROYECTO,ROL) values ('2','Grupo Categora','f?p=APP_ID:12:SESSION::DEBUG:RIR:','12','fa-layers',null,null);
Insert into CENTRO_AYUDA.CA_MENU_DINAMICO (NIVEL,LABEL,TARGET,IS_CURRENT,IMAGE,PROYECTO,ROL) values ('2','Categoras','f?p=APP_ID:19:SESSION::DEBUG:RIR:','19','fa-tree-org',null,null);
Insert into CENTRO_AYUDA.CA_MENU_DINAMICO (NIVEL,LABEL,TARGET,IS_CURRENT,IMAGE,PROYECTO,ROL) values ('2','Flujos de Trabajo','f?p=APP_ID:29:SESSION::DEBUG:RIR:','29','fa-sitemap',null,null);
Insert into CENTRO_AYUDA.CA_MENU_DINAMICO (NIVEL,LABEL,TARGET,IS_CURRENT,IMAGE,PROYECTO,ROL) values ('1','Administracin','f?p=APP_ID:11:SESSION::DEBUG:RIR:','11','fa-user-secret',null,null);
Insert into CENTRO_AYUDA.CA_MENU_DINAMICO (NIVEL,LABEL,TARGET,IS_CURRENT,IMAGE,PROYECTO,ROL) values ('2','Usuarios Coordinadores','f?p=APP_ID:49:SESSION::DEBUG:RIR:','49','fa-user',null,null);
Insert into CENTRO_AYUDA.CA_MENU_DINAMICO (NIVEL,LABEL,TARGET,IS_CURRENT,IMAGE,PROYECTO,ROL) values ('2','Roles','f?p=APP_ID:54:SESSION::DEBUG:RIR:','54','fa-shield',null,null);
Insert into CENTRO_AYUDA.CA_MENU_DINAMICO (NIVEL,LABEL,TARGET,IS_CURRENT,IMAGE,PROYECTO,ROL) values ('2','Permisos Usuarios','f?p=APP_ID:56:SESSION::DEBUG:RIR:','56','fa-user-check',null,null);
Insert into CENTRO_AYUDA.CA_MENU_DINAMICO (NIVEL,LABEL,TARGET,IS_CURRENT,IMAGE,PROYECTO,ROL) values ('2','Departamentos','f?p=APP_ID:47:SESSION::DEBUG:RIR:','47','fa-cubes',null,null);
Insert into CENTRO_AYUDA.CA_MENU_DINAMICO (NIVEL,LABEL,TARGET,IS_CURRENT,IMAGE,PROYECTO,ROL) values ('2','Proyectos','f?p=APP_ID:5:SESSION::DEBUG:RIR:','5','fa-bookmark-o',null,null);
Insert into CENTRO_AYUDA.CA_MENU_DINAMICO (NIVEL,LABEL,TARGET,IS_CURRENT,IMAGE,PROYECTO,ROL) values ('2','Prioridades','f?p=APP_ID:7:SESSION::DEBUG:RIR:','7','fa-list-ol',null,null);
Insert into CENTRO_AYUDA.CA_MENU_DINAMICO (NIVEL,LABEL,TARGET,IS_CURRENT,IMAGE,PROYECTO,ROL) values ('2','Canal de Comunicacin','f?p=APP_ID:16:SESSION::DEBUG:RIR:','16','fa fa-phone',null,null);
Insert into CENTRO_AYUDA.CA_MENU_DINAMICO (NIVEL,LABEL,TARGET,IS_CURRENT,IMAGE,PROYECTO,ROL) values ('2','Complejidad','f?p=APP_ID:18:SESSION::DEBUG:RIR:','18','fa-code-fork',null,null);
Insert into CENTRO_AYUDA.CA_MENU_DINAMICO (NIVEL,LABEL,TARGET,IS_CURRENT,IMAGE,PROYECTO,ROL) values ('2','Satisfaccin','f?p=APP_ID:23:SESSION::DEBUG:RIR:','23','fa-thumbs-o-up',null,null);
Insert into CENTRO_AYUDA.CA_MENU_DINAMICO (NIVEL,LABEL,TARGET,IS_CURRENT,IMAGE,PROYECTO,ROL) values ('2','Iconos','f?p=APP_ID:25:SESSION::DEBUG:RIR:','25','fa-flag-o',null,'ASFLSL');
--------------------------------------------------------
--  DDL for Index ADJUNTO_ID_PK
--------------------------------------------------------

  CREATE UNIQUE INDEX "CENTRO_AYUDA"."ADJUNTO_ID_PK" ON "CENTRO_AYUDA"."ADJUNTO" ("ID_ADJUNTO") 
  PCTFREE 10 INITRANS 2 MAXTRANS 255 COMPUTE STATISTICS 
  STORAGE(INITIAL 65536 NEXT 1048576 MINEXTENTS 1 MAXEXTENTS 2147483645
  PCTINCREASE 0 FREELISTS 1 FREELIST GROUPS 1
  BUFFER_POOL DEFAULT FLASH_CACHE DEFAULT CELL_FLASH_CACHE DEFAULT)
  TABLESPACE "USUARIOS" ;
--------------------------------------------------------
--  DDL for Index APEX_ACCESS_CONTROL_FK_IDX
--------------------------------------------------------

  CREATE INDEX "CENTRO_AYUDA"."APEX_ACCESS_CONTROL_FK_IDX" ON "CENTRO_AYUDA"."APEX_ACCESS_CONTROL" ("SETUP_ID") 
  PCTFREE 10 INITRANS 2 MAXTRANS 255 COMPUTE STATISTICS 
  TABLESPACE "APEX_1340948448228389" ;
--------------------------------------------------------
--  DDL for Index APEX_ACCESS_CONTROL_PK
--------------------------------------------------------

  CREATE UNIQUE INDEX "CENTRO_AYUDA"."APEX_ACCESS_CONTROL_PK" ON "CENTRO_AYUDA"."APEX_ACCESS_CONTROL" ("ID") 
  PCTFREE 10 INITRANS 2 MAXTRANS 255 COMPUTE STATISTICS 
  TABLESPACE "APEX_1340948448228389" ;
--------------------------------------------------------
--  DDL for Index APEX_ACCESS_CONTROL_UK
--------------------------------------------------------

  CREATE UNIQUE INDEX "CENTRO_AYUDA"."APEX_ACCESS_CONTROL_UK" ON "CENTRO_AYUDA"."APEX_ACCESS_CONTROL" ("ADMIN_USERNAME", "SETUP_ID", "ADMIN_PRIVILEGES") 
  PCTFREE 10 INITRANS 2 MAXTRANS 155 COMPUTE STATISTICS 
  TABLESPACE "APEX_1340948448228389" ;
--------------------------------------------------------
--  DDL for Index APEX_ACCESS_MODULES_PK
--------------------------------------------------------

  CREATE UNIQUE INDEX "CENTRO_AYUDA"."APEX_ACCESS_MODULES_PK" ON "CENTRO_AYUDA"."APEX_ACCESS_MODULES" ("MODULE_ID") 
  PCTFREE 10 INITRANS 2 MAXTRANS 255 COMPUTE STATISTICS 
  STORAGE(INITIAL 65536 NEXT 1048576 MINEXTENTS 1 MAXEXTENTS 2147483645
  PCTINCREASE 0 FREELISTS 1 FREELIST GROUPS 1
  BUFFER_POOL DEFAULT FLASH_CACHE DEFAULT CELL_FLASH_CACHE DEFAULT)
  TABLESPACE "APEX_1340948448228389" ;
--------------------------------------------------------
--  DDL for Index APEX_ACCESS_MODULES_UK1
--------------------------------------------------------

  CREATE UNIQUE INDEX "CENTRO_AYUDA"."APEX_ACCESS_MODULES_UK1" ON "CENTRO_AYUDA"."APEX_ACCESS_MODULES" ("APP_ID") 
  PCTFREE 10 INITRANS 2 MAXTRANS 255 COMPUTE STATISTICS 
  STORAGE(INITIAL 65536 NEXT 1048576 MINEXTENTS 1 MAXEXTENTS 2147483645
  PCTINCREASE 0 FREELISTS 1 FREELIST GROUPS 1
  BUFFER_POOL DEFAULT FLASH_CACHE DEFAULT CELL_FLASH_CACHE DEFAULT)
  TABLESPACE "APEX_1340948448228389" ;
--------------------------------------------------------
--  DDL for Index APEX_ACCESS_PRIVILEGE
--------------------------------------------------------

  CREATE UNIQUE INDEX "CENTRO_AYUDA"."APEX_ACCESS_PRIVILEGE" ON "CENTRO_AYUDA"."APEX_ACCESS_PRIVILEGE" ("ID") 
  PCTFREE 10 INITRANS 2 MAXTRANS 255 COMPUTE STATISTICS 
  STORAGE(INITIAL 65536 NEXT 1048576 MINEXTENTS 1 MAXEXTENTS 2147483645
  PCTINCREASE 0 FREELISTS 1 FREELIST GROUPS 1
  BUFFER_POOL DEFAULT FLASH_CACHE DEFAULT CELL_FLASH_CACHE DEFAULT)
  TABLESPACE "USERS" ;
--------------------------------------------------------
--  DDL for Index APEX_ACCESS_PRIVILEGE_UK
--------------------------------------------------------

  CREATE UNIQUE INDEX "CENTRO_AYUDA"."APEX_ACCESS_PRIVILEGE_UK" ON "CENTRO_AYUDA"."APEX_ACCESS_PRIVILEGE" ("PRIVILEGE", "APP_ID") 
  PCTFREE 10 INITRANS 2 MAXTRANS 255 COMPUTE STATISTICS 
  STORAGE(INITIAL 65536 NEXT 1048576 MINEXTENTS 1 MAXEXTENTS 2147483645
  PCTINCREASE 0 FREELISTS 1 FREELIST GROUPS 1
  BUFFER_POOL DEFAULT FLASH_CACHE DEFAULT CELL_FLASH_CACHE DEFAULT)
  TABLESPACE "USERS" ;
--------------------------------------------------------
--  DDL for Index APEX_ACCESS_PRIVILEGE_UK2
--------------------------------------------------------

  CREATE UNIQUE INDEX "CENTRO_AYUDA"."APEX_ACCESS_PRIVILEGE_UK2" ON "CENTRO_AYUDA"."APEX_ACCESS_PRIVILEGE" ("APP_ID", "RETURN") 
  PCTFREE 10 INITRANS 2 MAXTRANS 255 COMPUTE STATISTICS 
  STORAGE(INITIAL 65536 NEXT 1048576 MINEXTENTS 1 MAXEXTENTS 2147483645
  PCTINCREASE 0 FREELISTS 1 FREELIST GROUPS 1
  BUFFER_POOL DEFAULT FLASH_CACHE DEFAULT CELL_FLASH_CACHE DEFAULT)
  TABLESPACE "USERS" ;
--------------------------------------------------------
--  DDL for Index APEX_ACCESS_SETUP_PK
--------------------------------------------------------

  CREATE UNIQUE INDEX "CENTRO_AYUDA"."APEX_ACCESS_SETUP_PK" ON "CENTRO_AYUDA"."APEX_ACCESS_SETUP" ("ID") 
  PCTFREE 10 INITRANS 2 MAXTRANS 255 COMPUTE STATISTICS 
  STORAGE(INITIAL 65536 NEXT 1048576 MINEXTENTS 1 MAXEXTENTS 2147483645
  PCTINCREASE 0 FREELISTS 1 FREELIST GROUPS 1
  BUFFER_POOL DEFAULT FLASH_CACHE DEFAULT CELL_FLASH_CACHE DEFAULT)
  TABLESPACE "APEX_1340948448228389" ;
--------------------------------------------------------
--  DDL for Index CA_ADJ_INCI_PK
--------------------------------------------------------

  CREATE UNIQUE INDEX "CENTRO_AYUDA"."CA_ADJ_INCI_PK" ON "CENTRO_AYUDA"."CA_ADJ_X_INCI" ("INCIDENCIA_ID", "ADJUNTO_ID") 
  PCTFREE 10 INITRANS 2 MAXTRANS 255 COMPUTE STATISTICS 
  STORAGE(INITIAL 65536 NEXT 1048576 MINEXTENTS 1 MAXEXTENTS 2147483645
  PCTINCREASE 0 FREELISTS 1 FREELIST GROUPS 1
  BUFFER_POOL DEFAULT FLASH_CACHE DEFAULT CELL_FLASH_CACHE DEFAULT)
  TABLESPACE "USUARIOS" ;
--------------------------------------------------------
--  DDL for Index CA_BITACORA_PK
--------------------------------------------------------

  CREATE UNIQUE INDEX "CENTRO_AYUDA"."CA_BITACORA_PK" ON "CENTRO_AYUDA"."CA_BITACORA" ("ID_BITACORA") 
  PCTFREE 10 INITRANS 2 MAXTRANS 255 COMPUTE STATISTICS 
  STORAGE(INITIAL 65536 NEXT 1048576 MINEXTENTS 1 MAXEXTENTS 2147483645
  PCTINCREASE 0 FREELISTS 1 FREELIST GROUPS 1
  BUFFER_POOL DEFAULT FLASH_CACHE DEFAULT CELL_FLASH_CACHE DEFAULT)
  TABLESPACE "USUARIOS" ;
--------------------------------------------------------
--  DDL for Index CA_CALENDARIO_PK
--------------------------------------------------------

  CREATE UNIQUE INDEX "CENTRO_AYUDA"."CA_CALENDARIO_PK" ON "CENTRO_AYUDA"."CA_CALENDARIO" ("ID_CALENDARIO") 
  PCTFREE 10 INITRANS 2 MAXTRANS 255 COMPUTE STATISTICS 
  STORAGE( INITIAL 65536 NEXT 1048576 MINEXTENTS 1 MAXEXTENTS 2147483645)
  TABLESPACE "USUARIOS" ;
--------------------------------------------------------
--  DDL for Index CA_CANAL_COMU_PK
--------------------------------------------------------

  CREATE UNIQUE INDEX "CENTRO_AYUDA"."CA_CANAL_COMU_PK" ON "CENTRO_AYUDA"."CA_CANAL_COMU" ("ID_CAN_COM") 
  PCTFREE 10 INITRANS 2 MAXTRANS 255 COMPUTE STATISTICS 
  STORAGE(INITIAL 65536 NEXT 1048576 MINEXTENTS 1 MAXEXTENTS 2147483645
  PCTINCREASE 0 FREELISTS 1 FREELIST GROUPS 1
  BUFFER_POOL DEFAULT FLASH_CACHE DEFAULT CELL_FLASH_CACHE DEFAULT)
  TABLESPACE "USUARIOS" ;
--------------------------------------------------------
--  DDL for Index CA_CATEGORIA_PK
--------------------------------------------------------

  CREATE UNIQUE INDEX "CENTRO_AYUDA"."CA_CATEGORIA_PK" ON "CENTRO_AYUDA"."CA_CATEGORIA" ("ID_CATEGORIA") 
  PCTFREE 10 INITRANS 2 MAXTRANS 255 COMPUTE STATISTICS 
  STORAGE(INITIAL 65536 NEXT 1048576 MINEXTENTS 1 MAXEXTENTS 2147483645
  PCTINCREASE 0 FREELISTS 1 FREELIST GROUPS 1
  BUFFER_POOL DEFAULT FLASH_CACHE DEFAULT CELL_FLASH_CACHE DEFAULT)
  TABLESPACE "USUARIOS" ;
--------------------------------------------------------
--  DDL for Index CA_COMENTARIO_PK
--------------------------------------------------------

  CREATE UNIQUE INDEX "CENTRO_AYUDA"."CA_COMENTARIO_PK" ON "CENTRO_AYUDA"."CA_COMENTARIO" ("ID_COMENTARIO") 
  PCTFREE 10 INITRANS 2 MAXTRANS 255 COMPUTE STATISTICS 
  STORAGE(INITIAL 65536 NEXT 1048576 MINEXTENTS 1 MAXEXTENTS 2147483645
  PCTINCREASE 0 FREELISTS 1 FREELIST GROUPS 1
  BUFFER_POOL DEFAULT FLASH_CACHE DEFAULT CELL_FLASH_CACHE DEFAULT)
  TABLESPACE "USUARIOS" ;
--------------------------------------------------------
--  DDL for Index CA_COMPLEJIDAD_PK
--------------------------------------------------------

  CREATE UNIQUE INDEX "CENTRO_AYUDA"."CA_COMPLEJIDAD_PK" ON "CENTRO_AYUDA"."CA_COMPLEJIDAD" ("ID_COMPLEJIDAD") 
  PCTFREE 10 INITRANS 2 MAXTRANS 255 COMPUTE STATISTICS 
  STORAGE(INITIAL 65536 NEXT 1048576 MINEXTENTS 1 MAXEXTENTS 2147483645
  PCTINCREASE 0 FREELISTS 1 FREELIST GROUPS 1
  BUFFER_POOL DEFAULT FLASH_CACHE DEFAULT CELL_FLASH_CACHE DEFAULT)
  TABLESPACE "USUARIOS" ;
--------------------------------------------------------
--  DDL for Index CA_CONDICION_FIN_PK
--------------------------------------------------------

  CREATE UNIQUE INDEX "CENTRO_AYUDA"."CA_CONDICION_FIN_PK" ON "CENTRO_AYUDA"."CA_SLA_CONDICION_FIN" ("ID_SLA_FIN") 
  PCTFREE 10 INITRANS 2 MAXTRANS 255 COMPUTE STATISTICS 
  STORAGE( INITIAL 65536 NEXT 1048576 MINEXTENTS 1 MAXEXTENTS 2147483645)
  TABLESPACE "USUARIOS" ;
--------------------------------------------------------
--  DDL for Index CA_CONTROL_ACCESO_PK
--------------------------------------------------------

  CREATE UNIQUE INDEX "CENTRO_AYUDA"."CA_CONTROL_ACCESO_PK" ON "CENTRO_AYUDA"."CA_CONTROL_ACCESO" ("ID_CONTROL_ACCESO") 
  PCTFREE 10 INITRANS 2 MAXTRANS 255 COMPUTE STATISTICS 
  STORAGE(INITIAL 65536 NEXT 1048576 MINEXTENTS 1 MAXEXTENTS 2147483645
  PCTINCREASE 0 FREELISTS 1 FREELIST GROUPS 1
  BUFFER_POOL DEFAULT FLASH_CACHE DEFAULT CELL_FLASH_CACHE DEFAULT)
  TABLESPACE "USUARIOS" ;
--------------------------------------------------------
--  DDL for Index CA_DETALLE_CALENDARIO_PK
--------------------------------------------------------

  CREATE UNIQUE INDEX "CENTRO_AYUDA"."CA_DETALLE_CALENDARIO_PK" ON "CENTRO_AYUDA"."CA_DETALLE_CALENDARIO" ("ID_DET_CALEN") 
  PCTFREE 10 INITRANS 2 MAXTRANS 255 COMPUTE STATISTICS 
  STORAGE( INITIAL 65536 NEXT 1048576 MINEXTENTS 1 MAXEXTENTS 2147483645)
  TABLESPACE "USUARIOS" ;
--------------------------------------------------------
--  DDL for Index CA_ESTADO_PK
--------------------------------------------------------

  CREATE UNIQUE INDEX "CENTRO_AYUDA"."CA_ESTADO_PK" ON "CENTRO_AYUDA"."CA_ESTADO" ("ID_ESTADO") 
  PCTFREE 10 INITRANS 2 MAXTRANS 255 COMPUTE STATISTICS 
  STORAGE(INITIAL 65536 NEXT 1048576 MINEXTENTS 1 MAXEXTENTS 2147483645
  PCTINCREASE 0 FREELISTS 1 FREELIST GROUPS 1
  BUFFER_POOL DEFAULT FLASH_CACHE DEFAULT CELL_FLASH_CACHE DEFAULT)
  TABLESPACE "USUARIOS" ;
--------------------------------------------------------
--  DDL for Index CA_FLUJO_ESTADO_PK
--------------------------------------------------------

  CREATE UNIQUE INDEX "CENTRO_AYUDA"."CA_FLUJO_ESTADO_PK" ON "CENTRO_AYUDA"."CA_FLUJO_ESTADO" ("ID_FLU_EST", "ID_ESTADO") 
  PCTFREE 10 INITRANS 2 MAXTRANS 255 COMPUTE STATISTICS 
  STORAGE(INITIAL 65536 NEXT 1048576 MINEXTENTS 1 MAXEXTENTS 2147483645
  PCTINCREASE 0 FREELISTS 1 FREELIST GROUPS 1
  BUFFER_POOL DEFAULT FLASH_CACHE DEFAULT CELL_FLASH_CACHE DEFAULT)
  TABLESPACE "USUARIOS" ;
--------------------------------------------------------
--  DDL for Index CA_GRUPO_CATEGORIA
--------------------------------------------------------

  CREATE UNIQUE INDEX "CENTRO_AYUDA"."CA_GRUPO_CATEGORIA" ON "CENTRO_AYUDA"."CA_GRUPO_CATEGORIA" ("ID_GRUPO_CAT") 
  PCTFREE 10 INITRANS 2 MAXTRANS 255 COMPUTE STATISTICS 
  STORAGE(INITIAL 65536 NEXT 1048576 MINEXTENTS 1 MAXEXTENTS 2147483645
  PCTINCREASE 0 FREELISTS 1 FREELIST GROUPS 1
  BUFFER_POOL DEFAULT FLASH_CACHE DEFAULT CELL_FLASH_CACHE DEFAULT)
  TABLESPACE "USUARIOS" ;
--------------------------------------------------------
--  DDL for Index CA_HIS_METRIC_PK
--------------------------------------------------------

  CREATE UNIQUE INDEX "CENTRO_AYUDA"."CA_HIS_METRIC_PK" ON "CENTRO_AYUDA"."CA_HIS_METRIC" ("ID_HIS_METRIC") 
  PCTFREE 10 INITRANS 2 MAXTRANS 255 COMPUTE STATISTICS 
  STORAGE( INITIAL 65536 NEXT 1048576 MINEXTENTS 1 MAXEXTENTS 2147483645)
  TABLESPACE "USUARIOS" ;
--------------------------------------------------------
--  DDL for Index CA_HISTORIAL_CAMBIO_FK
--------------------------------------------------------

  CREATE UNIQUE INDEX "CENTRO_AYUDA"."CA_HISTORIAL_CAMBIO_FK" ON "CENTRO_AYUDA"."CA_HISTORIAL_CAMBIO" ("ID_HIST_CAM") 
  PCTFREE 10 INITRANS 2 MAXTRANS 255 COMPUTE STATISTICS 
  STORAGE(INITIAL 65536 NEXT 1048576 MINEXTENTS 1 MAXEXTENTS 2147483645
  PCTINCREASE 0 FREELISTS 1 FREELIST GROUPS 1
  BUFFER_POOL DEFAULT FLASH_CACHE DEFAULT CELL_FLASH_CACHE DEFAULT)
  TABLESPACE "USUARIOS" ;
--------------------------------------------------------
--  DDL for Index CA_ICON_PK
--------------------------------------------------------

  CREATE UNIQUE INDEX "CENTRO_AYUDA"."CA_ICON_PK" ON "CENTRO_AYUDA"."CA_ICONOS" ("ICON_ID") 
  PCTFREE 10 INITRANS 2 MAXTRANS 255 COMPUTE STATISTICS 
  STORAGE(INITIAL 65536 NEXT 1048576 MINEXTENTS 1 MAXEXTENTS 2147483645
  PCTINCREASE 0 FREELISTS 1 FREELIST GROUPS 1
  BUFFER_POOL DEFAULT FLASH_CACHE DEFAULT CELL_FLASH_CACHE DEFAULT)
  TABLESPACE "USUARIOS" ;
--------------------------------------------------------
--  DDL for Index CA_INCIDENCIA_PK
--------------------------------------------------------

  CREATE UNIQUE INDEX "CENTRO_AYUDA"."CA_INCIDENCIA_PK" ON "CENTRO_AYUDA"."CA_INCIDENCIA" ("ID_INCIDENCIA") 
  PCTFREE 10 INITRANS 2 MAXTRANS 255 COMPUTE STATISTICS 
  STORAGE(INITIAL 65536 NEXT 1048576 MINEXTENTS 1 MAXEXTENTS 2147483645
  PCTINCREASE 0 FREELISTS 1 FREELIST GROUPS 1
  BUFFER_POOL DEFAULT FLASH_CACHE DEFAULT CELL_FLASH_CACHE DEFAULT)
  TABLESPACE "USUARIOS" ;
--------------------------------------------------------
--  DDL for Index CA_META_PK
--------------------------------------------------------

  CREATE UNIQUE INDEX "CENTRO_AYUDA"."CA_META_PK" ON "CENTRO_AYUDA"."CA_META" ("SLA_ID", "PRIORIDAD_ID") 
  PCTFREE 10 INITRANS 2 MAXTRANS 255 COMPUTE STATISTICS 
  STORAGE( INITIAL 65536 NEXT 1048576 MINEXTENTS 1 MAXEXTENTS 2147483645)
  TABLESPACE "USUARIOS" ;
--------------------------------------------------------
--  DDL for Index CA_PRIORIDAD_PK
--------------------------------------------------------

  CREATE UNIQUE INDEX "CENTRO_AYUDA"."CA_PRIORIDAD_PK" ON "CENTRO_AYUDA"."CA_PRIORIDAD" ("ID_PRIORIDAD") 
  PCTFREE 10 INITRANS 2 MAXTRANS 255 COMPUTE STATISTICS 
  STORAGE(INITIAL 65536 NEXT 1048576 MINEXTENTS 1 MAXEXTENTS 2147483645
  PCTINCREASE 0 FREELISTS 1 FREELIST GROUPS 1
  BUFFER_POOL DEFAULT FLASH_CACHE DEFAULT CELL_FLASH_CACHE DEFAULT)
  TABLESPACE "USUARIOS" ;
--------------------------------------------------------
--  DDL for Index CA_PROYECTO_PK
--------------------------------------------------------

  CREATE UNIQUE INDEX "CENTRO_AYUDA"."CA_PROYECTO_PK" ON "CENTRO_AYUDA"."CA_PROYECTO" ("ID_PROYECTO") 
  PCTFREE 10 INITRANS 2 MAXTRANS 255 COMPUTE STATISTICS 
  STORAGE(INITIAL 65536 NEXT 1048576 MINEXTENTS 1 MAXEXTENTS 2147483645
  PCTINCREASE 0 FREELISTS 1 FREELIST GROUPS 1
  BUFFER_POOL DEFAULT FLASH_CACHE DEFAULT CELL_FLASH_CACHE DEFAULT)
  TABLESPACE "USUARIOS" ;
--------------------------------------------------------
--  DDL for Index CA_ROLES_PK
--------------------------------------------------------

  CREATE UNIQUE INDEX "CENTRO_AYUDA"."CA_ROLES_PK" ON "CENTRO_AYUDA"."CA_ROLES" ("ID") 
  PCTFREE 10 INITRANS 2 MAXTRANS 255 COMPUTE STATISTICS 
  STORAGE(INITIAL 65536 NEXT 1048576 MINEXTENTS 1 MAXEXTENTS 2147483645
  PCTINCREASE 0 FREELISTS 1 FREELIST GROUPS 1
  BUFFER_POOL DEFAULT FLASH_CACHE DEFAULT CELL_FLASH_CACHE DEFAULT)
  TABLESPACE "APEX_1340948448228389" ;
--------------------------------------------------------
--  DDL for Index CA_SATISFACCION_NEW_PK
--------------------------------------------------------

  CREATE UNIQUE INDEX "CENTRO_AYUDA"."CA_SATISFACCION_NEW_PK" ON "CENTRO_AYUDA"."CA_SATISFACCION" ("ID_SATISFACCION") 
  PCTFREE 10 INITRANS 2 MAXTRANS 255 COMPUTE STATISTICS 
  STORAGE(INITIAL 65536 NEXT 1048576 MINEXTENTS 1 MAXEXTENTS 2147483645
  PCTINCREASE 0 FREELISTS 1 FREELIST GROUPS 1
  BUFFER_POOL DEFAULT FLASH_CACHE DEFAULT CELL_FLASH_CACHE DEFAULT)
  TABLESPACE "USUARIOS" ;
--------------------------------------------------------
--  DDL for Index CA_SLA_CONDICION_INICIO_PK
--------------------------------------------------------

  CREATE UNIQUE INDEX "CENTRO_AYUDA"."CA_SLA_CONDICION_INICIO_PK" ON "CENTRO_AYUDA"."CA_SLA_CONDICION_INICIO" ("ID_SLA_INICIO") 
  PCTFREE 10 INITRANS 2 MAXTRANS 255 COMPUTE STATISTICS 
  STORAGE( INITIAL 65536 NEXT 1048576 MINEXTENTS 1 MAXEXTENTS 2147483645)
  TABLESPACE "USUARIOS" ;
--------------------------------------------------------
--  DDL for Index CA_SLA_PK
--------------------------------------------------------

  CREATE UNIQUE INDEX "CENTRO_AYUDA"."CA_SLA_PK" ON "CENTRO_AYUDA"."CA_SLA" ("ID_SLA") 
  PCTFREE 10 INITRANS 2 MAXTRANS 255 COMPUTE STATISTICS 
  STORAGE( INITIAL 65536 NEXT 1048576 MINEXTENTS 1 MAXEXTENTS 2147483645)
  TABLESPACE "USUARIOS" ;
--------------------------------------------------------
--  DDL for Index CA_TIPO_INCIDENCIA_PK
--------------------------------------------------------

  CREATE UNIQUE INDEX "CENTRO_AYUDA"."CA_TIPO_INCIDENCIA_PK" ON "CENTRO_AYUDA"."CA_TIPO_INCIDENCIA" ("ID_TIPO_INC") 
  PCTFREE 10 INITRANS 2 MAXTRANS 255 COMPUTE STATISTICS 
  STORAGE(INITIAL 65536 NEXT 1048576 MINEXTENTS 1 MAXEXTENTS 2147483645
  PCTINCREASE 0 FREELISTS 1 FREELIST GROUPS 1
  BUFFER_POOL DEFAULT FLASH_CACHE DEFAULT CELL_FLASH_CACHE DEFAULT)
  TABLESPACE "USUARIOS" ;
--------------------------------------------------------
--  DDL for Index CA_USERS_ROLES_PK
--------------------------------------------------------

  CREATE UNIQUE INDEX "CENTRO_AYUDA"."CA_USERS_ROLES_PK" ON "CENTRO_AYUDA"."CA_USERS_ROLES" ("ID") 
  PCTFREE 10 INITRANS 2 MAXTRANS 255 COMPUTE STATISTICS 
  STORAGE(INITIAL 65536 NEXT 1048576 MINEXTENTS 1 MAXEXTENTS 2147483645
  PCTINCREASE 0 FREELISTS 1 FREELIST GROUPS 1
  BUFFER_POOL DEFAULT FLASH_CACHE DEFAULT CELL_FLASH_CACHE DEFAULT)
  TABLESPACE "APEX_1340948448228389" ;
--------------------------------------------------------
--  DDL for Index CA_USERS_ROLES_UK1
--------------------------------------------------------

  CREATE UNIQUE INDEX "CENTRO_AYUDA"."CA_USERS_ROLES_UK1" ON "CENTRO_AYUDA"."CA_USERS_ROLES" ("USER_ID", "ROL_ID") 
  PCTFREE 10 INITRANS 2 MAXTRANS 255 COMPUTE STATISTICS 
  STORAGE(INITIAL 65536 NEXT 1048576 MINEXTENTS 1 MAXEXTENTS 2147483645
  PCTINCREASE 0 FREELISTS 1 FREELIST GROUPS 1
  BUFFER_POOL DEFAULT FLASH_CACHE DEFAULT CELL_FLASH_CACHE DEFAULT)
  TABLESPACE "APEX_1340948448228389" ;
--------------------------------------------------------
--  DDL for Index CA_USUARIOS_NICK_UK
--------------------------------------------------------

  CREATE UNIQUE INDEX "CENTRO_AYUDA"."CA_USUARIOS_NICK_UK" ON "CENTRO_AYUDA"."CA_USUARIOS" ("NICK", "PROYECTO_ID", "CI") 
  PCTFREE 10 INITRANS 2 MAXTRANS 255 COMPUTE STATISTICS 
  STORAGE(INITIAL 65536 NEXT 1048576 MINEXTENTS 1 MAXEXTENTS 2147483645
  PCTINCREASE 0 FREELISTS 1 FREELIST GROUPS 1
  BUFFER_POOL DEFAULT FLASH_CACHE DEFAULT CELL_FLASH_CACHE DEFAULT)
  TABLESPACE "APEX_1340948448228389" ;
--------------------------------------------------------
--  DDL for Index CA_USUARIOS_PK
--------------------------------------------------------

  CREATE UNIQUE INDEX "CENTRO_AYUDA"."CA_USUARIOS_PK" ON "CENTRO_AYUDA"."CA_USUARIOS" ("ID") 
  PCTFREE 10 INITRANS 2 MAXTRANS 255 COMPUTE STATISTICS 
  STORAGE(INITIAL 65536 NEXT 1048576 MINEXTENTS 1 MAXEXTENTS 2147483645
  PCTINCREASE 0 FREELISTS 1 FREELIST GROUPS 1
  BUFFER_POOL DEFAULT FLASH_CACHE DEFAULT CELL_FLASH_CACHE DEFAULT)
  TABLESPACE "APEX_1340948448228389" ;
--------------------------------------------------------
--  DDL for Index DEPARTAMEN_PK
--------------------------------------------------------

  CREATE UNIQUE INDEX "CENTRO_AYUDA"."DEPARTAMEN_PK" ON "CENTRO_AYUDA"."DEPARTAMENTO" ("ID_DEPARTAMENTO", "ID_SECCION") 
  PCTFREE 10 INITRANS 2 MAXTRANS 255 COMPUTE STATISTICS 
  STORAGE(INITIAL 65536 NEXT 1048576 MINEXTENTS 1 MAXEXTENTS 2147483645
  PCTINCREASE 0 FREELISTS 1 FREELIST GROUPS 1
  BUFFER_POOL DEFAULT FLASH_CACHE DEFAULT CELL_FLASH_CACHE DEFAULT)
  TABLESPACE "APEX_1340948448228389" ;
--------------------------------------------------------
--  DDL for Index DEPARTAMEN_UK
--------------------------------------------------------

  CREATE UNIQUE INDEX "CENTRO_AYUDA"."DEPARTAMEN_UK" ON "CENTRO_AYUDA"."DEPARTAMENTO" ("DESCRIPCION") 
  PCTFREE 10 INITRANS 2 MAXTRANS 255 COMPUTE STATISTICS 
  STORAGE(INITIAL 65536 NEXT 1048576 MINEXTENTS 1 MAXEXTENTS 2147483645
  PCTINCREASE 0 FREELISTS 1 FREELIST GROUPS 1
  BUFFER_POOL DEFAULT FLASH_CACHE DEFAULT CELL_FLASH_CACHE DEFAULT)
  TABLESPACE "APEX_1340948448228389" ;
--------------------------------------------------------
--  DDL for Index PER_SAN_RH_UK
--------------------------------------------------------

  CREATE UNIQUE INDEX "CENTRO_AYUDA"."PER_SAN_RH_UK" ON "CENTRO_AYUDA"."PERSONAL_SANATORIO" ("ID_PERSONAL_RH") 
  PCTFREE 10 INITRANS 2 MAXTRANS 255 COMPUTE STATISTICS 
  STORAGE(INITIAL 65536 NEXT 1048576 MINEXTENTS 1 MAXEXTENTS 2147483645
  PCTINCREASE 0 FREELISTS 1 FREELIST GROUPS 1
  BUFFER_POOL DEFAULT FLASH_CACHE DEFAULT CELL_FLASH_CACHE DEFAULT)
  TABLESPACE "USUARIOS" ;
--------------------------------------------------------
--  DDL for Index PER_SAN_UK
--------------------------------------------------------

  CREATE UNIQUE INDEX "CENTRO_AYUDA"."PER_SAN_UK" ON "CENTRO_AYUDA"."PERSONAL_SANATORIO" ("NOMBRES", "APELLIDOS") 
  PCTFREE 10 INITRANS 2 MAXTRANS 255 COMPUTE STATISTICS 
  STORAGE(INITIAL 65536 NEXT 1048576 MINEXTENTS 1 MAXEXTENTS 2147483645
  PCTINCREASE 0 FREELISTS 1 FREELIST GROUPS 1
  BUFFER_POOL DEFAULT FLASH_CACHE DEFAULT CELL_FLASH_CACHE DEFAULT)
  TABLESPACE "USERS" ;
--------------------------------------------------------
--  DDL for Index PER_SAN_USUARIO_UK
--------------------------------------------------------

  CREATE UNIQUE INDEX "CENTRO_AYUDA"."PER_SAN_USUARIO_UK" ON "CENTRO_AYUDA"."PERSONAL_SANATORIO" ("USUARIO") 
  PCTFREE 10 INITRANS 2 MAXTRANS 255 COMPUTE STATISTICS 
  STORAGE(INITIAL 65536 NEXT 1048576 MINEXTENTS 1 MAXEXTENTS 2147483645
  PCTINCREASE 0 FREELISTS 1 FREELIST GROUPS 1
  BUFFER_POOL DEFAULT FLASH_CACHE DEFAULT CELL_FLASH_CACHE DEFAULT)
  TABLESPACE "USERS" ;
--------------------------------------------------------
--  DDL for Index PERSONAL_SANATORIO_PK
--------------------------------------------------------

  CREATE UNIQUE INDEX "CENTRO_AYUDA"."PERSONAL_SANATORIO_PK" ON "CENTRO_AYUDA"."PERSONAL_SANATORIO" ("ID_PERSONAL") 
  PCTFREE 10 INITRANS 2 MAXTRANS 255 COMPUTE STATISTICS 
  STORAGE(INITIAL 65536 NEXT 1048576 MINEXTENTS 1 MAXEXTENTS 2147483645
  PCTINCREASE 0 FREELISTS 1 FREELIST GROUPS 1
  BUFFER_POOL DEFAULT FLASH_CACHE DEFAULT CELL_FLASH_CACHE DEFAULT)
  TABLESPACE "APEX_1340948448228389" ;
--------------------------------------------------------
--  DDL for Index SYS_IL0000078543C00007$$
--------------------------------------------------------

  CREATE UNIQUE INDEX "CENTRO_AYUDA"."SYS_IL0000078543C00007$$" ON "CENTRO_AYUDA"."ADJUNTO" (
  PCTFREE 10 INITRANS 2 MAXTRANS 255 
  STORAGE(INITIAL 65536 NEXT 1048576 MINEXTENTS 1 MAXEXTENTS 2147483645
  PCTINCREASE 0 FREELISTS 1 FREELIST GROUPS 1
  BUFFER_POOL DEFAULT FLASH_CACHE DEFAULT CELL_FLASH_CACHE DEFAULT)
  TABLESPACE "APEX_1340948448228389" 
  PARALLEL (DEGREE 0 INSTANCES 0) ;
--------------------------------------------------------
--  DDL for Index USUARIO_SUC_PER_UK
--------------------------------------------------------

  CREATE UNIQUE INDEX "CENTRO_AYUDA"."USUARIO_SUC_PER_UK" ON "CENTRO_AYUDA"."USUARIO_SUC" ("ID_PERSONAL_SANATORIO") 
  PCTFREE 10 INITRANS 2 MAXTRANS 255 COMPUTE STATISTICS 
  STORAGE(INITIAL 65536 NEXT 1048576 MINEXTENTS 1 MAXEXTENTS 2147483645
  PCTINCREASE 0 FREELISTS 1 FREELIST GROUPS 1
  BUFFER_POOL DEFAULT FLASH_CACHE DEFAULT CELL_FLASH_CACHE DEFAULT)
  TABLESPACE "APEX_1340948448228389" ;
--------------------------------------------------------
--  DDL for Index USUARIO_SUC_PK
--------------------------------------------------------

  CREATE UNIQUE INDEX "CENTRO_AYUDA"."USUARIO_SUC_PK" ON "CENTRO_AYUDA"."USUARIO_SUC" ("D_SUC_DEPDEPARTAMEN_ID_SECCION") 
  PCTFREE 10 INITRANS 2 MAXTRANS 255 COMPUTE STATISTICS 
  STORAGE(INITIAL 65536 NEXT 1048576 MINEXTENTS 1 MAXEXTENTS 2147483645
  PCTINCREASE 0 FREELISTS 1 FREELIST GROUPS 1
  BUFFER_POOL DEFAULT FLASH_CACHE DEFAULT CELL_FLASH_CACHE DEFAULT)
  TABLESPACE "APEX_1340948448228389" ;
--------------------------------------------------------
--  DDL for Trigger ADJUNTO_TRG
--------------------------------------------------------

  CREATE OR REPLACE EDITIONABLE TRIGGER "CENTRO_AYUDA"."ADJUNTO_TRG" 
  before insert
  on ADJUNTO 
  for each row 
begin
  if :new.id_adjunto is null then

    :new.id_adjunto := SEQ_ADJUNTO.Nextval;
  end if;
end ADJUNTO_TRG;
/
ALTER TRIGGER "CENTRO_AYUDA"."ADJUNTO_TRG" ENABLE;
--------------------------------------------------------
--  DDL for Trigger BITACORA_AUD_TRG
--------------------------------------------------------

  CREATE OR REPLACE EDITIONABLE TRIGGER "CENTRO_AYUDA"."BITACORA_AUD_TRG" 
  after insert or update or delete
  on CA_BITACORA 
  REFERENCING NEW AS NEW OLD AS OLD
  for each row
  /*
    CREADO POR: PABLO_CESPEDES
    FECHA: 11/03/2019
    DISPARADOR PARA INSERTAR REGISTRO DE AGREGADO, ACTUALIZADO O ELIMINADO DE LA TABLA DE CA_BITACORA A LA TABLA CA_BITACORA_JN
  */
declare
  V_OPERACION VARCHAR2(3);

begin    
  IF INSERTING OR UPDATING THEN
    IF INSERTING THEN
       V_OPERACION := 'INS';
    ELSE
       V_OPERACION := 'UPD';
  END IF;

  INSERT INTO CA_BITACORA_JN 
    VALUES(:new.id_bitacora
           ,:new.incidencia_id
           ,:new.personal_id
           ,:new.tiempo_trab
           ,:new.inicio_trab
           ,:new.descripcion
           ,V_OPERACION
           ,SYSDATE
           ,:new.user_web 
           ,:new.fecha
           ,:new.editado
    );

    ELSIF DELETING THEN
      V_OPERACION := 'DEL'; 
      INSERT INTO CA_BITACORA_JN 
        VALUES(:old.id_bitacora
               ,:old.incidencia_id
               ,:old.personal_id
               ,:old.tiempo_trab
               ,:old.inicio_trab
               ,:old.descripcion
               ,V_OPERACION
               ,SYSDATE
               ,:old.user_web 
               ,:old.fecha 
               ,:old.editado
       );
    END IF;
end;
/
ALTER TRIGGER "CENTRO_AYUDA"."BITACORA_AUD_TRG" ENABLE;
--------------------------------------------------------
--  DDL for Trigger CA_ADJUNTO_HISTORIAL
--------------------------------------------------------

  CREATE OR REPLACE EDITIONABLE TRIGGER "CENTRO_AYUDA"."CA_ADJUNTO_HISTORIAL" 
  after insert or update or delete
  on CA_ADJ_X_INCI 
  REFERENCING NEW AS NEW OLD AS OLD
  for each row
  /*
     CREADO POR: PABLO A. CESPEDES
     FECHA: 23/05/2019
     OBJ.: DISPARADOR QUE REGISTRA DENTRO DE LA TABLA CA_HISTORIAL_CAMBIO SI UN REGISTRO DE LA TABLA CA_ADJ_X_INCI(ADJUNTO POR INCIDENCIA)
           FUE CREADO O MODIFICADO.

     MODIFICADO: PARA SOLUCIONAR TIPO DE COMENTARIO 
     FECHA MOD.:24/05/2019
  */
DECLARE
v_operacion       VARCHAR2(3);

BEGIN

   IF INSERTING OR UPDATING THEN
     IF INSERTING THEN
       v_operacion := 'INS';
     ELSE
       v_operacion := 'UPD';
     END IF;


   INSERT INTO ca_historial_cambio VALUES( NULL,
                                          :new.INCIDENCIA_ID,
                                          ca_id_usuario(p_user => :new.user_web),
                                          'ADJUNTO',
                                          :old.adjunto_id,
                                          :new.adjunto_id,
                                          SYSDATE,
                                          (SELECT c.tipo_comentario FROM ca_comentario c WHERE c.id_comentario = :new.id_comentario),
                                          :new.user_web,
                                          v_operacion);
    ELSIF DELETING THEN
      v_operacion := 'DEL';
      INSERT INTO ca_historial_cambio VALUES( NULL,
                                              :old.INCIDENCIA_ID,
                                              ca_id_usuario(p_user => :old.user_web),
                                              'ADJUNTO',
                                              :old.adjunto_id,
                                              'ADJUNTO ELIMINADO',
                                              SYSDATE,
                                              (SELECT c.tipo_comentario FROM ca_comentario c WHERE c.id_comentario = :old.id_comentario),
                                              :old.user_web,
                                              v_operacion
      );

    DELETE FROM adjunto a WHERE a.id_adjunto = :old.adjunto_id;
   END IF;
END;
/
ALTER TRIGGER "CENTRO_AYUDA"."CA_ADJUNTO_HISTORIAL" ENABLE;
--------------------------------------------------------
--  DDL for Trigger CA_ADJ_X_INCI_AUD_TRG
--------------------------------------------------------

  CREATE OR REPLACE EDITIONABLE TRIGGER "CENTRO_AYUDA"."CA_ADJ_X_INCI_AUD_TRG" 
  after insert or update or delete
  on CA_ADJ_X_INCI
  for each row
  /*
    CREADO POR: PABLO_CESPEDES
    FECHA: 23/05/2019
    DISPARADOR PARA INSERTAR REGISTRO DE AGREGADO, ACTUALIZADO O ELIMINADO DE LA TABLA DE CA_ADJ_X_INCI A LA TABLA CA_ADJ_X_INCI_JN
  */
declare
  V_OPERACION VARCHAR2(3);
begin    
  IF INSERTING OR UPDATING THEN
    IF INSERTING THEN
       V_OPERACION := 'INS';
    ELSE
       V_OPERACION := 'UPD';
    END IF;

    INSERT INTO CA_ADJ_X_INCI_JN(INCIDENCIA_ID,
                                 ADJUNTO_ID,
                                 FECHA,
                                 USER_WEB,
                                 ID_COMENTARIO,
                                 JN_OPERATION,
                                 JN_DATETIME,
                                 TIPO_ADJUNTO)
                                VALUES(
                                       :new.incidencia_id,
                                       :new.adjunto_id,
                                       :new.fecha,
                                       :new.user_web,
                                       :new.id_comentario,
                                       V_OPERACION,
                                       SYSDATE,
                                       :new.tipo_adjunto);
   ELSIF DELETING THEN
      V_OPERACION := 'DEL';
      INSERT INTO CA_ADJ_X_INCI_JN(INCIDENCIA_ID,
                                   ADJUNTO_ID,
                                   FECHA,
                                   USER_WEB,
                                   ID_COMENTARIO,
                                   JN_OPERATION,
                                   JN_DATETIME,
                                   TIPO_ADJUNTO) 
                                   VALUES(:old.incidencia_id,
                                          :old.adjunto_id,
                                          :old.fecha,
                                          :old.user_web,
                                          :old.id_comentario,
                                          V_OPERACION,
                                          SYSDATE,
                                          :old.tipo_adjunto);
  END IF;
end CA_ADJ_X_INCI_AUD_TRG;
/
ALTER TRIGGER "CENTRO_AYUDA"."CA_ADJ_X_INCI_AUD_TRG" ENABLE;
--------------------------------------------------------
--  DDL for Trigger CA_APLICACION_INCIDENCIA_TRG
--------------------------------------------------------

  CREATE OR REPLACE EDITIONABLE TRIGGER "CENTRO_AYUDA"."CA_APLICACION_INCIDENCIA_TRG" 
  after update of APLICACION_ID
  on CA_INCIDENCIA 
  for each row
  /*
    CREADO POR: PABLO A. CESPEDES
    FECHA: 25/06/2019
    OBJ.: REGISTRAR ACTUALIZACIONES DENTRO DEL CAMPO APLICACION_ID DE LA TABLA CA_INCIDENCIA DENTRO DE LA TABLA CA_HISTORIAL_CAMBIO
  */

begin
  INSERT INTO ca_historial_cambio(id_hist_cam,
                                  incidencia_id,
                                  personal_id,
                                  campo,
                                  est_ant,
                                  est_sig,
                                  fecha,
                                  tipo,
                                  user_web,
                                  operacion)
                           VALUES( NULL,
                                   :new.id_incidencia,
                                   CA_ID_USUARIO(:new.user_web),
                                   'APLICACION',
                                   :old.aplicacion_id,
                                   :new.aplicacion_id,
                                   SYSDATE,
                                   NULL,
                                   :new.user_web,
                                   'UPD');
end CA_APLICACION_INCIDENCIA_TRG;
/
ALTER TRIGGER "CENTRO_AYUDA"."CA_APLICACION_INCIDENCIA_TRG" ENABLE;
--------------------------------------------------------
--  DDL for Trigger CA_BIT_CREADA_HC_TRG
--------------------------------------------------------

  CREATE OR REPLACE EDITIONABLE TRIGGER "CENTRO_AYUDA"."CA_BIT_CREADA_HC_TRG" 
  AFTER INSERT
  ON CA_BITACORA 
  FOR EACH ROW
  /*
    CREADO POR: PABLO A. CESPEDES.
    FECHA: 12/05/2019.
    ACCION: DISPARADOR QUE REGISTRA DENTRO DE LA TABLA CA_HISTORIAL_CAMBIO EL INSERT DENTRO DE LA TABLA CA_BITACORA.
  */
BEGIN
  INSERT INTO ca_historial_cambio VALUES( NULL
                                          ,:new.incidencia_id
                                          ,:new.personal_id
                                          ,'REGISTRO_DE_TRABAJO_CREADO'
                                          ,'CREADO'
                                          ,:new.descripcion
                                          ,SYSDATE
                                          ,NULL
                                          ,:new.user_web
                                          ,'INS');
END;
/
ALTER TRIGGER "CENTRO_AYUDA"."CA_BIT_CREADA_HC_TRG" ENABLE;
--------------------------------------------------------
--  DDL for Trigger CA_COMENT_EDIT_IS_NULL
--------------------------------------------------------

  CREATE OR REPLACE EDITIONABLE TRIGGER "CENTRO_AYUDA"."CA_COMENT_EDIT_IS_NULL" 
  before insert
  on CA_COMENTARIO 
  for each row
  /*
    CREADO POR: PABLO A.CESPEDES
    FECHA: 21/05/2019
    OBJ.: FUNCION QUE ASIGNA EL VALOR "NO" A LA COLUMNA EDITADO DE LA TABLA CA_COMENTARIO
  */
begin
  IF :new.id_comentario IS NULL THEN
    :new.id_comentario := SEQ_CA_COMENTARIO.NEXTVAL;
  END IF;
  IF :new.editado IS NULL THEN
    :new.editado := 'NO';
  END IF;
end CA_COMENT_EDIT_IS_NULL;
/
ALTER TRIGGER "CENTRO_AYUDA"."CA_COMENT_EDIT_IS_NULL" ENABLE;
--------------------------------------------------------
--  DDL for Trigger CA_CONTROL_ACCESO_TRG
--------------------------------------------------------

  CREATE OR REPLACE EDITIONABLE TRIGGER "CENTRO_AYUDA"."CA_CONTROL_ACCESO_TRG" 
  AFTER INSERT OR DELETE
  ON CA_CONTROL_ACCESO 
  FOR EACH ROW

BEGIN
  IF INSERTING THEN
        DELETE FROM ca_proyecto_principal a 
        WHERE a.personal_id = :new.personal_id 
          AND a.proyecto_id = :new.proyecto_id 
          AND a.app_id      = :new.app_id;
        INSERT INTO ca_proyecto_principal(personal_id,
                                          proyecto_id,
                                          user_web,
                                          app_id)
                                   VALUES(:new.personal_id,
                                          :new.proyecto_id,
                                          :new.user_web,
                                          :new.app_id);

  ELSIF DELETING THEN
    DELETE FROM ca_proyecto_principal a
    WHERE a.personal_id = :old.personal_id
      AND a.proyecto_id = :old.proyecto_id
      AND a.app_id      = :old.app_id;
  END IF;
END CA_CONTROL_ACCESO_TRG;
/
ALTER TRIGGER "CENTRO_AYUDA"."CA_CONTROL_ACCESO_TRG" ENABLE;
--------------------------------------------------------
--  DDL for Trigger CA_CREACION_INCIDENCIA_TRG
--------------------------------------------------------

  CREATE OR REPLACE EDITIONABLE TRIGGER "CENTRO_AYUDA"."CA_CREACION_INCIDENCIA_TRG" 
  after insert
  on CA_INCIDENCIA 
  for each row
   /*
      CREADO POR: PABLO A. CESPEDES.
      FECHA: 29/04/2019.
      REGISTRO DE CREACI?N DE LA INCIDENCIA DENTRO DEL HISTORICO DE CAMBIOS(CA_HISTORIAL_CAMBIO).
   */
declare
v_autorizacion  NUMBER;
v_email         VARCHAR2(4000);
begin
  INSERT INTO ca_historial_cambio VALUES(NULL
                                         ,:new.id_incidencia
                                         ,CA_ID_USUARIO(p_user => :new.user_web)
                                         ,'INCIDENCIA'
                                         ,'CREADO'
                                         ,'CREADO'
                                         ,SYSDATE
                                         ,NULL
                                         ,:new.user_web
                                         ,'INS'
                                         );                                                                                                        
end CA_CREACION_INCIDENCIA_TRG;
/
ALTER TRIGGER "CENTRO_AYUDA"."CA_CREACION_INCIDENCIA_TRG" ENABLE;
--------------------------------------------------------
--  DDL for Trigger CA_DESCRIPTION_BR_ENTER
--------------------------------------------------------

  CREATE OR REPLACE EDITIONABLE TRIGGER "CENTRO_AYUDA"."CA_DESCRIPTION_BR_ENTER" 
  before insert or update of descripcion
  on CA_INCIDENCIA 
  for each row
/*
  15/07/19
  TRIGGER QUE REEMPLAZA LOS SALTOS DE LINEA DE LA DESCRIPCION DE LA INCIDENCIA
*/

begin

  :new.descripcion := replace(replace(:new.descripcion,chr(10),''),chr(13),'');

end CA_DESCRIPTION_BR_ENTER;
/
ALTER TRIGGER "CENTRO_AYUDA"."CA_DESCRIPTION_BR_ENTER" ENABLE;
--------------------------------------------------------
--  DDL for Trigger CA_FLUJO_ESTADO_AUD_TRG
--------------------------------------------------------

  CREATE OR REPLACE EDITIONABLE TRIGGER "CENTRO_AYUDA"."CA_FLUJO_ESTADO_AUD_TRG" 
  after insert or update or delete
  on CA_FLUJO_ESTADO 
  for each row
    /*
    CREADO POR: PABLO_CESPEDES
    FECHA: 28/04/2019
    DISPARADOR PARA INSERTAR REGISTRO DE AGREGADO, ACTUALIZADO O ELIMINADO DE LA TABLA DE CA_ESTADO A LA TABLA CA_ESTADO_JN
  */
declare
  V_OPERACION VARCHAR2(3);
BEGIN
  IF INSERTING OR UPDATING THEN
    IF INSERTING THEN
       V_OPERACION := 'INS';
    ELSE
       V_OPERACION := 'UPD';
    END IF;

    INSERT INTO CA_FLUJO_ESTADO_JN
    VALUES(:new.id_flu_est
           ,:new.id_estado
           ,V_OPERACION
           ,SYSDATE 
           ,:new.user_web  
           );

     ELSIF DELETING THEN
        V_OPERACION := 'DEL'; 

        INSERT INTO CA_FLUJO_ESTADO_JN
         VALUES(:old.id_flu_est
               ,:old.id_estado
               ,V_OPERACION
               ,SYSDATE 
               ,:old.user_web 
         );
    END IF;      

end CA_FLUJO_ESTADO_AUD_TRG;
/
ALTER TRIGGER "CENTRO_AYUDA"."CA_FLUJO_ESTADO_AUD_TRG" ENABLE;
--------------------------------------------------------
--  DDL for Trigger CA_GET_PK_CONTROL_ACCESO
--------------------------------------------------------

  CREATE OR REPLACE EDITIONABLE TRIGGER "CENTRO_AYUDA"."CA_GET_PK_CONTROL_ACCESO" 
  before insert
  on CA_CONTROL_ACCESO 
  for each row
  /*
    CREADO POR: PABLO A. CESPEDES
    FECHA: 07/06/2019
    OBJ.: GENERAR ID PARA INSERCIONES CON PARAMETRO NULL
  */
begin
  IF INSERTING THEN
    IF :new.id_control_acceso IS NULL THEN
      :new.id_control_acceso := seq_ca_control_access.nextval;
    END IF;
  END IF;
end CA_GET_PK_CONTROL_ACCESO;
/
ALTER TRIGGER "CENTRO_AYUDA"."CA_GET_PK_CONTROL_ACCESO" ENABLE;
--------------------------------------------------------
--  DDL for Trigger CA_HIST_BIT_DELETE_TRG
--------------------------------------------------------

  CREATE OR REPLACE EDITIONABLE TRIGGER "CENTRO_AYUDA"."CA_HIST_BIT_DELETE_TRG" 
  AFTER DELETE
  ON CA_BITACORA 
  FOR EACH ROW
  /*
    -CREADO POR: PABLO A. CESPEDES.
    -FECHA: 10/05/2019.
    -ACCION: DISPARADOR QUE INSERTA UN REGISTRO DE ELIMINADO DENTRO DE LA TABLA CA_HISTORIAL_CAMBIO
    CUANDO SE ELIMINA UN REGISTRO DENTRO DE LA TABLA CA_BITACORA
  */
BEGIN
  INSERT INTO ca_historial_cambio VALUES( NULL
                                          ,:old.incidencia_id
                                          ,:old.personal_id
                                          ,'REGISTRO_DE_TRABAJO'
                                          ,:old.descripcion
                                          ,'ELIMINADO'
                                          ,SYSDATE
                                          ,NULL
                                          ,:old.user_web
                                          ,'DEL');
END;
/
ALTER TRIGGER "CENTRO_AYUDA"."CA_HIST_BIT_DELETE_TRG" ENABLE;
--------------------------------------------------------
--  DDL for Trigger CA_HIST_DESCRIPCION_TRG
--------------------------------------------------------

  CREATE OR REPLACE EDITIONABLE TRIGGER "CENTRO_AYUDA"."CA_HIST_DESCRIPCION_TRG" 
  AFTER UPDATE OF descripcion
  ON CA_BITACORA 
  FOR EACH ROW
 /*
    -CREADO POR: PABLO A. CESPEDES.
    -FECHA: 10/05/2019.
    -ACCION: DISPARADOR QUE INSERTA UN REGISTRO DENTRO DE LA TABLA CA_HISTORIAL_CAMBIO,
    CUANDO HAY UN UPDATE DENTRO DE LA COLUMNA DESCRIPCION EN LA TABLA CA_BITACORA.
    -ABREVIATURAS: 
      * RT_DESC : REGISTRO DE TRABAJO EN DESCRIPCION
  */
BEGIN 
  INSERT INTO CA_HISTORIAL_CAMBIO 
    VALUES( NULL
           ,:new.incidencia_id
           ,:new.personal_id
           ,'RT_DESC'
           ,:old.descripcion
           ,:new.descripcion
           ,SYSDATE
           ,NULL
           ,:new.user_web 
           ,'UPD'
    );    
END;
/
ALTER TRIGGER "CENTRO_AYUDA"."CA_HIST_DESCRIPCION_TRG" ENABLE;
--------------------------------------------------------
--  DDL for Trigger CA_HISTORIAL_CAMBIO_ESTADOS
--------------------------------------------------------

  CREATE OR REPLACE EDITIONABLE TRIGGER "CENTRO_AYUDA"."CA_HISTORIAL_CAMBIO_ESTADOS" 
  after update of ESTADO_ID
  on CA_INCIDENCIA 
  for each row
  /*
    CREADO POR: PABLO A. CESPEDES.
    FECHA: 10/06/2019.
    OBJ.: REGISTRO EN LA TABLA CA_HISTORIAL_CAMBIO CUANDO SE ACTUALIZA EL ESTADO DE LA INCIDENCIA
  */
begin
  IF :new.estado_id IS NOT NULL THEN
 INSERT INTO ca_historial_cambio VALUES( NULL
                                        ,:new.id_incidencia
                                        ,CA_ID_USUARIO(p_user => :new.user_web)
                                        ,'ESTADO_ID'
                                        ,:old.estado_id
                                        ,:new.estado_id
                                        ,SYSDATE
                                        ,1 --CLIENTE
                                        ,:new.user_web
                                        ,'UPD');
 END IF; 
end CA_HISTORIAL_CAMBIO_ESTADOS;
/
ALTER TRIGGER "CENTRO_AYUDA"."CA_HISTORIAL_CAMBIO_ESTADOS" ENABLE;
--------------------------------------------------------
--  DDL for Trigger CA_HISTORIAL_CAMBIO_TRG
--------------------------------------------------------

  CREATE OR REPLACE EDITIONABLE TRIGGER "CENTRO_AYUDA"."CA_HISTORIAL_CAMBIO_TRG" 
  AFTER INSERT
  ON CA_COMENTARIO 
  FOR EACH ROW
    /*
      CREADO POR: PABLO A. CESPEDES.
      FECHA: 29/04/2019
      FUNCION PARA INSERTAR REGISTRO DEL HISTORIAL SOBRE UNA INSERCION DENTRO DE LA TABLA DE CA_COMENTARIO, EN LA TABLA CA_HISTORIAL_CAMBIO
    */

BEGIN
      INSERT INTO ca_historial_cambio VALUES(NULL
                                        ,:new.incidencia_id
                                        ,:new.personal_id
                                        ,'COMENTARIO'
                                        ,NULL
                                        ,:new.descripcion
                                        ,SYSDATE
                                        ,:new.tipo_comentario
                                        ,:new.user_web
                                        ,'INS');

END;
/
ALTER TRIGGER "CENTRO_AYUDA"."CA_HISTORIAL_CAMBIO_TRG" ENABLE;
--------------------------------------------------------
--  DDL for Trigger CA_HIST_TIEMPO_TRAB_TRG
--------------------------------------------------------

  CREATE OR REPLACE EDITIONABLE TRIGGER "CENTRO_AYUDA"."CA_HIST_TIEMPO_TRAB_TRG" 
  AFTER UPDATE OF tiempo_trab
  ON CA_BITACORA 
  FOR EACH ROW
    /*
    -CREADO POR: PABLO A. CESPEDES.
    -FECHA: 12/05/2019.
    -ACCION: DISPARADOR QUE INSERTA UN REGISTRO DENTRO DE LA TABLA CA_HISTORIAL_CAMBIO,
    CUANDO HAY UN UPDATE DENTRO DE LA COLUMNA TIEMPO_TRAB EN LA TABLA CA_BITACORA.
    -ABREVIATURAS: 
      * RT_TT : REGISTRO DE TRABAJO EN TIEMPO TRABAJADO
  */
BEGIN      
  INSERT INTO CA_HISTORIAL_CAMBIO 
    VALUES( NULL
           ,:new.incidencia_id
           ,:new.personal_id
           ,'RT_TT'
           ,:old.tiempo_trab
           ,:new.tiempo_trab
           ,SYSDATE
           ,NULL
           ,:new.user_web 
           ,'UPD'
    );    
END;
/
ALTER TRIGGER "CENTRO_AYUDA"."CA_HIST_TIEMPO_TRAB_TRG" ENABLE;
--------------------------------------------------------
--  DDL for Trigger CA_HIT_INICIO_TRAB_TRG
--------------------------------------------------------

  CREATE OR REPLACE EDITIONABLE TRIGGER "CENTRO_AYUDA"."CA_HIT_INICIO_TRAB_TRG" 
  AFTER UPDATE OF inicio_trab
  ON CA_BITACORA 
  FOR EACH ROW
 /*
    -CREADO POR: PABLO A. CESPEDES.
    -FECHA: 12/05/2019.
    -ACCION: DISPARADOR QUE INSERTA UN REGISTRO DENTRO DE LA TABLA CA_HISTORIAL_CAMBIO,
    CUANDO HAY UN UPDATE DENTRO DE LA COLUMNA INICIO_TRAB EN LA TABLA CA_BITACORA.
    -ABREVIATURAS: 
      * RT_IT : REGISTRO DE TRABAJO EN INICIO TRABAJADO
  */
BEGIN     

  INSERT INTO CA_HISTORIAL_CAMBIO 
    VALUES( NULL
           ,:new.incidencia_id
           ,:new.personal_id
           ,'RT_IT'
           ,TO_CHAR(:old.inicio_trab, 'DD/MM/YYYY HH24:MI')
           ,TO_CHAR(:new.inicio_trab, 'DD/MM/YYYY HH24:MI')
           ,SYSDATE
           ,NULL
           ,:new.user_web 
           ,'UPD'
    );    
END;
/
ALTER TRIGGER "CENTRO_AYUDA"."CA_HIT_INICIO_TRAB_TRG" ENABLE;
--------------------------------------------------------
--  DDL for Trigger CA_ICONO_GROUP_NULL
--------------------------------------------------------

  CREATE OR REPLACE EDITIONABLE TRIGGER "CENTRO_AYUDA"."CA_ICONO_GROUP_NULL" 
  before insert
  on ca_iconos 
  for each row
  /*
     CREADO POR: PABLO A. CESPEDES
     FECHA: 21/05/2019 
     OBJ: DEFINIR EL VALOR A "INDEFINIDO" DE LA COLUMNA GRUPO SI EL VALOR A SER INSERTADO ES NULL
  */
begin
  IF :new.grupo IS NULL THEN
    :new.grupo := 'INDEFINIDO';
  END IF;
end CA_ICONO_GROUP_NULL;
/
ALTER TRIGGER "CENTRO_AYUDA"."CA_ICONO_GROUP_NULL" ENABLE;
--------------------------------------------------------
--  DDL for Trigger CA_ICONOS_AUD_TRG
--------------------------------------------------------

  CREATE OR REPLACE EDITIONABLE TRIGGER "CENTRO_AYUDA"."CA_ICONOS_AUD_TRG" 
  AFTER INSERT OR DELETE OR UPDATE
  ON CA_ICONOS 
  REFERENCING NEW AS NEW OLD AS OLD
  FOR EACH ROW
    /*
      CREADO POR: PABLO_CESPEDES
      FECHA: 09/04/2019
      DISPARADOR PARA INSERTAR REGISTRO DE AGREGADO, ACTUALIZADO O ELIMINADO DE LA TABLA DE CA_ICONOS A LA TABLA CA_ICONOS_JN
    */
DECLARE
  V_OPERACION   VARCHAR2(3);

BEGIN
  IF INSERTING OR UPDATING THEN
     IF INSERTING THEN
        V_OPERACION := 'INS';
     ELSE
        V_OPERACION := 'UPD';
     END IF;

     INSERT INTO CA_ICONOS_JN
     VALUES(:new.icon_id
            ,:new.descripcion
            ,:new.grupo
            ,V_OPERACION
            ,SYSDATE
            ,:new.user_web    
     );

   ELSIF DELETING THEN
      V_OPERACION := 'DEL';
      INSERT INTO CA_ICONOS_JN
          VALUES(:old.icon_id
                 ,:old.descripcion
                 ,:old.grupo
                 ,V_OPERACION
                 ,SYSDATE
                 ,:old.user_web        
          );
    END IF;           
END;
/
ALTER TRIGGER "CENTRO_AYUDA"."CA_ICONOS_AUD_TRG" ENABLE;
--------------------------------------------------------
--  DDL for Trigger CA_INCIDENCIA_CAN_COM_TRG
--------------------------------------------------------

  CREATE OR REPLACE EDITIONABLE TRIGGER "CENTRO_AYUDA"."CA_INCIDENCIA_CAN_COM_TRG" 
  after update of can_comu_id
  on CA_INCIDENCIA 
  for each row
    /*
      CREADO POR: PABLO A. CESPEDES.
      FECHA: 29/04/2019
      DISPARADOR PARA REGISTRAR LA ACTUALIZACION DE LA COLUMNA CAN_COMU_ID DE LA TABLA CA_INCIDENCIA EN LA TABLA CA_HISTORIAL_CAMBIO
    */
begin
    INSERT INTO ca_historial_cambio VALUES( NULL
                                            ,:new.id_incidencia
                                            ,CA_ID_USUARIO(p_user => :new.user_web)
                                            ,'CAN_COMU_ID'
                                            ,:old.can_comu_id
                                            ,:new.can_comu_id
                                            ,SYSDATE
                                            ,2
                                            ,:new.user_web
                                            ,'UPD');
end CA_INCIDENCIA_CAN_COM_TRG;
/
ALTER TRIGGER "CENTRO_AYUDA"."CA_INCIDENCIA_CAN_COM_TRG" ENABLE;
--------------------------------------------------------
--  DDL for Trigger CA_INCIDENCIA_CATEGORIA_TRG
--------------------------------------------------------

  CREATE OR REPLACE EDITIONABLE TRIGGER "CENTRO_AYUDA"."CA_INCIDENCIA_CATEGORIA_TRG" 
  after update of CATEGORIA_ID
  on CA_INCIDENCIA 
  for each row
    /*
      CREADO POR: PABLO A. CESPEDES.
      FECHA: 29/04/2019
      DISPARADOR PARA REGISTRAR LA ACTUALIZACION DE LA COLUMNA CATEGORIA_ID DE LA TABLA CA_INCIDENCIA EN LA TABLA CA_HISTORIAL_CAMBIO
    */
begin
 IF :new.categoria_id IS NOT NULL THEN
     INSERT INTO ca_historial_cambio VALUES( NULL
                                            ,:new.id_incidencia
                                            ,CA_ID_USUARIO(p_user => :new.user_web)
                                            ,'CATEGORIA_ID'
                                            ,:old.categoria_id
                                            ,:new.categoria_id
                                            ,SYSDATE
                                            ,2 -- INTERNO
                                            ,:new.user_web
                                            ,'UPD');


 END IF;                                        
end CA_INCIDENCIA_CATEGORIA_TRG;
/
ALTER TRIGGER "CENTRO_AYUDA"."CA_INCIDENCIA_CATEGORIA_TRG" ENABLE;
--------------------------------------------------------
--  DDL for Trigger CA_INCIDENCIA_CLIENTE_TRG
--------------------------------------------------------

  CREATE OR REPLACE EDITIONABLE TRIGGER "CENTRO_AYUDA"."CA_INCIDENCIA_CLIENTE_TRG" 
  after update of cliente_id
  on CA_INCIDENCIA 
  for each row
    /*
      CREADO POR: PABLO A. CESPEDES.
      FECHA: 29/04/2019
      DISPARADOR PARA REGISTRAR LA ACTUALIZACION DE LA COLUMNA CLIENTE_ID DE LA TABLA CA_INCIDENCIA EN LA TABLA CA_HISTORIAL_CAMBIO
    */
begin
  INSERT INTO ca_historial_cambio VALUES( NULL
                                          ,:new.id_incidencia
                                          ,CA_ID_USUARIO(p_user => :new.user_web)
                                          ,'CLIENTE_ID'
                                          ,:old.cliente_id
                                          ,:new.cliente_id
                                          ,SYSDATE
                                          ,1 --CLIENTE. MOD 18/07/19
                                          ,:new.user_web
                                          ,'UPD');
end CA_INCIDENCIA_CLIENTE_TRG;
/
ALTER TRIGGER "CENTRO_AYUDA"."CA_INCIDENCIA_CLIENTE_TRG" ENABLE;
--------------------------------------------------------
--  DDL for Trigger CA_INCIDENCIA_COMPLEJIDAD_ID
--------------------------------------------------------

  CREATE OR REPLACE EDITIONABLE TRIGGER "CENTRO_AYUDA"."CA_INCIDENCIA_COMPLEJIDAD_ID" 
  after update of complejidad_id
  on CA_INCIDENCIA 
  for each row
    /*
      CREADO POR: PABLO A. CESPEDES.
      FECHA: 29/04/2019
      DISPARADOR PARA REGISTRAR LA ACTUALIZACION DE LA COLUMNA COMPLEJIDAD_ID DE LA TABLA CA_INCIDENCIA EN LA TABLA CA_HISTORIAL_CAMBIO
    */
begin
  INSERT INTO ca_historial_cambio VALUES( NULL
                                          ,:new.id_incidencia
                                          ,CA_ID_USUARIO(p_user => :new.user_web)
                                          ,'COMPLEJIDAD_ID'
                                          ,:old.complejidad_id
                                          ,:new.complejidad_id
                                          ,SYSDATE
                                          ,2 --INTERNO
                                          ,:new.user_web
                                          ,'UPD');
end CA_INCIDENCIA_COMPLEJIDAD_ID;
/
ALTER TRIGGER "CENTRO_AYUDA"."CA_INCIDENCIA_COMPLEJIDAD_ID" ENABLE;
--------------------------------------------------------
--  DDL for Trigger CA_INCIDENCIA_DESCRIPCION_TRG
--------------------------------------------------------

  CREATE OR REPLACE EDITIONABLE TRIGGER "CENTRO_AYUDA"."CA_INCIDENCIA_DESCRIPCION_TRG" 
  after update of descripcion
  on CA_INCIDENCIA 
  for each row
    /*
      CREADO POR: PABLO A. CESPEDES.
      FECHA: 29/04/2019
      DISPARADOR PARA REGISTRAR LA ACTUALIZACION DE LA COLUMNA DESCRIPCION DE LA TABLA CA_INCIDENCIA EN LA TABLA CA_HISTORIAL_CAMBIO
    */
begin
  INSERT INTO ca_historial_cambio VALUES( NULL
                                          ,:new.id_incidencia
                                          ,CA_ID_USUARIO(p_user => :new.user_web)
                                          ,'DESCRIPCION'
                                          ,:old.descripcion
                                          ,:new.descripcion
                                          ,SYSDATE
                                          ,1 --CLIENTE
                                          ,:new.user_web
                                          ,'UPD');  
end CA_INCIDENCIA_DESCRIPCION_TRG;
/
ALTER TRIGGER "CENTRO_AYUDA"."CA_INCIDENCIA_DESCRIPCION_TRG" ENABLE;
--------------------------------------------------------
--  DDL for Trigger CA_INCIDENCIA_INFORMADOR_TRG
--------------------------------------------------------

  CREATE OR REPLACE EDITIONABLE TRIGGER "CENTRO_AYUDA"."CA_INCIDENCIA_INFORMADOR_TRG" 
  after update of informador_id
  on CA_INCIDENCIA 
  for each row
   /*
      CREADO POR: PABLO A. CESPEDES.
      FECHA: 29/04/2019
      DISPARADOR PARA REGISTRAR LA ACTUALIZACION DE LA COLUMNA INFORMADOR_ID DE LA TABLA CA_INCIDENCIA EN LA TABLA CA_HISTORIAL_CAMBIO
    */
begin
  INSERT INTO ca_historial_cambio VALUES( NULL
                                          ,:new.id_incidencia
                                          ,CA_ID_USUARIO(p_user => :new.user_web)
                                          ,'INFORMADOR_ID'
                                          ,:old.informador_id
                                          ,:new.informador_id
                                          ,SYSDATE
                                          ,2 --INTERNO
                                          ,:new.user_web
                                          ,'UPD');
end CA_INCIDENCIA_INFORMADOR_TRG;
/
ALTER TRIGGER "CENTRO_AYUDA"."CA_INCIDENCIA_INFORMADOR_TRG" ENABLE;
--------------------------------------------------------
--  DDL for Trigger CA_INCIDENCIA_NULL
--------------------------------------------------------

  CREATE OR REPLACE EDITIONABLE TRIGGER "CENTRO_AYUDA"."CA_INCIDENCIA_NULL" 
  before insert
  on CA_INCIDENCIA 
  for each row

begin
  IF :NEW.ID_INCIDENCIA IS NULL THEN
    :NEW.ID_INCIDENCIA := SEQ_CA_INCIDENCIA.NEXTVAL;
  END IF;
end CA_INCIDENCIA_NULL;
/
ALTER TRIGGER "CENTRO_AYUDA"."CA_INCIDENCIA_NULL" ENABLE;
--------------------------------------------------------
--  DDL for Trigger CA_INCIDENCIA_PRIORIDAD_TRG
--------------------------------------------------------

  CREATE OR REPLACE EDITIONABLE TRIGGER "CENTRO_AYUDA"."CA_INCIDENCIA_PRIORIDAD_TRG" 
  after update of PRIORIDAD_ID
  on CA_INCIDENCIA 
  for each row
    /*
      CREADO POR: PABLO A. CESPEDES.
      FECHA: 29/04/2019
      DISPARADOR PARA REGISTRAR LA ACTUALIZACION DE LA COLUMNA PRIORIDAD_ID DE LA TABLA CA_INCIDENCIA EN LA TABLA CA_HISTORIAL_CAMBIO
    */
begin
  INSERT INTO ca_historial_cambio VALUES(NULL
                                        ,:new.id_incidencia
                                        ,CA_ID_USUARIO(p_user => :new.user_web)
                                        ,'PRIORIDAD_ID'
                                        ,:old.prioridad_id
                                        ,:new.prioridad_id
                                        ,SYSDATE
                                        ,2 --INTERNO
                                        ,:new.user_web
                                        ,'UPD');
end CA_INCIDENCIA_PRIORIDAD_TRG;
/
ALTER TRIGGER "CENTRO_AYUDA"."CA_INCIDENCIA_PRIORIDAD_TRG" ENABLE;
--------------------------------------------------------
--  DDL for Trigger CA_INCIDENCIA_RESPONSABLE_TRG
--------------------------------------------------------

  CREATE OR REPLACE EDITIONABLE TRIGGER "CENTRO_AYUDA"."CA_INCIDENCIA_RESPONSABLE_TRG" 
  after update of responsable_id
  on CA_INCIDENCIA 
  for each row
   /*
      CREADO POR: PABLO A. CESPEDES.
      FECHA: 29/04/2019
      DISPARADOR PARA REGISTRAR LA ACTUALIZACION DE LA COLUMNA RESPONSABLE_ID DE LA TABLA CA_INCIDENCIA EN LA TABLA CA_HISTORIAL_CAMBIO
    */
begin
  INSERT INTO ca_historial_cambio VALUES( NULL
                                          ,:new.id_incidencia
                                          ,CA_ID_USUARIO(p_user => :new.user_web)
                                          ,'RESPONSABLE_ID'
                                          ,:old.responsable_id
                                          ,:new.responsable_id
                                          ,SYSDATE
                                          ,1 --CLIENTE
                                          ,:new.user_web
                                          ,'UPD');
end CA_INCIDENCIA_RESPONSABLE_TRG;
/
ALTER TRIGGER "CENTRO_AYUDA"."CA_INCIDENCIA_RESPONSABLE_TRG" ENABLE;
--------------------------------------------------------
--  DDL for Trigger CA_INCIDENCIA_SATISFACCION_TRG
--------------------------------------------------------

  CREATE OR REPLACE EDITIONABLE TRIGGER "CENTRO_AYUDA"."CA_INCIDENCIA_SATISFACCION_TRG" 
  after update of SATISFACCION_ID
  on CA_INCIDENCIA 
  for each row

begin
  IF :new.satisfaccion_id IS NOT NULL THEN
   INSERT INTO ca_historial_cambio(id_hist_cam,
                                   incidencia_id,
                                   personal_id,
                                   campo,
                                   est_ant,
                                   est_sig,
                                   fecha,
                                   tipo,
                                   user_web,
                                   operacion)
                            VALUES( NULL
                                    ,:new.id_incidencia
                                    ,CA_ID_USUARIO(p_user => :new.user_web)
                                    ,'SATISFACCION_ID'
                                    ,:old.satisfaccion_id
                                    ,:new.satisfaccion_id
                                    ,SYSDATE
                                    ,1 --CLIENTE
                                    ,:new.user_web
                                    ,'UPD');
 END IF; 
end CA_INCIDENCIA_SATISFACCION_TRG;
/
ALTER TRIGGER "CENTRO_AYUDA"."CA_INCIDENCIA_SATISFACCION_TRG" ENABLE;
--------------------------------------------------------
--  DDL for Trigger CA_INCIDENCIA_TIPO_INCI_TRG
--------------------------------------------------------

  CREATE OR REPLACE EDITIONABLE TRIGGER "CENTRO_AYUDA"."CA_INCIDENCIA_TIPO_INCI_TRG" 
  after update of tipo_inci_id
  on CA_INCIDENCIA 
  for each row
    /*
      CREADO POR: PABLO A. CESPEDES.
      FECHA: 29/04/2019
      DISPARADOR PARA REGISTRAR LA ACTUALIZACION DE LA COLUMNA TIPO_INCI_ID DE LA TABLA CA_INCIDENCIA EN LA TABLA CA_HISTORIAL_CAMBIO
    */
begin
  INSERT INTO ca_historial_cambio VALUES( NULL
                                          ,:new.id_incidencia
                                          ,CA_ID_USUARIO(p_user => :new.user_web)
                                          ,'TIPO_INCI_ID'
                                          ,:old.tipo_inci_id
                                          ,:new.tipo_inci_id
                                          ,SYSDATE
                                          ,2 --INTERNO
                                          ,:new.user_web
                                          ,'UPD');
end CA_INCIDENCIA_TIPO_INCI_TRG;
/
ALTER TRIGGER "CENTRO_AYUDA"."CA_INCIDENCIA_TIPO_INCI_TRG" ENABLE;
--------------------------------------------------------
--  DDL for Trigger CA_INCIDENCIA_TITULO_TRG
--------------------------------------------------------

  CREATE OR REPLACE EDITIONABLE TRIGGER "CENTRO_AYUDA"."CA_INCIDENCIA_TITULO_TRG" 
  after update of TITULO
  on CA_INCIDENCIA 
  for each row
    /*
      CREADO POR: PABLO A. CESPEDES.
      FECHA: 29/04/2019
      DISPARADOR PARA REGISTRAR LA ACTUALIZACION DE LA COLUMNA TITULO DE LA TABLA CA_INCIDENCIA EN LA TABLA CA_HISTORIAL_CAMBIO
    */
begin
  INSERT INTO ca_historial_cambio VALUES(NULL
                                        ,:new.id_incidencia
                                        ,CA_ID_USUARIO(p_user => :new.user_web)
                                        ,'TITULO'
                                        ,:old.titulo
                                        ,:new.titulo
                                        ,SYSDATE
                                        ,1 -- CLIENTE
                                        ,:new.user_web
                                        ,'UPD');
end;
/
ALTER TRIGGER "CENTRO_AYUDA"."CA_INCIDENCIA_TITULO_TRG" ENABLE;
--------------------------------------------------------
--  DDL for Trigger CA_INICIDENCIA_RESOLUCION_NULL
--------------------------------------------------------

  CREATE OR REPLACE EDITIONABLE TRIGGER "CENTRO_AYUDA"."CA_INICIDENCIA_RESOLUCION_NULL" 
  before insert
  on CA_INCIDENCIA 
  for each row
  /*
    CREADO POR: PABLO A. CESPEDES
    FECHA: 10/06/2019
    OBJ.: DISPARADOR QUE ASIGNA EL VALOR "NO" A LA COLUMNA RESOLUCION 
  */
begin
  IF INSERTING THEN
    IF :new.resolucion IS NULL THEN
      :new.resolucion := 'NO';
    END IF;
  END IF;
end CA_INICIDENCIA_RESOLUCION_NULL;
/
ALTER TRIGGER "CENTRO_AYUDA"."CA_INICIDENCIA_RESOLUCION_NULL" ENABLE;
--------------------------------------------------------
--  DDL for Trigger CANAL_COMU_AUD_TRG
--------------------------------------------------------

  CREATE OR REPLACE EDITIONABLE TRIGGER "CENTRO_AYUDA"."CANAL_COMU_AUD_TRG" 
  after insert or update or delete
  on CA_CANAL_COMU 
  REFERENCING NEW AS NEW OLD AS OLD
  for each row
declare
  V_OPERACION VARCHAR2(3);
begin  
    IF INSERTING OR UPDATING THEN
      IF INSERTING THEN
         V_OPERACION := 'INS';
      ELSE
         V_OPERACION := 'UPD';
  END IF;
  INSERT INTO CA_CANAL_COMU_JN 
    VALUES(:new.id_can_com
           ,:new.descripcion
           ,V_OPERACION
           ,SYSDATE
           ,:new.user_web 
           ,:new.icon_id
    );
   ELSIF DELETING THEN
      V_OPERACION := 'DEL'; 
      INSERT INTO CA_CANAL_COMU_JN 
       VALUES(:old.id_can_com
              ,:old.descripcion
              ,V_OPERACION
              ,SYSDATE
              ,:old.user_web
              ,:old.icon_id 
       );
   END IF;
end;
/
ALTER TRIGGER "CENTRO_AYUDA"."CANAL_COMU_AUD_TRG" ENABLE;
--------------------------------------------------------
--  DDL for Trigger CA_ROLES_ANTES
--------------------------------------------------------

  CREATE OR REPLACE EDITIONABLE TRIGGER "CENTRO_AYUDA"."CA_ROLES_ANTES" 
BEFORE INSERT ON CA_ROLES 
REFERENCING OLD AS OLD NEW AS NEW 
FOR EACH ROW
BEGIN
  IF :NEW.ID IS NULL THEN
    :NEW.ID := SEQ_ROLES.nextval;
  END IF;   
END;
/
ALTER TRIGGER "CENTRO_AYUDA"."CA_ROLES_ANTES" ENABLE;
--------------------------------------------------------
--  DDL for Trigger CA_SATISFACCION_AUD_TRG
--------------------------------------------------------

  CREATE OR REPLACE EDITIONABLE TRIGGER "CENTRO_AYUDA"."CA_SATISFACCION_AUD_TRG" 
  after insert or update or delete
  on CA_SATISFACCION 
  for each row
    
  /*
      CREADO POR: PABLO A. C?SPEDES
      FECHA: 10/04/2019
      DISPARADOR DE AUDITORIA PARA EL REGISTRO DE INSERCION, ACTUALIZACION Y ELIMINADO DE ALGUN REGISTRO EN LA TABLA CA_SATISFACCION A LA TABLA DE CA_SATISFACCION_JN
  */
declare
  V_OPERACION VARCHAR2(3);

begin
  IF INSERTING OR UPDATING THEN
    IF INSERTING THEN
       V_OPERACION := 'INS';
    ELSE
       V_OPERACION := 'UPD';
    END IF;

  INSERT INTO CA_SATISFACCION_JN
    VALUES(:new.id_satisfaccion
           ,:new.descripcion
           ,V_OPERACION
           ,SYSDATE
           ,:new.user_web 
           ,:new.icon_id

    );

    ELSIF DELETING THEN
      V_OPERACION := 'DEL'; 
      INSERT INTO CA_SATISFACCION_JN
       VALUES(:old.id_satisfaccion
              ,:old.descripcion
              ,V_OPERACION
              ,SYSDATE
              ,:old.user_web  
              ,:old.icon_id

       );
   END IF;
end CA_SATISFACCION_AUD_TRG;
/
ALTER TRIGGER "CENTRO_AYUDA"."CA_SATISFACCION_AUD_TRG" ENABLE;
--------------------------------------------------------
--  DDL for Trigger CATEGORIA_AUD_TRG
--------------------------------------------------------

  CREATE OR REPLACE EDITIONABLE TRIGGER "CENTRO_AYUDA"."CATEGORIA_AUD_TRG" 
  after insert or update or delete
  on CA_CATEGORIA 
  REFERENCING NEW AS NEW OLD AS OLD
  for each row
  /*
      CREADO POR: PABLO_CESPEDES
      FECHA: 10/03/2019
      DISPARADOR PARA INSERTAR REGISTRO DE AGREGADO, ACTUALIZADO O ELIMINADO DE LA TABLA DE CA_CATEGORIA A LA TABLA CA_CATEGORIA_JN
    */
declare
  V_OPERACION VARCHAR2(3);
begin
  IF INSERTING OR UPDATING THEN
    IF INSERTING THEN
       V_OPERACION := 'INS';
    ELSE
       V_OPERACION := 'UPD';
  END IF;

  INSERT INTO CA_CATEGORIA_JN 
    VALUES(:new.id_categoria
           ,:new.grupo_id
           ,:new.descripcion
           ,V_OPERACION
           ,SYSDATE
           ,:new.user_web
           ,:new.tipo_inci_id
           ,:new.icon_id
           ,:new.nombre
    );
    ELSIF DELETING THEN
      V_OPERACION := 'DEL'; 

      INSERT INTO CA_CATEGORIA_JN 
       VALUES(:old.id_categoria
              ,:old.grupo_id
              ,:old.descripcion
              ,V_OPERACION
              ,SYSDATE
              ,:old.user_web  
              ,:old.tipo_inci_id
              ,:old.icon_id    
              ,:old.nombre 
       );
   END IF;
end;
/
ALTER TRIGGER "CENTRO_AYUDA"."CATEGORIA_AUD_TRG" ENABLE;
--------------------------------------------------------
--  DDL for Trigger CA_UPD_HC_COMENTARIO_TRG
--------------------------------------------------------

  CREATE OR REPLACE EDITIONABLE TRIGGER "CENTRO_AYUDA"."CA_UPD_HC_COMENTARIO_TRG" 
  AFTER UPDATE OF descripcion
  ON CA_COMENTARIO 
  FOR EACH ROW
    /*
      CREADO POR: PABLO A. CESPEDES.
      FECHA: 12/05/2019
      ACCION: DISPARADOR QUE REGISTRA UNA ACTUALIZACION DE LA TABLA CA_COMENTARIO EN LA TABLA CA_HISTORIAL_CAMBIO 
    */
BEGIN
  INSERT INTO ca_historial_cambio VALUES( NULL
                                         ,:new.incidencia_id
                                         ,CA_ID_USUARIO(p_user => :new.user_web)
                                         ,'COMENTARIO'
                                         ,:old.descripcion
                                         ,:new.descripcion
                                         ,SYSDATE
                                         ,:new.tipo_comentario
                                         ,:new.user_web
                                         ,'UPD');
END;
/
ALTER TRIGGER "CENTRO_AYUDA"."CA_UPD_HC_COMENTARIO_TRG" ENABLE;
--------------------------------------------------------
--  DDL for Trigger CA_UPD_PROYECTO
--------------------------------------------------------

  CREATE OR REPLACE EDITIONABLE TRIGGER "CENTRO_AYUDA"."CA_UPD_PROYECTO" 
  AFTER UPDATE OF PROYECTO_ID
  ON CA_CONTROL_ACCESO 
  FOR EACH ROW
BEGIN 
  UPDATE ca_proyecto_principal p 
     SET p.proyecto_id = :new.proyecto_id 
  WHERE p.personal_id = :new.personal_id
    AND p.app_id      = :new.app_id
    AND p.proyecto_id = :old.proyecto_id;
END CA_UPD_PROYECTO;
/
ALTER TRIGGER "CENTRO_AYUDA"."CA_UPD_PROYECTO" ENABLE;
--------------------------------------------------------
--  DDL for Trigger CA_USERS_ROLES_ANTES
--------------------------------------------------------

  CREATE OR REPLACE EDITIONABLE TRIGGER "CENTRO_AYUDA"."CA_USERS_ROLES_ANTES" 
BEFORE INSERT ON CA_USERS_ROLES 
REFERENCING OLD AS OLD NEW AS NEW 
FOR EACH ROW
BEGIN
  IF :NEW.ID IS NULL THEN
    :NEW.ID := SEQ_USERS_ROLES.nextval;
  END IF;   
END;
/
ALTER TRIGGER "CENTRO_AYUDA"."CA_USERS_ROLES_ANTES" ENABLE;
--------------------------------------------------------
--  DDL for Trigger CA_USUARIOS_ANTES
--------------------------------------------------------

  CREATE OR REPLACE EDITIONABLE TRIGGER "CENTRO_AYUDA"."CA_USUARIOS_ANTES" 
BEFORE INSERT ON CA_USUARIOS 
REFERENCING OLD AS OLD NEW AS NEW 
for each row
BEGIN
  IF :NEW.ID IS NULL THEN
    :NEW.ID := SEQ_USUARIOS.nextval;
  END IF;
END;
/
ALTER TRIGGER "CENTRO_AYUDA"."CA_USUARIOS_ANTES" ENABLE;
--------------------------------------------------------
--  DDL for Trigger CA_USUARIOS_TRG
--------------------------------------------------------

  CREATE OR REPLACE EDITIONABLE TRIGGER "CENTRO_AYUDA"."CA_USUARIOS_TRG" 
AFTER DELETE ON CA_USUARIOS 
REFERENCING OLD AS OLD NEW AS NEW 
FOR EACH ROW 
BEGIN
  DELETE FROM CA_USERS_ROLES WHERE USER_ID = :OLD.ID;
END;
/
ALTER TRIGGER "CENTRO_AYUDA"."CA_USUARIOS_TRG" ENABLE;
--------------------------------------------------------
--  DDL for Trigger COMENTARIO_AUD_TRG
--------------------------------------------------------

  CREATE OR REPLACE EDITIONABLE TRIGGER "CENTRO_AYUDA"."COMENTARIO_AUD_TRG" 
  after insert or update or delete
  on CA_COMENTARIO 
  REFERENCING NEW AS NEW OLD AS OLD
  for each row
  /*
    CREADO POR: PABLO_CESPEDES
    FECHA: 11/03/2019
    DISPARADOR PARA INSERTAR REGISTRO DE AGREGADO, ACTUALIZADO O ELIMINADO DE LA TABLA DE CA_COMENTARIO A LA TABLA CA_COMENTARIO_JN
  */
declare
  V_OPERACION VARCHAR2(3);

begin    
  IF INSERTING OR UPDATING THEN
    IF INSERTING THEN
       V_OPERACION := 'INS';
    ELSE
       V_OPERACION := 'UPD';
    END IF;

  INSERT INTO CA_COMENTARIO_JN 
    VALUES(:new.id_comentario
           ,:new.incidencia_id
           ,:new.personal_id
           ,:new.descripcion
           ,:new.fecha
           ,:new.visibilidad
           ,:new.tipo_comentario
           ,V_OPERACION
           ,SYSDATE
           ,:new.user_web
           ,:new.editado  
    );

    ELSIF DELETING THEN
      V_OPERACION := 'DEL'; 
      INSERT INTO CA_COMENTARIO_JN 
        VALUES(:old.id_comentario
               ,:old.incidencia_id
               ,:old.personal_id
               ,:old.descripcion
               ,:old.fecha
               ,:old.visibilidad
               ,:old.tipo_comentario
               ,V_OPERACION
               ,SYSDATE
               ,:old.user_web
               ,:old.editado 
       );
    END IF;
end;
/
ALTER TRIGGER "CENTRO_AYUDA"."COMENTARIO_AUD_TRG" ENABLE;
--------------------------------------------------------
--  DDL for Trigger COMPLEJIDAD_AUD_TRG
--------------------------------------------------------

  CREATE OR REPLACE EDITIONABLE TRIGGER "CENTRO_AYUDA"."COMPLEJIDAD_AUD_TRG" 
  after insert or update or delete 
  on CA_COMPLEJIDAD 
  REFERENCING NEW AS NEW OLD AS OLD
  for each row
  /*
      CREADO POR: PABLO_CESPEDES
      FECHA: 10/03/2019
      DISPARADOR PARA INSERTAR REGISTRO DE AGREGADO, ACTUALIZADO O ELIMINADO DE LA TABLA DE CA_COMPLEJIDAD A LA TABLA CA_COMPLEJIDAD_JN
    */
DECLARE
  V_OPERACION VARCHAR2(3);
BEGIN
  IF INSERTING OR UPDATING THEN
    IF INSERTING THEN
       V_OPERACION := 'INS';
    ELSE
       V_OPERACION := 'UPD';
  END IF;

  INSERT INTO CA_COMPLEJIDAD_JN 
    VALUES(:new.id_complejidad
           ,:new.descripcion
           ,V_OPERACION
           ,SYSDATE
           ,:new.user_web  
           ,:new.icon_id
    );

    ELSIF DELETING THEN
      V_OPERACION := 'DEL'; 

      INSERT INTO CA_COMPLEJIDAD_JN 
       VALUES(:old.id_complejidad
              ,:old.descripcion
              ,V_OPERACION
              ,SYSDATE
              ,:old.user_web 
              ,:old.icon_id
       );
   END IF;
END;
/
ALTER TRIGGER "CENTRO_AYUDA"."COMPLEJIDAD_AUD_TRG" ENABLE;
--------------------------------------------------------
--  DDL for Trigger CONT_ACCESO_AUD_TRG
--------------------------------------------------------

  CREATE OR REPLACE EDITIONABLE TRIGGER "CENTRO_AYUDA"."CONT_ACCESO_AUD_TRG" 
AFTER INSERT OR DELETE OR UPDATE
ON CA_CONTROL_ACCESO 
REFERENCING NEW AS NEW OLD AS OLD
FOR EACH ROW
    /*
      CREADO POR: PABLO_CESPEDES
      FECHA: 10/03/2019
      DISPARADOR PARA INSERTAR REGISTRO DE AGREGADO, ACTUALIZADO O ELIMINADO DE LA TABLA DE CA_CONTROL_ACCESO A LA TABLA CA_CONTROL_ACCESO_JN
    */
DECLARE
  V_OPERACION   VARCHAR2(3);

BEGIN  
  IF INSERTING OR UPDATING THEN
     IF INSERTING THEN
        V_OPERACION := 'INS';
     ELSE
        V_OPERACION := 'UPD';
     END IF;

     INSERT INTO CA_CONTROL_ACCESO_JN
     VALUES(:new.id_control_acceso
            ,:new.personal_id
            ,:new.proyecto_id
            ,:new.return
            ,V_OPERACION
            ,SYSDATE
            ,:new.user_web
            ,:new.app_id
     ); 

    ELSIF DELETING THEN

    V_OPERACION := 'DEL';

     INSERT INTO CA_CONTROL_ACCESO_JN
      VALUES(:old.id_control_acceso
             ,:old.personal_id
             ,:old.proyecto_id
             ,:old.return
             ,V_OPERACION
             ,SYSDATE
             ,:old.user_web  
             ,:old.app_id        
      );
    END IF;    
END;
/
ALTER TRIGGER "CENTRO_AYUDA"."CONT_ACCESO_AUD_TRG" ENABLE;
--------------------------------------------------------
--  DDL for Trigger DEPARTAMENTO_ANTES
--------------------------------------------------------

  CREATE OR REPLACE EDITIONABLE TRIGGER "CENTRO_AYUDA"."DEPARTAMENTO_ANTES" 
BEFORE INSERT ON DEPARTAMENTO 
REFERENCING NEW AS NEW OLD AS OLD
  for each row
BEGIN
  IF :NEW.ID_DEPARTAMENTO IS NULL THEN
    :NEW.ID_DEPARTAMENTO := SEQ_DEPARTAMENTO.NEXTVAL;
  END IF;
END;
/
ALTER TRIGGER "CENTRO_AYUDA"."DEPARTAMENTO_ANTES" ENABLE;
--------------------------------------------------------
--  DDL for Trigger ESTADO_AUD_TRG
--------------------------------------------------------

  CREATE OR REPLACE EDITIONABLE TRIGGER "CENTRO_AYUDA"."ESTADO_AUD_TRG" 
  after insert or update or delete
  on CA_ESTADO
  REFERENCING NEW AS NEW OLD AS OLD
  for each row
  /*
    CREADO POR: PABLO_CESPEDES
    FECHA: 11/03/2019
    DISPARADOR PARA INSERTAR REGISTRO DE AGREGADO, ACTUALIZADO O ELIMINADO DE LA TABLA DE CA_ESTADO A LA TABLA CA_ESTADO_JN
  */
DECLARE
  V_OPERACION VARCHAR2(3);

BEGIN
  IF INSERTING OR UPDATING THEN
    IF INSERTING THEN
       V_OPERACION := 'INS';
    ELSE
       V_OPERACION := 'UPD';
    END IF;

    INSERT INTO CA_ESTADO_JN 
      VALUES(:new.id_estado
             ,:new.proyecto_id
             ,:new.descripcion
             ,:new.marca_resuelto
             ,V_OPERACION
             ,SYSDATE
             ,:new.user_web
             ,:new.color  
             ,:new.tag
             ,:new.estado_default
      );

      ELSIF DELETING THEN
        V_OPERACION := 'DEL'; 
        INSERT INTO CA_ESTADO_JN 
         VALUES(:old.id_estado
                ,:old.proyecto_id
                ,:old.descripcion
                ,:old.marca_resuelto
                ,V_OPERACION
                ,SYSDATE
                ,:old.user_web  
                ,:old.color
                ,:old.tag
                ,:old.estado_default
         );
    END IF; 
end;
/
ALTER TRIGGER "CENTRO_AYUDA"."ESTADO_AUD_TRG" ENABLE;
--------------------------------------------------------
--  DDL for Trigger GENERAR_ID_HISTORIAL
--------------------------------------------------------

  CREATE OR REPLACE EDITIONABLE TRIGGER "CENTRO_AYUDA"."GENERAR_ID_HISTORIAL" 
  before insert
  on CA_HISTORIAL_CAMBIO 
  for each row
  /*
      CREADO POR: PABLO A. CESPEDES.
      FECHA: 28/04/2019
      DISPARADOR PARA INSERTAR LA SEQUENCIA DE ID DENTRO DE LA TABLA DE CA_HISTORIAL_CAMBIO.
  */
declare  

begin
  IF INSERTING THEN
     IF :new.id_hist_cam IS NULL THEN
       :new.id_hist_cam := SEQ_CA_HISTORIAL_CAMBIOS.NEXTVAL;
     END IF;
  END IF;

end GENERAR_ID_HISTORIAL;
/
ALTER TRIGGER "CENTRO_AYUDA"."GENERAR_ID_HISTORIAL" ENABLE;
--------------------------------------------------------
--  DDL for Trigger GRUPO_CAT_AUD_TRG
--------------------------------------------------------

  CREATE OR REPLACE EDITIONABLE TRIGGER "CENTRO_AYUDA"."GRUPO_CAT_AUD_TRG" 
  after insert or update or delete
  on CA_GRUPO_CATEGORIA 
  REFERENCING NEW AS NEW OLD AS OLD
  for each row
  /*
      CREADO POR: PABLO_CESPEDES
      FECHA: 10/03/2019
      DISPARADOR PARA INSERTAR REGISTRO DE AGREGADO, ACTUALIZADO O ELIMINADO DE LA TABLA DE CA_GRUPO_CATEGORIA A LA TABLA CA_GRUPO_CATEGORIA_JN
    */
DECLARE
  V_OPERACION VARCHAR2(3);

BEGIN  
  IF INSERTING OR UPDATING THEN
    IF INSERTING THEN
       V_OPERACION := 'INS';
    ELSE
       V_OPERACION := 'UPD';
    END IF;

  INSERT INTO CA_GRUPO_CATEGORIA_JN 
    VALUES(:new.id_grupo_cat
           ,:new.proyecto_id
           ,:new.autorizante_id
           ,:new.aprobacion
           ,V_OPERACION
           ,SYSDATE
           ,:new.user_web 
           ,:new.descripcion 
           ,:new.email_autorizante
    );
    ELSIF DELETING THEN
      V_OPERACION := 'DEL'; 
      INSERT INTO CA_GRUPO_CATEGORIA_JN 
       VALUES(:old.id_grupo_cat
              ,:old.proyecto_id
              ,:old.autorizante_id
              ,:old.aprobacion
              ,V_OPERACION
              ,SYSDATE
              ,:old.user_web 
              ,:old.descripcion 
              ,:old.email_autorizante
       );
   END IF;
end;
/
ALTER TRIGGER "CENTRO_AYUDA"."GRUPO_CAT_AUD_TRG" ENABLE;
--------------------------------------------------------
--  DDL for Trigger HIS_METRIC_AUD_TRG
--------------------------------------------------------

  CREATE OR REPLACE EDITIONABLE TRIGGER "CENTRO_AYUDA"."HIS_METRIC_AUD_TRG" 
  after insert or update or delete
  on CA_HIS_METRIC
  REFERENCING NEW AS NEW OLD AS OLD 
  for each row
  /*
    CREADO POR: PABLO_CESPEDES
    FECHA: 11/03/2019
    DISPARADOR PARA INSERTAR REGISTRO DE AGREGADO, ACTUALIZADO O ELIMINADO DE LA TABLA DE CA_HIS_METRIC A LA TABLA CA_HIS_METRIC_JN
  */
declare
  V_OPERACION VARCHAR2(3);
begin
  IF INSERTING OR UPDATING THEN
      IF INSERTING THEN
         V_OPERACION := 'INS';
      ELSE
         V_OPERACION := 'UPD';
      END IF;

  INSERT INTO CA_HIS_METRIC_JN 
    VALUES(:new.id_his_metric
           ,:new.incidencia_id
           ,:new.sla_id
           ,:new.tiempo
           ,:new.resultado
           ,V_OPERACION
           ,SYSDATE
           ,:new.user_web  
    );

    ELSIF DELETING THEN
      V_OPERACION := 'DEL'; 
      INSERT INTO CA_HIS_METRIC_JN 
        VALUES(:old.id_his_metric
               ,:old.incidencia_id
               ,:old.sla_id
               ,:old.tiempo
               ,:old.resultado
               ,V_OPERACION
               ,SYSDATE
               ,:old.user_web  
       );
    END IF;
end;
/
ALTER TRIGGER "CENTRO_AYUDA"."HIS_METRIC_AUD_TRG" ENABLE;
--------------------------------------------------------
--  DDL for Trigger INCIDENCIA_AUD_TRG
--------------------------------------------------------

  CREATE OR REPLACE EDITIONABLE TRIGGER "CENTRO_AYUDA"."INCIDENCIA_AUD_TRG" 
  after insert or update or delete
  on CA_INCIDENCIA 
  REFERENCING NEW AS NEW OLD AS OLD
  for each row
  /*
    CREADO POR: PABLO_CESPEDES
    FECHA: 11/03/2019
    DISPARADOR PARA INSERTAR REGISTRO DE AGREGADO, ACTUALIZADO O ELIMINADO DE LA TABLA DE CA_INCIDENCIA A LA TABLA CA_INCIDENCIA_JN
  */
declare
  V_OPERACION VARCHAR2(3);

begin
  IF INSERTING OR UPDATING THEN
    IF INSERTING THEN
       V_OPERACION := 'INS';
    ELSE
       V_OPERACION := 'UPD';
    END IF;

    INSERT INTO CA_INCIDENCIA_JN 
      VALUES(:new.id_incidencia
             ,:new.informador_id
             ,:new.responsable_id
             ,:new.cliente_id
             ,:new.can_comu_id
             ,:new.categoria_id
             ,:new.tipo_inci_id
             ,:new.prioridad_id
             ,:new.proyecto_id
             ,:new.estado_id
             ,:new.complejidad_id
             ,:new.satisfaccion_id
             ,:new.titulo
             ,:new.descripcion
             ,:new.fecha
             ,:new.resolucion
             ,V_OPERACION
             ,SYSDATE
             ,:new.user_web  
             ,:new.clave_contador
             ,:new.aplicacion_id
             ,:new.fecha_cierre
             ,:new.aprobado
             ,:new.fecha_aprobacion
             ,:new.aprobado_por
      );
    ELSIF DELETING THEN
      V_OPERACION := 'DEL'; 
      INSERT INTO CA_INCIDENCIA_JN 
        VALUES(:old.id_incidencia
               ,:old.informador_id
               ,:old.responsable_id
               ,:old.cliente_id
               ,:old.can_comu_id
               ,:old.categoria_id
               ,:old.tipo_inci_id
               ,:old.prioridad_id
               ,:old.proyecto_id
               ,:old.estado_id
               ,:old.complejidad_id
               ,:old.satisfaccion_id
               ,:old.titulo
               ,:old.descripcion
               ,:old.fecha
               ,:old.resolucion
               ,V_OPERACION
               ,SYSDATE
               ,:old.user_web  
               ,:old.clave_contador
               ,:old.aplicacion_id
               ,:old.fecha_cierre
               ,:old.aprobado
               ,:old.fecha_aprobacion
               ,:old.aprobado_por
       );
    END IF;
end;
/
ALTER TRIGGER "CENTRO_AYUDA"."INCIDENCIA_AUD_TRG" ENABLE;
--------------------------------------------------------
--  DDL for Trigger PRIORIDAD_AUD_TRG
--------------------------------------------------------

  CREATE OR REPLACE EDITIONABLE TRIGGER "CENTRO_AYUDA"."PRIORIDAD_AUD_TRG" 
  after insert or update or delete
  on CA_PRIORIDAD 
  REFERENCING NEW AS NEW OLD AS OLD
  for each row
  /*
      CREADO POR: PABLO_CESPEDES
      FECHA: 11/03/2019
      DISPARADOR PARA INSERTAR REGISTRO DE AGREGADO, ACTUALIZADO O ELIMINADO DE LA TABLA DE CA_PRIORIDAD A LA TABLA CA_PRIORIDAD_JN
    */
declare
  V_OPERACION VARCHAR2(3);

begin
  IF INSERTING OR UPDATING THEN
    IF INSERTING THEN
       V_OPERACION := 'INS';
    ELSE
       V_OPERACION := 'UPD';
    END IF;
  INSERT INTO CA_PRIORIDAD_JN 
    VALUES(:new.id_prioridad
           ,:new.descripcion
           ,:new.nivel
           ,V_OPERACION
           ,SYSDATE
           ,:new.user_web 
           ,:new.icon_id
    );

    ELSIF DELETING THEN
      V_OPERACION := 'DEL'; 
      INSERT INTO CA_PRIORIDAD_JN 
       VALUES(:old.id_prioridad
              ,:old.descripcion
              ,:old.nivel
              ,V_OPERACION
              ,SYSDATE
              ,:old.user_web  
              ,:old.icon_id
       );
   END IF; 
END;
/
ALTER TRIGGER "CENTRO_AYUDA"."PRIORIDAD_AUD_TRG" ENABLE;
--------------------------------------------------------
--  DDL for Trigger PROYECTO_AUD_TRG
--------------------------------------------------------

  CREATE OR REPLACE EDITIONABLE TRIGGER "CENTRO_AYUDA"."PROYECTO_AUD_TRG" 
AFTER INSERT OR DELETE OR UPDATE
ON CA_PROYECTO 
REFERENCING NEW AS NEW OLD AS OLD
FOR EACH ROW
    /*
      CREADO POR: PABLO_CESPEDES
      FECHA: 08/03/2019
      DISPARADOR PARA INSERTAR REGISTRO DE AGREGADO, ACTUALIZADO O ELIMINADO DE LA TABLA DE CA_PROYECTO A LA TABLA CA_PROYECTO_JN
    */
DECLARE
  V_OPERACION   VARCHAR2(3);

BEGIN  
  IF INSERTING OR UPDATING THEN
     IF INSERTING THEN
        V_OPERACION := 'INS';
     ELSE
        V_OPERACION := 'UPD';
     END IF;

     INSERT INTO CA_PROYECTO_JN
     VALUES(:new.id_proyecto
            ,:new.nombre
            ,:new.clave
            ,V_OPERACION
            ,SYSDATE
            ,:new.user_web
            ,:new.depart_id
            ,:new.seccion_id
     );

     ELSIF DELETING THEN

       V_OPERACION := 'DEL';

       INSERT INTO CA_PROYECTO_JN
        VALUES(:old.id_proyecto
               ,:old.nombre
               ,:old.clave
               ,V_OPERACION
               ,SYSDATE
               ,:old.user_web 
               ,:old.depart_id
               ,:old.seccion_id         
        );
    END IF;
END;
/
ALTER TRIGGER "CENTRO_AYUDA"."PROYECTO_AUD_TRG" ENABLE;
--------------------------------------------------------
--  DDL for Trigger TIPO_INCI_AUD_TRG
--------------------------------------------------------

  CREATE OR REPLACE EDITIONABLE TRIGGER "CENTRO_AYUDA"."TIPO_INCI_AUD_TRG" 
  after insert or update or delete
  on CA_TIPO_INCIDENCIA 
  REFERENCING NEW AS NEW OLD AS OLD
  for each row
  /*
      CREADO POR: PABLO_CESPEDES
      FECHA: 10/03/2019
      DISPARADOR PARA INSERTAR REGISTRO DE AGREGADO, ACTUALIZADO O ELIMINADO DE LA TABLA DE CA_TIPO_INCIDENCIA A LA TABLA CA_TIPO_INCIDENCIA_JN
    */
declare
  V_OPERACION VARCHAR2(3);

begin
  IF INSERTING OR UPDATING THEN
    IF INSERTING THEN
       V_OPERACION := 'INS';
    ELSE
       V_OPERACION := 'UPD';
    END IF;
  INSERT INTO CA_TIPO_INCIDENCIA_JN 
    VALUES(:new.id_tipo_inc
           ,:new.proyecto_id
           ,:new.descripcion
           ,V_OPERACION
           ,SYSDATE
           ,:new.user_web  
           ,:new.icon_id
    );
    ELSIF DELETING THEN
      V_OPERACION := 'DEL'; 
      INSERT INTO CA_TIPO_INCIDENCIA_JN 
       VALUES(:old.id_tipo_inc
              ,:old.proyecto_id
              ,:old.descripcion
              ,V_OPERACION
              ,SYSDATE
              ,:old.user_web 
              ,:old.icon_id
       );
   END IF;
end;
/
ALTER TRIGGER "CENTRO_AYUDA"."TIPO_INCI_AUD_TRG" ENABLE;
--------------------------------------------------------
--  DDL for Procedure CA_INSERTAR_FLUJO_ESTADO
--------------------------------------------------------
set define off;

  CREATE OR REPLACE EDITIONABLE PROCEDURE "CENTRO_AYUDA"."CA_INSERTAR_FLUJO_ESTADO" (p_id_estado       number, 
                                                     p_id_flujo_estado number,
                                                     p_user            varchar2) is
begin
  insert into ca_flujo_estado values(p_id_estado, p_id_flujo_estado, p_user);                                
end CA_INSERTAR_FLUJO_ESTADO;

/
--------------------------------------------------------
--  DDL for Procedure SEND_MAIL
--------------------------------------------------------
set define off;

  CREATE OR REPLACE EDITIONABLE PROCEDURE "CENTRO_AYUDA"."SEND_MAIL" (
    p_to         IN   VARCHAR2,
    p_subject    IN   VARCHAR2,
    p_message    IN   VARCHAR2,
    p_msg_html   IN   VARCHAR2
) AS

    k_host              CONSTANT VARCHAR2(100) := 'SMTP.office365.com';
    k_port              CONSTANT INTEGER := 587;
    k_wallet_path       CONSTANT VARCHAR2(100) := 'file:/oracle/app/oracle/admin/anam/walletMail';
    k_wallet_password   CONSTANT VARCHAR2(100) := 'Sah81298129';
    k_domain            CONSTANT VARCHAR2(100) := 'SMTP.office365.com';
    k_username          CONSTANT VARCHAR2(100) := 'onix@sah.org.py';
    k_password          CONSTANT VARCHAR2(100) := '35xyFop3Ra';
    k_sender            CONSTANT VARCHAR2(100) := 'onix@sah.org.py';
    k_recipient         CONSTANT VARCHAR2(100) := p_to;
    k_subject           CONSTANT VARCHAR2(500) := p_subject; -- nunca caracteres raros 
    k_body              CONSTANT VARCHAR2(4000) := p_message;
    l_conn              utl_smtp.connection;
    l_reply             utl_smtp.reply;
    l_replies           utl_smtp.replies;
    l_boundary          VARCHAR2(50) := '----=*#abc1234321cba#*='; --LIMITE

  /*
  EJEMPLO ESTRUCTURA HTML A ENVIAR
  <html>
    <head>
      <meta charset="UTF-8">
      <title>Test HTML message</title>      
    </head>
    <body>
      <p>This is a <b>HTML</b> <i>version</i> of the test message.</p>
      <p><img src="http://oracle-base.com/images/site_logo.gif" alt="Site Logo" />
    </body>
  </html>'
  */
BEGIN
  --dbms_output.put_line('utl_smtp.open_connection');
    l_reply := utl_smtp.open_connection(host => k_host, port => k_port, c => l_conn, wallet_path => k_wallet_path, wallet_password
    => k_wallet_password,
                         secure_connection_before_smtp => false);

    IF l_reply.code != 220 THEN
        raise_application_error(-20000, 'utl_smtp.open_connection: '
                                        || l_reply.code
                                        || ' - '
                                        || l_reply.text);

    END IF;

  --dbms_output.put_line('utl_smtp.ehlo');

    l_replies := utl_smtp.ehlo(l_conn, k_domain);
 /* 
  FOR ri IN 1..l_replies.COUNT
  LOOP
    dbms_output.put_line(l_replies(ri).code||' - '||l_replies(ri).text);
  END LOOP;
 */
  --dbms_output.put_line('utl_smtp.starttls'); 
    l_reply := utl_smtp.starttls(l_conn);
    IF l_reply.code != 220 THEN
        raise_application_error(-20000, 'utl_smtp.starttls: '
                                        || l_reply.code
                                        || ' - '
                                        || l_reply.text);
    END IF;

 -- dbms_output.put_line('utl_smtp.ehlo');

    l_replies := utl_smtp.ehlo(l_conn, k_domain);

 /*
  FOR ri IN 1..l_replies.COUNT
  LOOP
    dbms_output.put_line(l_replies(ri).code||' - '||l_replies(ri).text);
  END LOOP;

  dbms_output.put_line('utl_smtp.auth');
  */
    l_reply := utl_smtp.auth(l_conn, k_username, k_password, utl_smtp.all_schemes);
    IF l_reply.code != 235 THEN
        raise_application_error(-20000, 'utl_smtp.auth: '
                                        || l_reply.code
                                        || ' - '
                                        || l_reply.text);
    END IF;

  --dbms_output.put_line('utl_smtp.mail');

    l_reply := utl_smtp.mail(l_conn, k_sender);
    IF l_reply.code != 250 THEN
        raise_application_error(-20000, 'utl_smtp.mail: '
                                        || l_reply.code
                                        || ' - '
                                        || l_reply.text);
    END IF;

  --dbms_output.put_line('utl_smtp.rcpt');

    l_reply := utl_smtp.rcpt(l_conn, k_recipient);
    IF l_reply.code NOT IN (
        250,
        251
    ) THEN
        raise_application_error(-20000, 'utl_smtp.rcpt: '
                                        || l_reply.code
                                        || ' - '
                                        || l_reply.text);
    END IF;

  --dbms_output.put_line('utl_smtp.open_data');

    l_reply := utl_smtp.open_data(l_conn);
    IF l_reply.code != 354 THEN
        raise_application_error(-20000, 'utl_smtp.open_data: '
                                        || l_reply.code
                                        || ' - '
                                        || l_reply.text);
    END IF;

  --dbms_output.put_line('utl_smtp.write_data');

    utl_smtp.write_data(l_conn, 'Date: '
                                || to_char(sysdate, 'DD/MM/YYYY HH24:MI:SS')
                                || utl_tcp.crlf);

    utl_smtp.write_data(l_conn, 'From: '
                                || k_sender
                                || utl_tcp.crlf);
    utl_smtp.write_data(l_conn, 'To: '
                                || k_recipient
                                || utl_tcp.crlf);
    utl_smtp.write_data(l_conn, 'Subject: '
                                || k_subject
                                || utl_tcp.crlf);
  --utl_smtp.write_data(l_conn, k_body);
    utl_smtp.write_data(l_conn, 'Content-Type: multipart/alternative; boundary="'
                                || l_boundary
                                || '"'
                                || utl_tcp.crlf
                                || utl_tcp.crlf);

    IF k_body IS NOT NULL THEN
        utl_smtp.write_data(l_conn, '--'
                                    || l_boundary
                                    || utl_tcp.crlf);
        utl_smtp.write_data(l_conn, 'Content-Type: text/plain; charset="UTF-8"'
                                    || utl_tcp.crlf
                                    || utl_tcp.crlf);

        utl_smtp.write_data(l_conn, k_body);
        utl_smtp.write_data(l_conn, utl_tcp.crlf || utl_tcp.crlf);
    END IF;

    IF p_msg_html IS NOT NULL THEN
        utl_smtp.write_data(l_conn, '--'
                                    || l_boundary
                                    || utl_tcp.crlf);
        utl_smtp.write_data(l_conn, 'Content-Type: text/html; charset="UTF-8"'
                                    || utl_tcp.crlf
                                    || utl_tcp.crlf);

        utl_smtp.write_data(l_conn, text_html_firendly(p_msg_html));
        utl_smtp.write_data(l_conn, utl_tcp.crlf || utl_tcp.crlf);
    END IF;

    utl_smtp.write_data(l_conn, '--'
                                || l_boundary
                                || '--'
                                || utl_tcp.crlf);
  --dbms_output.put_line('utl_smtp.close_data');

    l_reply := utl_smtp.close_data(l_conn);
    IF l_reply.code != 250 THEN
        raise_application_error(-20000, 'utl_smtp.close_data: '
                                        || l_reply.code
                                        || ' - '
                                        || l_reply.text);
    END IF;

  --dbms_output.put_line('utl_smtp.quit');

    l_reply := utl_smtp.quit(l_conn);
    IF l_reply.code != 221 THEN
        raise_application_error(-20000, 'utl_smtp.quit: '
                                        || l_reply.code
                                        || ' - '
                                        || l_reply.text);
    END IF;

EXCEPTION
    WHEN utl_smtp.transient_error OR utl_smtp.permanent_error THEN
        BEGIN
            utl_smtp.quit(l_conn);
        EXCEPTION
            WHEN utl_smtp.transient_error OR utl_smtp.permanent_error THEN
                NULL;
        END;

        raise_application_error(-20000, 'Failed to send mail due to the following error: ' || sqlerrm);
END;

/
--------------------------------------------------------
--  DDL for Package WWV_FLOW_GLOBAL
--------------------------------------------------------

  CREATE OR REPLACE NONEDITIONABLE PACKAGE "APEX_190100"."WWV_FLOW_GLOBAL" as
--------------------------------------------------------------------------------
--
--  Copyright (c) Oracle Corporation 1999 - 2015. All Rights Reserved.
--
--    NAME
--      wwv_flow_global.sql
--
--    DESCRIPTION
--      Application Express global package variables.
--
--    NOTES
--      Allows sharing of data within a session that does not belong to any given package.
--      Includes type declaration(s).
--
--      Any change to this file must also be replicated in the same file in cloud/apex_patches.
--
--    RUNTIME DEPLOYMENT: NO
--    PUBLIC:             YES
--
--    MODIFIED   (MM/DD/YYYY)
--     mhichwa    08/04/1999 - Created
--     mhichwa    03/18/2003 - Added n_arr (bug 2845535)
--     jkallman   09/22/2005 - Added g_xe
--     jkallman   09/27/2005 - Change g_xe to be boolean
--     jkallman   02/06/2007 - Change g_image_prefix to use wwv_flow_image_prefix
--     jkallman   01/14/2010 - Added d_arr
--     pawolf     01/21/2010 - Added vc_map
--     jstraub    01/13/2012 - Added g_cloud
--     jstraub    05/31/2012 - Added g_12c
--     pawolf     06/05/2012 - Added b_arr
--     vuvarov    04/05/2013 - Moved from flowg.sql to wwv_flow_global.sql
--     cneumuel   05/05/2015 - Added t_dbms_id, t_dbms_quoted_id (bug #21031940)
--     cneumuel   05/08/2015 - Added c_dbms_id_length (bug #21031940)
--     cneumuel   05/11/2015 - Removed sqlplus parameter for g_xe, because the file was always called with a 0 value. If needed, the value should be determined via v$instance.edition instead.
--     pawolf     03/03/2016 - Added c_empty_* "constants" for empy arrays which can be used in DEFAULT clause
--     jkallman   10/28/2016 - Remove g_xe (Bug 16516300)
--
--------------------------------------------------------------------------------

--==============================================================================
g_v255_result       varchar2(255) := null;
g_v1_result         varchar2(1)   := null;
g_image_prefix      constant varchar2(255) := wwv_flow_image_prefix.g_image_prefix;

g_cloud             constant boolean := false;

$if sys.dbms_db_version.ver_le_10_2 $then
    g_12c           constant boolean := false;
$elsif sys.dbms_db_version.ver_le_11_1 $then
    g_12c           constant boolean := false;
$elsif sys.dbms_db_version.ver_le_11_2 $then
    g_12c           constant boolean := false;
$else
    g_12c           constant boolean := true;
$end

$if sys.dbms_db_version.version >= 12 $then
subtype             t_dbms_id        is dbms_id;
subtype             t_dbms_quoted_id is dbms_quoted_id;
subtype             t_dbms_id_128    is dbms_id_128;
$if sys.dbms_db_version.version = 12 and sys.dbms_db_version.release = 1 $then
c_dbms_id_length    constant pls_integer := 30;
$else
c_dbms_id_length    constant pls_integer := 128;
$end
$else
subtype             t_dbms_id        is varchar2(30);
subtype             t_dbms_quoted_id is varchar2(32);
subtype             t_dbms_id_128    is varchar2(128);
c_dbms_id_length    constant pls_integer := 30;
$end

--==============================================================================
type vc_map  is table of varchar2(32767) index by varchar2(255);
type vc_arr2 is table of varchar2(32767) index by binary_integer;
type n_arr   is table of number          index by binary_integer;
type d_arr   is table of date            index by binary_integer;
type b_arr   is table of boolean         index by binary_integer;

--==============================================================================
c_empty_vc_map  vc_map;
c_empty_vc_arr2 vc_arr2;
c_empty_n_arr   n_arr;
c_empty_d_arr   d_arr;
c_empty_b_arr   b_arr;

end wwv_flow_global;

/

  GRANT EXECUTE ON "APEX_190100"."WWV_FLOW_GLOBAL" TO PUBLIC;
--------------------------------------------------------
--  DDL for Function CA_AUTORIZACION_ESTADO
--------------------------------------------------------

  CREATE OR REPLACE EDITIONABLE FUNCTION "CENTRO_AYUDA"."CA_AUTORIZACION_ESTADO" (p_incidencia_id in number,
                                                  p_proyecto in number) return varchar2 is
  v_result varchar2(400);
  v_cont   NUMBER;

begin
    SELECT COUNT(*) INTO v_cont
    FROM CA_CATEGORIA C
    INNER JOIN CA_TIPO_INCIDENCIA T ON (T.ID_TIPO_INC = C.TIPO_INCI_ID)
    INNER JOIN CA_GRUPO_CATEGORIA G ON (G.ID_GRUPO_CAT = C.GRUPO_ID AND G.PROYECTO_ID = p_proyecto)
      AND G.APROBACION = 'SI'
      AND C.ID_CATEGORIA = (SELECT I.CATEGORIA_ID FROM CA_INCIDENCIA I
                            WHERE I.ID_INCIDENCIA = p_incidencia_id);

    IF v_cont > 0 THEN
      v_result := 'Pendiente';
    ELSE
      v_result := 'No necesita aprobacin';
    END IF;                           

  return(v_result);
end CA_AUTORIZACION_ESTADO;

/
--------------------------------------------------------
--  DDL for Function CA_AUTORIZANTE_ID_CAT
--------------------------------------------------------

  CREATE OR REPLACE EDITIONABLE FUNCTION "CENTRO_AYUDA"."CA_AUTORIZANTE_ID_CAT" (p_id_incidencia NUMBER) return number is
    v_result number; 
    v_aut_id number;
    v_cat_id number;
/*
 CREADO POR: PABLO A. CESPEDES
 FECHA: 23/07/19
 OBJ.: FUNCION QUE RETORNA EL PERSONAL_ID DEL AUTORIZANTE QUE DEBE APROBAR LA INCIDENCIA EN LA APP CENTRO DE AYUDA
*/

begin
  BEGIN
    SELECT i.categoria_id INTO v_cat_id
    FROM ca_incidencia i
    WHERE i.id_incidencia = p_id_incidencia;

    SELECT g.autorizante_id 
      INTO v_aut_id
    FROM ca_categoria c
    INNER JOIN ca_grupo_categoria g ON(c.grupo_id = g.id_grupo_cat)
    INNER JOIN ca_tipo_incidencia t ON(t.id_tipo_inc = c.tipo_inci_id)
    WHERE g.aprobacion = 'SI'
      AND c.id_categoria = v_cat_id;

    IF v_aut_id IS NOT NULL THEN    
        v_result := v_aut_id;
    END IF;
  EXCEPTION 
    WHEN NO_DATA_FOUND THEN
      NULL; 
  END;       
  RETURN v_result;
end CA_AUTORIZANTE_ID_CAT;

/
--------------------------------------------------------
--  DDL for Function CA_BUSCA_PROYECTO_ID
--------------------------------------------------------

  CREATE OR REPLACE EDITIONABLE FUNCTION "CENTRO_AYUDA"."CA_BUSCA_PROYECTO_ID" (p_proyecto in varchar2) return integer is
  v_resultado integer;
begin
  begin
     SELECT py.id_proyecto 
            INTO v_resultado
     FROM ca_proyecto py where py.nombre = p_proyecto;
  exception
     when others then
       null;
  end;
  return v_resultado;
end;

/
--------------------------------------------------------
--  DDL for Function CA_BUSCA_PROYECTO_USUARIO
--------------------------------------------------------

  CREATE OR REPLACE EDITIONABLE FUNCTION "CENTRO_AYUDA"."CA_BUSCA_PROYECTO_USUARIO" (p_usuario in varchar2, p_app_id in number) return varchar2 is
  v_proyecto varchar2(200);
begin
  begin
      SELECT py.nombre 
             INTO v_proyecto 
      FROM usuario_suc us
      INNER JOIN personal_sanatorio ps ON (us.id_personal_sanatorio = ps.id_personal)
      INNER JOIN ca_proyecto_principal pp ON (ps.id_personal = pp.personal_id) 
      INNER JOIN ca_proyecto py ON (pp.proyecto_id = py.id_proyecto)
      WHERE us.perfil_usuario = p_usuario
      AND pp.app_id = p_app_id;      
  exception
    when others then
      null;
  end;
  return v_proyecto;
end CA_BUSCA_PROYECTO_USUARIO;

/
--------------------------------------------------------
--  DDL for Function CA_CAMPO_INCIDENCIA
--------------------------------------------------------

  CREATE OR REPLACE EDITIONABLE FUNCTION "CENTRO_AYUDA"."CA_CAMPO_INCIDENCIA" (p_campo IN VARCHAR2)
RETURN VARCHAR2 IS
  /*
    CREADO POR: PABLO A. CESPEDES.
    FECHA: 03/05/2019.
    OBJ.:  FUNCION PARA RETORNAR EL NOMBRE DEL CAMPO EDITADO DENTRO DE UNA INCIDENCIA DE LA TABLA CA_HISTORIAL_CAMBIO(COLUMNA CAMPO)
  */
  v_result   VARCHAR2(200);
  v_consulta VARCHAR2(200);
BEGIN
  SELECT 
    (CASE
      WHEN p_campo = 'PRIORIDAD_ID'               THEN 'PRIORIDAD'
      WHEN p_campo = 'CAN_COMU_ID'                THEN 'CANAL DE COMUNICACION'
      WHEN p_campo = 'COMENTARIO'                 THEN 'COMENTARIOS'
      WHEN p_campo = 'CATEGORIA_ID'               THEN 'CATEGORIA'
      WHEN p_campo = 'TIPO_INCI_ID'               THEN 'TIPO DE INIDENCIA'
      WHEN p_campo = 'COMPLEJIDAD_ID'             THEN 'COMPLEJIDAD'
      WHEN p_campo = 'INFORMADOR_ID'              THEN 'INFORMADOR'  
      WHEN p_campo = 'RESPONSABLE_ID'             THEN 'RESPONSABLE' 
      WHEN p_campo = 'CLIENTE_ID'                 THEN 'CLIENTE' 
      WHEN p_campo = 'DESCRIPCION'                THEN 'DESCRIPCION DE LA INCIDENCIA' 
      WHEN p_campo = 'INCIDENCIA'                 THEN 'INCIDENCIA'
      WHEN p_campo = 'RT_DESC'                    THEN 'REGISTRO DE TRABAJO EN DESCRIPCION'
      WHEN p_campo = 'RT_IT'                      THEN 'REGISTRO DE TRABAJO EN INICIO TRABAJADO'
      WHEN p_campo = 'RT_TT'                      THEN 'REGISTRO DE TRABAJO EN TIEMPO TRABAJADO'
      WHEN p_campo = 'REGISTRO_DE_TRABAJO'        THEN 'REGISTRO DE TRABAJO'      
      WHEN p_campo = 'REGISTRO_DE_TRABAJO_CREADO' THEN 'REGISTRO DE TRABAJO CREADO'
      WHEN p_campo = 'TITULO'                     THEN 'TITULO DE LA INCIDENCIA'
      WHEN p_campo = 'ADJUNTO'                    THEN 'ADJUNTO'
      WHEN p_campo = 'ESTADO_ID'                  THEN 'ESTADO'
      WHEN p_campo = 'APLICACION'                 THEN 'APLICACI'||CHR(243)||'N'
      WHEN p_campo = 'SATISFACCION_ID'            THEN 'SATISFACCI'||CHR(243)||'N'

     END) AS "consulta" INTO v_consulta
  FROM DUAL;

  IF v_consulta IS NOT NULL THEN 
     v_result := v_consulta;
  ELSIF v_consulta IS NULL THEN
    v_result := NULL;
  END IF;
  RETURN(v_result);
END CA_CAMPO_INCIDENCIA;

/
--------------------------------------------------------
--  DDL for Function CA_ESTADO_ANTERIOR_ACTUAL
--------------------------------------------------------

  CREATE OR REPLACE EDITIONABLE FUNCTION "CENTRO_AYUDA"."CA_ESTADO_ANTERIOR_ACTUAL" (p_tabla in varchar2, p_id in number)
return varchar2 is
  v_descripcion VARCHAR2(4000);
  v_result      VARCHAR2(4000);
  /*
    CREADO POR: PABLO A. CESPEDES.
    FECHA: 02/05/2019.
    OBJ.: FUNCION QUE RETORNA LA DESCRIPCION DE LA TABLA MEDIANTE EL ID Y EL NOMBRE DE LA TABLA.

    REFERENCIAS DE ABREVIATURAS PARA NOMBRE DE TABLAS:
      TIPO_INCI_ID:   CA_TIPO_INCIDENCIA
      PRIORIDAD_ID:   CA_PRIORIDAD
      CAN_COMU_ID:    CA_CANAL_COMU
      CATEGORIA_ID:   CA_CATEGORIA
      COMPLEJIDAD_ID: CA_COMPLEJIDAD
      INFORMADOR_ID:  PERSONAL_SANATORIO (INFORMADOR)
      CLIENTE_ID:     PERSONAL_SANATORIO (CLIENTE)
      RESPONSABLE_ID: PERSONAL_SANATORIO (RESPONSABLE)
      ADJUNTO:        ADJUNTO
      ESTADO:         ESTADO

      MODIFICADO: 24/05/2019 PARA AGREGAR CONSULTA A LA TABLA DE ADJUTOS
      MODIFICADO: 10/06/2019 PARA AGREGAR CONSULTA A LA TABLA CA_ESTADOS
  */
BEGIN
  IF p_tabla = 'TIPO_INCI_ID' THEN
    SELECT t.descripcion INTO v_result
      FROM ca_tipo_incidencia t
      WHERE t.id_tipo_inc = p_id;

  ELSIF p_tabla = 'PRIORIDAD_ID' THEN
        SELECT (case   
                 when p.nivel=0 then 'Indefinido'
                 when p.nivel=1 then 'Bloqueador'
                 when p.nivel=2 then 'Super Alta'
                 when p.nivel=3 then 'Alta'
                 when p.nivel=4 then 'Mediano'
                 when p.nivel=5 then 'Baja'
                 when p.nivel=6 then 'Super Baja'
                 when p.nivel=7 then 'Alto'
                 when p.nivel=8 then 'Medio'
                 when p.nivel=9 then 'Bajo'
                 when p.nivel=10 then 'Menor'
                end) INTO v_result
       FROM ca_prioridad p
       WHERE p.id_prioridad = p_id;

  ELSIF p_tabla = 'CAN_COMU_ID' THEN
    SELECT c.descripcion INTO v_result
      FROM ca_canal_comu c
      WHERE c.id_can_com = p_id;

  ELSIF p_tabla = 'CATEGORIA_ID' THEN
    SELECT c.nombre INTO v_result 
      FROM ca_categoria c
      WHERE c.id_categoria = p_id;

  ELSIF p_tabla = 'COMPLEJIDAD_ID' THEN
    SELECT c.descripcion INTO v_result
      FROM ca_complejidad c
      WHERE c.id_complejidad = p_id;

  ELSIF p_tabla = 'INFORMADOR_ID' THEN
    SELECT INITCAP(p.nombre ||' '||p.apellidos) INTO v_result
      FROM ca_usuarios p
      WHERE p.id = p_id;

  ELSIF p_tabla = 'CLIENTE_ID' THEN
    SELECT INITCAP(p.nombre ||' '||p.apellidos) INTO v_result
      FROM ca_usuarios p
      WHERE p.id = p_id;

  ELSIF p_tabla = 'RESPONSABLE_ID' THEN
    SELECT INITCAP(PRIMER_PALABRA(p.apellidos)||', '||PRIMER_PALABRA(p.nombre)) INTO v_result
      FROM ca_usuarios p
      WHERE p.id = p_id;

  ELSIF p_tabla = 'ADJUNTO' THEN  
    SELECT a.filename INTO v_result
    FROM adjunto a
    WHERE a.id_adjunto = p_id;

  ELSIF p_tabla = 'ESTADO_ID' THEN
    SELECT e.descripcion 
      INTO v_result
    FROM ca_estado e
    WHERE e.id_estado = p_id;

  ELSIF p_tabla = 'APLICACION' THEN
    SELECT a.description INTO v_result 
    FROM apex_access_modules a 
    WHERE a.module_id = p_id;  

  ELSIF p_tabla = 'SATISFACCION_ID' THEN
    SELECT a.descripcion INTO v_result 
    FROM ca_satisfaccion a 
    WHERE a.id_satisfaccion = p_id;
  END IF;
  -- COMPRUEBA SI ES NULO ALGUNA DE LAS CONSULTAS
  IF v_result IS NOT NULL THEN
    v_descripcion := v_result;

  ELSIF v_result IS NULL THEN
    v_descripcion := null;
  END IF;

  RETURN(v_descripcion);
END;

/
--------------------------------------------------------
--  DDL for Function CA_GET_ADJUNTO_MIME_TYPE
--------------------------------------------------------

  CREATE OR REPLACE EDITIONABLE FUNCTION "CENTRO_AYUDA"."CA_GET_ADJUNTO_MIME_TYPE" 
(p_id_adjunto in NUMBER) 
  RETURN VARCHAR2 is
         v_return VARCHAR2(4000);
  --CORRECCION 29/08/19 PABLO A. CESPEDES
BEGIN  
  BEGIN
     SELECT mime_type 
       INTO v_return
  FROM adjunto
       WHERE id_adjunto = p_id_adjunto;
  EXCEPTION 
    WHEN NO_DATA_FOUND THEN
      NULL;
  END;

  RETURN(v_return);
END CA_GET_ADJUNTO_MIME_TYPE;

/
--------------------------------------------------------
--  DDL for Function CA_GET_ICON
--------------------------------------------------------

  CREATE OR REPLACE EDITIONABLE FUNCTION "CENTRO_AYUDA"."CA_GET_ICON" (p_icon_id in number) return varchar2 is
  v_icono varchar2(400);
  /*
     CREADO POR: PABLO A. CESPEDES
     FECHA: 10/04/2019
     FUNNCION QUE RETORNA EL HTML(TAG) DE LA TABLA CA_ICONOS MEDIANTE SU ID
     CORRECCION: 29/08/19
  */
begin
  BEGIN
    select i.descripcion into v_icono
   from ca_iconos i
        where i.icon_id = p_icon_id;
  EXCEPTION 
    WHEN NO_DATA_FOUND THEN
      NULL;
  END; 
  return(v_icono);
end ca_get_icon;

/
--------------------------------------------------------
--  DDL for Function CA_GET_ICON_ADJUNTO
--------------------------------------------------------

  CREATE OR REPLACE EDITIONABLE FUNCTION "CENTRO_AYUDA"."CA_GET_ICON_ADJUNTO" (mime_type in VARCHAR2) return varchar2 is
  v_return varchar2(4000);
  /*
    CREADO POR: PABLO A. CESPEDES
    FECHA: 27/05/2019
    OBJ.: FUNCION QUE RETORNA EL ICONO DEL TIPO DE ARCHIVO, POR MEDIO DE SU MIME_TYPE
  */
begin
  SELECT (CASE 
              WHEN mime_type LIKE '%csv%' THEN 
                 ca_get_icon(p_icon_id => 158) --id icono csv
              WHEN mime_type IN('application/vnd.openxmlformats-officedocument.spreadsheetml.sheet',
                                'application/vnd.ms-excel',
                                'application/msexcel',
                                'application/x-msexcel',
                                'application/x-ms-excel',
                                'application/x-excel',
                                'application/x-dos_ms_excel',
                                'application/xls')
              THEN 
                 ca_get_icon(p_icon_id => 277) --id icono excel
              WHEN mime_type IN('application/vnd.oasis.opendocument.spreadsheet') THEN
                 ca_get_icon(p_icon_id => 278) --id icono ods
              WHEN mime_type IN('application/msword','application/vnd.openxmlformats-officedocument.wordprocessingml.document') THEN 
                 ca_get_icon(p_icon_id => 159) --'icono word' 
              WHEN mime_type IN('application/kswps','application/vnd.oasis.opendocument.text') THEN
                 ca_get_icon(p_icon_id => 279)-- icono word wps, word libreOffice
              WHEN mime_type LIKE '%html%' OR mime_type LIKE '%css%' THEN 
                 ca_get_icon(p_icon_id => 157) --'icono html'
              WHEN mime_type LIKE '%plain%' THEN
                 ca_get_icon(p_icon_id => 162) -- 'icono texto plano'
              WHEN mime_type LIKE '%pdf%' THEN
                 ca_get_icon(p_icon_id => 161) --'icon pdf'
              WHEN mime_type LIKE '%zip%' OR mime_type LIKE '%rar%' THEN
                 ca_get_icon(p_icon_id => 163) --'icon rar zip'
              WHEN mime_type IN('application/vnd.oasis.opendocument.presentation') THEN
                 ca_get_icon(280) --icon odp
              WHEN mime_type IN('powerpoint') THEN
                 ca_get_icon(p_icon_id => 160) --'icon powerpoint'
              WHEN mime_type LIKE '%ELIMINADO%' THEN
                 ca_get_icon(p_icon_id => 197) -- icon eliminado
              ELSE
                 ca_get_icon(p_icon_id => 162) --'icon file'
            END) INTO v_return FROM dual;
  return(v_return);
end CA_GET_ICON_ADJUNTO;

/
--------------------------------------------------------
--  DDL for Function CA_HAS_USER_ROLE
--------------------------------------------------------

  CREATE OR REPLACE EDITIONABLE FUNCTION "CENTRO_AYUDA"."CA_HAS_USER_ROLE" (p_application_id number,
                                            p_user_name  varchar2,
                                            p_role_static_id varchar2) return boolean is
  FunctionResult boolean;
  dummy          number;
  /*CREADOR: PABLO_CESPEDES
    FECHA: 07/03/19
  FUNCION QUE RETORNA UN VALOR BOOLEANO, VERIFICA LOS ROLES DEL USUARIO DENTRO DE LA TABLA CA_CONTROL_ACCESO, UTILIZANDO EL ID DE LA TABLA 
  PERSONAL_SANATORIO CON EL ID DE LA TABLA USUARIO_SUC DONDE SE ENCUENTRA EL NOMBRE DE PERFIL DE ACCESO, 
  O SI YA CUENTA CON UN ROL DE SUPER USUARIO.*/
begin
  begin
  select 1
      into dummy
      from ca_control_acceso a
      inner join usuario_suc u on (a.personal_id = u.id_personal_sanatorio)
     where (':'||a.return ||':' like '%:'||p_role_static_id||':%' or ':'||a.return ||':' like '%:'||'SUPERUSUARIO'||':%')
       and u.perfil_usuario = p_user_name
       and a.app_id = p_application_id;
    FunctionResult := true;     
  exception
    when others then
      FunctionResult := false;
  end;
  return(FunctionResult);
end CA_HAS_USER_ROLE;

/
--------------------------------------------------------
--  DDL for Function CA_HAS_USER_ROLE_NUMBER
--------------------------------------------------------

  CREATE OR REPLACE EDITIONABLE FUNCTION "CENTRO_AYUDA"."CA_HAS_USER_ROLE_NUMBER" (p_application_id number,
                                                   p_user_name  varchar2,
                                                   p_role_static_id varchar2) return number is
  FunctionResult number;
begin
  IF ca_has_user_role(p_application_id, p_user_name, p_role_static_id) THEN
    RETURN 1;
  ELSE 
    RETURN 0;
  END IF;
  return(FunctionResult);
end CA_HAS_USER_ROLE_NUMBER;

/
--------------------------------------------------------
--  DDL for Function CA_HAS_USER_ROLE_WITH_IP
--------------------------------------------------------

  CREATE OR REPLACE EDITIONABLE FUNCTION "CENTRO_AYUDA"."CA_HAS_USER_ROLE_WITH_IP" (p_application_id number,
                                                    p_user_name  varchar2,
                                                    p_role_static_id varchar2,
                                                    P_IP  varchar2) return boolean is
  FunctionResult boolean;
  dummy          number;
  v_allow        number;
  /*
  FUNCION COPIADA POR: PABLO_CESPEDES
  DE LA FUNCION LLAMADA HAS_USER_ROLE_WITH_IP, COPIADA PARA USO DE LA APLICACI?N DE CENTRO DE AYUDA
  */
begin
  FunctionResult := CA_HAS_USER_ROLE(p_application_id, p_user_name, p_role_static_id );

  if FunctionResult = true then
    begin
      select nvl(a.allow_lan, 0)
        into v_allow
        from apex_access_privilege a 
       where a.app_id = p_application_id
         and a.return = p_role_static_id;
    exception 
      when no_data_found then
        v_allow := 0;
    end;

    if v_allow = 0 and substr(P_IP,1,9) not in ('10.81.28.','10.81.29.') and P_IP != '190.128.150.85' then
      FunctionResult := TRUE;--false;
    end if;
  end if;
  return(FunctionResult);
end CA_HAS_USER_ROLE_WITH_IP;

/
--------------------------------------------------------
--  DDL for Function CA_ID_USUARIO
--------------------------------------------------------

  CREATE OR REPLACE EDITIONABLE FUNCTION "CENTRO_AYUDA"."CA_ID_USUARIO" (p_user in varchar2) return number is
  v_id_usuario number;
  /*
    CREADO POR: PABLO A. C?SPEDES.
    FECHA: 14/04/2019
    FUNCION QUE RETORNA EL ID DEL PERSONAL DEL SANATORIO(TABLE: USUARIO_SUC) CON  EL PARAMETRO DE NOMBRE DE PERFIL
  */
  
begin
  begin     
     select id into v_id_usuario
     from ca_usuarios us where us.nick = p_user;
  exception
    when no_data_found then
         null;
  end;
  return(v_id_usuario);
exception
    when others then
        return null;
end CA_ID_USUARIO;

/
--------------------------------------------------------
--  DDL for Function CA_INICIAL_PERSONAL
--------------------------------------------------------

  CREATE OR REPLACE EDITIONABLE FUNCTION "CENTRO_AYUDA"."CA_INICIAL_PERSONAL" (p_id_personal in number) return varchar2 is
  v_consulta varchar2(2);
begin
  begin
    SELECT RPAD(p.nombre,1)||RPAD(p.apellidos,1)
     INTO v_consulta 
    FROM ca_usuarios p 
    WHERE p.id = p_id_personal;
  exception
    when no_data_found then
      null;
  end;
  return(v_consulta);
end CA_INICIAL_PERSONAL;

/
--------------------------------------------------------
--  DDL for Function CA_LAPSO_TIEMPO
--------------------------------------------------------

  CREATE OR REPLACE EDITIONABLE FUNCTION "CENTRO_AYUDA"."CA_LAPSO_TIEMPO" 
(p_fecha IN DATE)
RETURN VARCHAR2 IS
/*
  CREADO POR: PABLO A. CESPEDES.
  FECHA: 02/05/2019.
  FUNCION COPIADA Y MODIFICADA PARA RETORNAR UN MENSAJE CON EL LAPSO DE TIEMPO A CERCA DE UNA FECHA QUE SE ESTABLECE EN EL PARAMETRO. 
  FUNCION ORIGINAL => DE_SEGUNDOS_A_HORA.
*/
  V_RESULT   VARCHAR2(2000);

  V_SEGUNDOS    NUMBER;
  V_DIA         NUMBER;
  V_HORA        NUMBER;
  V_HORA_MES    NUMBER;

  V_HORAS    NUMBER;
  V_MINUTOS  NUMBER;
  --V_SECONDS  NUMBER;

BEGIN
  V_HORA_MES := 730;
  V_SEGUNDOS := ABS((TO_NUMBER(SYSDATE - p_fecha)*24*60*60));
  V_DIA      := ROUND(V_SEGUNDOS/86400);
  V_HORA     := ROUND(MOD(V_SEGUNDOS,86400)/3600);

  V_HORAS    := TO_CHAR(((V_DIA * 24) + V_HORA));
  V_MINUTOS  := LTRIM(TO_CHAR(trunc(MOD(MOD(V_SEGUNDOS,86400),3600)/60),'09'));
  --V_SECONDS  := LTRIM(TO_CHAR(MOD(MOD(MOD(V_SEGUNDOS,86400),3600),60),'09'));

  IF V_HORAS < 24 AND V_DIA = 0 THEN

    IF V_MINUTOS < 1 THEN 
      V_RESULT := 'Hace menos de 1 minuto';
    ELSIF V_MINUTOS = 1 THEN
      V_RESULT := 'Hace: '||V_MINUTOS||' minuto';
    ELSIF V_MINUTOS > 1 AND V_MINUTOS < 60 AND V_HORAS = 0 THEN
      V_RESULT := 'Hace: '||V_MINUTOS||' minutos';
    ELSIF V_HORA >= 1 THEN 
      V_RESULT := 'Hace: '||V_HORA||' hs';
    END IF;

  ELSIF V_HORAS >= 24 AND V_HORAS < 48 THEN
    V_RESULT := 'Hace: 1 dia '||(V_HORAS-24)||' hs';
  ELSIF V_HORAS >= 48 AND V_HORAS < 168 THEN
    V_RESULT := 'Hace: '||V_DIA||' dias';

  ELSIF V_HORAS >= 168 AND V_HORAS < 336 THEN      
    V_RESULT := 'Hace: 1 semana';
  ELSIF V_HORAS >= 336 AND V_HORAS < 504 THEN
    V_RESULT := 'Hace: 2 semanas';
  ELSIF V_HORAS >= 504 AND V_HORAS < 672 THEN
    V_RESULT := 'Hace: 3 semanas';
  ELSIF V_HORAS >= 672 AND V_HORAS < V_HORA_MES THEN
    V_RESULT := 'Hace 4 semanas'; 

  ELSIF V_HORAS >= V_HORA_MES AND V_HORAS < (V_HORA_MES * 2) THEN  
    V_RESULT := 'Hace 1 mes';
  ELSIF V_HORAS >= (V_HORA_MES * 2) AND V_HORAS < (V_HORA_MES * 3) THEN
    V_RESULT := 'Hace 2 meses';
  ELSIF V_HORAS >= (V_HORA_MES * 3) AND V_HORAS < (V_HORA_MES * 4) THEN
    V_RESULT := 'Hace 3 meses';
  ELSIF V_HORAS >= (V_HORA_MES * 4) AND V_HORAS < (V_HORA_MES * 5) THEN
    V_RESULT := 'Hace 4 meses';
  ELSIF V_HORAS >= (V_HORA_MES * 5) AND V_HORAS < (V_HORA_MES * 6) THEN
    V_RESULT := 'Hace 5 meses';
  ELSIF V_HORAS >= (V_HORA_MES * 6) AND V_HORAS < (V_HORA_MES * 7) THEN
    V_RESULT := 'Hace 6 meses';
  ELSIF V_HORAS >= (V_HORA_MES * 7) AND V_HORAS < (V_HORA_MES * 8) THEN
    V_RESULT := 'Hace 7 meses';
  ELSIF V_HORAS >= (V_HORA_MES * 8) AND V_HORAS < (V_HORA_MES * 9) THEN
    V_RESULT := 'Hace 8 meses';
  ELSIF V_HORAS >= (V_HORA_MES * 9) AND V_HORAS < (V_HORA_MES * 10) THEN
    V_RESULT := 'Hace 9 meses';
  ELSIF V_HORAS >= (V_HORA_MES * 10) AND V_HORAS < (V_HORA_MES * 11) THEN
    V_RESULT := 'Hace 10 meses';
  ELSIF V_HORAS >= (V_HORA_MES * 11) AND V_HORAS < (V_HORA_MES * 12) THEN
    V_RESULT := 'Hace 11 meses';
  ELSIF V_HORAS >= (V_HORA_MES * 12) AND V_HORAS < (V_HORA_MES * 13) THEN
    V_RESULT := 'Hace 12 meses';
  ELSIF V_HORAS >= (V_HORA_MES * 13) THEN
    V_RESULT := 'Hace mas de 12 meses';
  END IF;

  RETURN(V_RESULT);
END CA_LAPSO_TIEMPO;

/
--------------------------------------------------------
--  DDL for Function CA_MENU_CURRENT
--------------------------------------------------------

  CREATE OR REPLACE EDITIONABLE FUNCTION "CENTRO_AYUDA"."CA_MENU_CURRENT" (P_CURRENT      VARCHAR2, 
                                           P_APP_PAGE_ID  VARCHAR2) RETURN VARCHAR2 IS
  FunctionResult VARCHAR2(3) := 'NO';
  l_vc_arr2      APEX_APPLICATION_GLOBAL.VC_ARR2;
  V_CONTADOR     NUMBER;
BEGIN 
  --- divide el string por cada coma en un arreglo
  l_vc_arr2 := APEX_UTIL.STRING_TO_TABLE(P_CURRENT,',');
  V_CONTADOR := 0;
  -- recorre el arreglo y comprueba si coincide con la pagina actual    
  FOR z IN 1..l_vc_arr2.count LOOP
    V_CONTADOR := V_CONTADOR + 1;
    IF l_vc_arr2(z) = P_APP_PAGE_ID THEN
      FunctionResult := 'YES'; 
    END IF;    
  END LOOP;   
  RETURN(FunctionResult);
END CA_MENU_CURRENT;

/
--------------------------------------------------------
--  DDL for Function CA_NOMBRE_APELLIDO_PERSONAL
--------------------------------------------------------

  CREATE OR REPLACE EDITIONABLE FUNCTION "CENTRO_AYUDA"."CA_NOMBRE_APELLIDO_PERSONAL" 
       (p_id_personal in NUMBER) 
RETURN VARCHAR2 IS
  v_result   VARCHAR2(400);
  v_consulta VARCHAR2(400);
BEGIN
BEGIN
  SELECT INITCAP(PRIMER_PALABRA(p.apellidos))||', '||INITCAP(PRIMER_PALABRA(p.nombre))
     INTO v_consulta
  FROM ca_usuarios p WHERE p.id = p_id_personal;

  IF v_consulta IS NOT NULL THEN
    v_result := v_consulta;
  END IF;
EXCEPTION 
  WHEN NO_DATA_FOUND THEN
    NULL;
END;      
RETURN(v_result);

END CA_NOMBRE_APELLIDO_PERSONAL;

/
--------------------------------------------------------
--  DDL for Function CA_REPLACE_DESCRIPTION
--------------------------------------------------------

  CREATE OR REPLACE EDITIONABLE FUNCTION "CENTRO_AYUDA"."CA_REPLACE_DESCRIPTION" (p_string in varchar2) return varchar2 is
  v_result varchar2(4000);

  /*CREADO POR: PABLO A. CESPEDES.
    FECHA: 15/07/19
    OBJ.: REEMPLAZAR LOS CARACTERES HTML PARA QUE NO SE VISUALICEN, POR UN ESPACIO. TAMBIEN REDUCE EL TEXTO A 2300 CARACTERES.
  */
begin
  SELECT 
    REPLACE(
      REPLACE(
        REPLACE(
          REPLACE(
             REPLACE(
                REPLACE(
                   REPLACE(
                     REPLACE(
                        REPLACE(
                           REPLACE
                              (REPLACE
                                 (REPLACE
                                    (REPLACE
                                        (REPLACE
                                             (SUBSTR(p_string,0,2300) 
                                       ,'<p>','')
                                    ,'</p>','')
                                 ,'<strong>','')
                              ,'</strong>','')
                           ,'<i>','')
                        ,'<br />','')
                    ,'<li>','')
                 ,'</li>','')
               ,'<ul>','')
            ,'</ul>','')
          ,'<ol>','')
        ,'</ol>','')
     ,'<','')
   ,'>','')
  INTO v_result
  FROM DUAL;
  return(v_result);
end CA_REPLACE_DESCRIPTION;

/
--------------------------------------------------------
--  DDL for Function CA_REPLACE_STRING
--------------------------------------------------------

  CREATE OR REPLACE EDITIONABLE FUNCTION "CENTRO_AYUDA"."CA_REPLACE_STRING" (p_string in varchar2) return varchar2 is
  v_result varchar2(4000);

  /*CREADO POR: PABLO A. CESPEDES.
    FECHA: 25/06/2019
    OBJ.: REEMPLAZAR LOS CARACTERES HTML PARA QUE NO SE VISUALICEN, POR UN ESPACIO. TAMBIEN REDUCE EL TEXTO A 30 CARACTERES.
  */
begin
  SELECT 
    REPLACE(
      REPLACE(
        REPLACE(
          REPLACE(
             REPLACE(
                REPLACE(
                   REPLACE(
                     REPLACE(
                        REPLACE(
                           REPLACE
                              (REPLACE
                                 (REPLACE
                                    (REPLACE
                                        (REPLACE
                                             (SUBSTR(p_string,0,30), 
                                        '<p>','')
                                     ,'</p>','')
                                  ,'<strong>','')
                               ,'</strong>','')
                            ,'<i>','')
                         ,'<br />','')
                    ,'<li>','')
                 ,'</li>','')
               ,'<ul>','')
            ,'</ul>','')
          ,'<ol>','')
        ,'</ol>','')
    ,'<','')
   ,'>','')
  INTO v_result
  FROM DUAL;
  return(v_result);
end CA_REPLACE_STRING;

/
--------------------------------------------------------
--  DDL for Function CA_ROL_POR_PROYECTO
--------------------------------------------------------

  CREATE OR REPLACE EDITIONABLE FUNCTION "CENTRO_AYUDA"."CA_ROL_POR_PROYECTO" (p_id_personal IN NUMBER, p_id_proyecto IN NUMBER, p_app_id IN NUMBER) return varchar2 is
  v_result varchar2(400);
  /*
     CREADO POR: PABLO A. CESPEDES.
     FECHA: 06/06/2019
     OBJ.: FUNCION QUE RETORNA EL ROL DEL USUARIO EN EL PROYECTO DEL PARAMENTRO.
  */
BEGIN
  SELECT a.return 
      INTO v_result 
  FROM ca_control_acceso a 
  WHERE a.personal_id = p_id_personal 
    AND a.proyecto_id = p_id_proyecto
    AND a.app_id = p_app_id; 

  RETURN v_result;
EXCEPTION 
  WHEN NO_DATA_FOUND THEN
     v_result := 'EL USUARIO NO TIENE ROL O PROYECTO';
 RETURN v_result;    
END CA_ROL_POR_PROYECTO;

/
--------------------------------------------------------
--  DDL for Function CA_USUARIO_TI
--------------------------------------------------------

  CREATE OR REPLACE EDITIONABLE FUNCTION "CENTRO_AYUDA"."CA_USUARIO_TI" (p_user_name varchar2) return number is
  FunctionResult number;
  resu           number;
  /*
    CREADOR: PABLO_CESPEDES
    FECHA:: 07/03/2019
    FUNCION QUE RETORNA UN VALOR NUMERICO (1) SI ES DEL DEPARTAMENTO DE TI(8) EN CASO CONTRARIO (0), POR MEDIO DEL NOMBRE DE 
    USUARIO COMPROBANDO LOS DATOS EN LA TABLA USUARIO_SUC
  */
begin
  begin
    SELECT 1 
        INTO resu
          FROM usuario_suc u
          INNER JOIN departamento d ON (u.d_sudepartamen_id_departamento = d.id_departamento)
        WHERE u.perfil_usuario = p_user_name
          and d.id_departamento = 8;
    FunctionResult := 1;
    exception
      when others then
        FunctionResult := 0;
   end;
   return(FunctionResult);
end CA_USUARIO_TI;

/
--------------------------------------------------------
--  DDL for Function F_CALC_EDAD
--------------------------------------------------------

  CREATE OR REPLACE EDITIONABLE FUNCTION "CENTRO_AYUDA"."F_CALC_EDAD" (p_fecini IN DATE, p_fecfin IN DATE) 
RETURN NUMBER
IS  
v_anos NUMBER := 0;
BEGIN
    v_anos := FLOOR(MONTHS_BETWEEN(p_fecfin, p_fecini ) / 12);
    RETURN v_anos;
EXCEPTION
    WHEN OTHERS THEN
        RETURN 0;
END F_CALC_EDAD;

/
--------------------------------------------------------
--  DDL for Function GET_COMENTARIOS_ADJUNTOS
--------------------------------------------------------

  CREATE OR REPLACE EDITIONABLE FUNCTION "CENTRO_AYUDA"."GET_COMENTARIOS_ADJUNTOS" (p_comentario_id NUMBER) return varchar2 is
  v_result varchar2(4000) := '';

  CURSOR ID_ADJUNTOS IS SELECT     d.id_adjunto, d.mime_type, d.filename
                          FROM  ca_adj_x_inci a
                          INNER JOIN ca_comentario c ON (a.id_comentario = c.id_comentario)
                          INNER JOIN adjunto d ON(a.adjunto_id = d.id_adjunto)
                        WHERE c.id_comentario = p_comentario_id;
begin
  FOR I IN ID_ADJUNTOS LOOP
    BEGIN     
      IF I.MIME_TYPE LIKE '%image%' THEN
        v_result := v_result
        ||'<img src=''f?p=&APP_ID.:0:&APP_SESSION.:APPLICATION_PROCESS=MyImages_TBL_BLOB_To_URL:::IMAGE_ID:' ||I.ID_ADJUNTO|| ' '' class=''comentarioAdjunto'' title='||I.FILENAME||'> </img>';
      ELSE
        v_result := v_result
        ||ca_get_icon_adjunto(mime_type => I.MIME_TYPE);
      END IF;
    END;
  END LOOP;
  return(v_result);
end GET_COMENTARIOS_ADJUNTOS;

/
--------------------------------------------------------
--  DDL for Function GET_FLUJOS_ESTADOS
--------------------------------------------------------

  CREATE OR REPLACE EDITIONABLE FUNCTION "CENTRO_AYUDA"."GET_FLUJOS_ESTADOS" (p_id_flu_est in number) return varchar2 is
  FunctionResult varchar2(4000) := '';
  CURSOR OPCIONES IS select et.id_estado,et.tag from ca_flujo_estado c 
                      inner join ca_estado e on (c.id_flu_est = e.id_estado)
                      inner join ca_estado et on (c.id_estado = et.id_estado)
                     where c.id_flu_est = p_id_flu_est
                     order by 1; 
begin
  FOR I IN OPCIONES LOOP
      BEGIN
         FunctionResult := FunctionResult || '
<button type=''button'' class=''t-Button t-Button--noLabel 
t-Button--icon t-Button--danger t-Button--simple t-Button--pillEnd t-Button--gapRight t-Button--gapBottom SELECTButtonDelete'' data-id-estado='''||I.ID_ESTADO||''' data-id-flujo='''||p_id_flu_est||''' ><span aria-hidden=''true'' class=''t-Icon fa fa-trash-o'' class=''t-Icon fa fa-trash-o'' ></span></button>'  ||I.Tag|| '</BR>';
      END;    
  END LOOP;
  IF LENGTH(FunctionResult) >  5 THEN
    FunctionResult := SUBSTR(FunctionResult,0, LENGTH(FunctionResult)-5);
  END IF;
  return(FunctionResult);
end GET_FLUJOS_ESTADOS;

/
--------------------------------------------------------
--  DDL for Function GET_MD5
--------------------------------------------------------

  CREATE OR REPLACE EDITIONABLE FUNCTION "CENTRO_AYUDA"."GET_MD5" 
(p_string in VARCHAR2)
return VARCHAR2
is
has_result VARCHAR2(2000) := '';
BEGIN
    has_result := DBMS_OBFUSCATION_TOOLKIT.md5(input => UTL_I18N.STRING_TO_RAW(p_string, 'UTF8'));
    RETURN has_result;
END;

/
--------------------------------------------------------
--  DDL for Function GET_PROYECT_ID
--------------------------------------------------------

  CREATE OR REPLACE EDITIONABLE FUNCTION "CENTRO_AYUDA"."GET_PROYECT_ID" (p_proyect VARCHAR2) RETURN NUMBER AS 
    v_p_id NUMBER;
BEGIN
    SELECT id_proyecto
      INTO v_p_id
      FROM ca_proyecto 
      WHERE nombre = (p_proyect);
      
      RETURN v_p_id;
    
EXCEPTION
    WHEN OTHERS THEN
       RETURN NULL;
END GET_PROYECT_ID;

/
--------------------------------------------------------
--  DDL for Function PREPARE_DIALOG_URL
--------------------------------------------------------

  CREATE OR REPLACE EDITIONABLE FUNCTION "CENTRO_AYUDA"."PREPARE_DIALOG_URL" (
    p_url in varchar2 )
    return varchar2
is
begin
    return regexp_substr(
           apex_util.prepare_url( p_url ), 'f\?p=[^'']*');
end prepare_dialog_url;

/
--------------------------------------------------------
--  DDL for Function PRIMER_PALABRA
--------------------------------------------------------

  CREATE OR REPLACE EDITIONABLE FUNCTION "CENTRO_AYUDA"."PRIMER_PALABRA" (p_palabra IN VARCHAR2) RETURN VARCHAR2 IS
  v_result  VARCHAR2(255);
  v_if      NUMBER;
  /*
  FUNCION QUE BUSCA EL PRIMER ESPACIO Y LUEGO BORRA TODO A PARTIR DE L (hacia la derecha).
  */
BEGIN
  SELECT INSTR(p_palabra,' ') INTO v_if FROM dual;
  IF v_if > 0 THEN
     SELECT RPAD(p_palabra,(INSTR(p_palabra,' ')-1)) INTO v_result FROM dual;
  ELSE
     v_result := p_palabra;
  END IF;
  RETURN(v_result);
END PRIMER_PALABRA;

/
-- No se ha podido presentar el DDL SYNONYM para el objeto PUBLIC.DUAL mientras que DBMS_METADATA intenta utilizar el generador interno.
CREATE PUBLIC SYNONYM DUAL FOR SYS."DUAL"
-- No se ha podido presentar el DDL SYNONYM para el objeto PUBLIC.UTL_SMTP mientras que DBMS_METADATA intenta utilizar el generador interno.
CREATE PUBLIC SYNONYM UTL_SMTP FOR SYS.UTL_SMTP
-- No se ha podido presentar el DDL SYNONYM para el objeto PUBLIC.UTL_TCP mientras que DBMS_METADATA intenta utilizar el generador interno.
CREATE PUBLIC SYNONYM UTL_TCP FOR SYS.UTL_TCP
--------------------------------------------------------
--  DDL for Synonymn APEX_APPLICATION_GLOBAL
--------------------------------------------------------

  CREATE OR REPLACE NONEDITIONABLE PUBLIC SYNONYM "APEX_APPLICATION_GLOBAL" FOR "APEX_190100"."WWV_FLOW_GLOBAL";
--------------------------------------------------------
--  DDL for Synonymn APEX_UTIL
--------------------------------------------------------

  CREATE OR REPLACE NONEDITIONABLE PUBLIC SYNONYM "APEX_UTIL" FOR "APEX_190100"."HTMLDB_UTIL";
-- No se ha podido presentar el DDL SYNONYM para el objeto PUBLIC.PLITBLM mientras que DBMS_METADATA intenta utilizar el generador interno.
CREATE PUBLIC SYNONYM PLITBLM FOR SYS.PLITBLM
-- No se ha podido presentar el DDL SYNONYM para el objeto PUBLIC.DBMS_OBFUSCATION_TOOLKIT mientras que DBMS_METADATA intenta utilizar el generador interno.
CREATE PUBLIC SYNONYM DBMS_OBFUSCATION_TOOLKIT FOR SYS.DBMS_OBFUSCATION_TOOLKIT
-- No se ha podido presentar el DDL SYNONYM para el objeto PUBLIC.UTL_I18N mientras que DBMS_METADATA intenta utilizar el generador interno.
CREATE PUBLIC SYNONYM UTL_I18N FOR SYS.UTL_I18N
--------------------------------------------------------
--  Constraints for Table ADJUNTO
--------------------------------------------------------

  ALTER TABLE "CENTRO_AYUDA"."ADJUNTO" MODIFY ("ID_ADJUNTO" NOT NULL ENABLE);
  ALTER TABLE "CENTRO_AYUDA"."ADJUNTO" MODIFY ("NAME" NOT NULL ENABLE);
  ALTER TABLE "CENTRO_AYUDA"."ADJUNTO" MODIFY ("MIME_TYPE" NOT NULL ENABLE);
  ALTER TABLE "CENTRO_AYUDA"."ADJUNTO" MODIFY ("DOC_SIZE" NOT NULL ENABLE);
  ALTER TABLE "CENTRO_AYUDA"."ADJUNTO" MODIFY ("BLOB_CONTENT" NOT NULL ENABLE);
  ALTER TABLE "CENTRO_AYUDA"."ADJUNTO" ADD CONSTRAINT "ADJUNTO_ID_PK" PRIMARY KEY ("ID_ADJUNTO")
  USING INDEX PCTFREE 10 INITRANS 2 MAXTRANS 255 COMPUTE STATISTICS 
  STORAGE(INITIAL 65536 NEXT 1048576 MINEXTENTS 1 MAXEXTENTS 2147483645
  PCTINCREASE 0 FREELISTS 1 FREELIST GROUPS 1
  BUFFER_POOL DEFAULT FLASH_CACHE DEFAULT CELL_FLASH_CACHE DEFAULT)
  TABLESPACE "USUARIOS"  ENABLE;
--------------------------------------------------------
--  Constraints for Table APEX_ACCESS_CONTROL
--------------------------------------------------------

  ALTER TABLE "CENTRO_AYUDA"."APEX_ACCESS_CONTROL" ADD CONSTRAINT "APEX_ACCESS_CONTROL_PK" PRIMARY KEY ("ID")
  USING INDEX PCTFREE 10 INITRANS 2 MAXTRANS 255 COMPUTE STATISTICS 
  TABLESPACE "APEX_1340948448228389"  ENABLE;
  ALTER TABLE "CENTRO_AYUDA"."APEX_ACCESS_CONTROL" ADD CONSTRAINT "APEX_ACCESS_CONTROL_UK" UNIQUE ("ADMIN_USERNAME", "SETUP_ID", "ADMIN_PRIVILEGES")
  USING INDEX PCTFREE 10 INITRANS 2 MAXTRANS 155 COMPUTE STATISTICS 
  TABLESPACE "APEX_1340948448228389"  ENABLE;
--------------------------------------------------------
--  Constraints for Table APEX_ACCESS_MODULES
--------------------------------------------------------

  ALTER TABLE "CENTRO_AYUDA"."APEX_ACCESS_MODULES" MODIFY ("MODULE_ID" NOT NULL ENABLE);
  ALTER TABLE "CENTRO_AYUDA"."APEX_ACCESS_MODULES" MODIFY ("DESCRIPTION" NOT NULL ENABLE);
  ALTER TABLE "CENTRO_AYUDA"."APEX_ACCESS_MODULES" MODIFY ("APP_ID" NOT NULL ENABLE);
  ALTER TABLE "CENTRO_AYUDA"."APEX_ACCESS_MODULES" MODIFY ("FEEDBACK_ATTACHMENTS" NOT NULL ENABLE);
  ALTER TABLE "CENTRO_AYUDA"."APEX_ACCESS_MODULES" ADD CONSTRAINT "APEX_ACCESS_MODULES_PK" PRIMARY KEY ("MODULE_ID")
  USING INDEX PCTFREE 10 INITRANS 2 MAXTRANS 255 COMPUTE STATISTICS 
  STORAGE(INITIAL 65536 NEXT 1048576 MINEXTENTS 1 MAXEXTENTS 2147483645
  PCTINCREASE 0 FREELISTS 1 FREELIST GROUPS 1
  BUFFER_POOL DEFAULT FLASH_CACHE DEFAULT CELL_FLASH_CACHE DEFAULT)
  TABLESPACE "APEX_1340948448228389"  ENABLE;
  ALTER TABLE "CENTRO_AYUDA"."APEX_ACCESS_MODULES" ADD CONSTRAINT "APEX_ACCESS_MODULES_UK1" UNIQUE ("APP_ID")
  USING INDEX PCTFREE 10 INITRANS 2 MAXTRANS 255 COMPUTE STATISTICS 
  STORAGE(INITIAL 65536 NEXT 1048576 MINEXTENTS 1 MAXEXTENTS 2147483645
  PCTINCREASE 0 FREELISTS 1 FREELIST GROUPS 1
  BUFFER_POOL DEFAULT FLASH_CACHE DEFAULT CELL_FLASH_CACHE DEFAULT)
  TABLESPACE "APEX_1340948448228389"  ENABLE;
--------------------------------------------------------
--  Constraints for Table APEX_ACCESS_PRIVILEGE
--------------------------------------------------------

  ALTER TABLE "CENTRO_AYUDA"."APEX_ACCESS_PRIVILEGE" MODIFY ("ID" NOT NULL ENABLE);
  ALTER TABLE "CENTRO_AYUDA"."APEX_ACCESS_PRIVILEGE" MODIFY ("PRIVILEGE" NOT NULL ENABLE);
  ALTER TABLE "CENTRO_AYUDA"."APEX_ACCESS_PRIVILEGE" ADD CONSTRAINT "APEX_ACCESS_PRIVILEGE" PRIMARY KEY ("ID")
  USING INDEX PCTFREE 10 INITRANS 2 MAXTRANS 255 COMPUTE STATISTICS 
  STORAGE(INITIAL 65536 NEXT 1048576 MINEXTENTS 1 MAXEXTENTS 2147483645
  PCTINCREASE 0 FREELISTS 1 FREELIST GROUPS 1
  BUFFER_POOL DEFAULT FLASH_CACHE DEFAULT CELL_FLASH_CACHE DEFAULT)
  TABLESPACE "USERS"  ENABLE;
  ALTER TABLE "CENTRO_AYUDA"."APEX_ACCESS_PRIVILEGE" ADD CONSTRAINT "APEX_ACCESS_PRIVILEGE_UK" UNIQUE ("PRIVILEGE", "APP_ID")
  USING INDEX PCTFREE 10 INITRANS 2 MAXTRANS 255 COMPUTE STATISTICS 
  STORAGE(INITIAL 65536 NEXT 1048576 MINEXTENTS 1 MAXEXTENTS 2147483645
  PCTINCREASE 0 FREELISTS 1 FREELIST GROUPS 1
  BUFFER_POOL DEFAULT FLASH_CACHE DEFAULT CELL_FLASH_CACHE DEFAULT)
  TABLESPACE "USERS"  ENABLE;
  ALTER TABLE "CENTRO_AYUDA"."APEX_ACCESS_PRIVILEGE" ADD CONSTRAINT "APEX_ACCESS_PRIVILEGE_UK2" UNIQUE ("APP_ID", "RETURN")
  USING INDEX PCTFREE 10 INITRANS 2 MAXTRANS 255 COMPUTE STATISTICS 
  STORAGE(INITIAL 65536 NEXT 1048576 MINEXTENTS 1 MAXEXTENTS 2147483645
  PCTINCREASE 0 FREELISTS 1 FREELIST GROUPS 1
  BUFFER_POOL DEFAULT FLASH_CACHE DEFAULT CELL_FLASH_CACHE DEFAULT)
  TABLESPACE "USERS"  ENABLE;
  ALTER TABLE "CENTRO_AYUDA"."APEX_ACCESS_PRIVILEGE" ADD CONSTRAINT "APEX_ACCESS_PRIVILEGE_CK" CHECK (ALLOW_LAN IN (0,1)) ENABLE;
--------------------------------------------------------
--  Constraints for Table APEX_ACCESS_SETUP
--------------------------------------------------------

  ALTER TABLE "CENTRO_AYUDA"."APEX_ACCESS_SETUP" ADD CONSTRAINT "APEX_ACCESS_SETUP_PK" PRIMARY KEY ("ID")
  USING INDEX PCTFREE 10 INITRANS 2 MAXTRANS 255 COMPUTE STATISTICS 
  STORAGE(INITIAL 65536 NEXT 1048576 MINEXTENTS 1 MAXEXTENTS 2147483645
  PCTINCREASE 0 FREELISTS 1 FREELIST GROUPS 1
  BUFFER_POOL DEFAULT FLASH_CACHE DEFAULT CELL_FLASH_CACHE DEFAULT)
  TABLESPACE "APEX_1340948448228389"  ENABLE;
--------------------------------------------------------
--  Constraints for Table CA_ADJ_X_INCI
--------------------------------------------------------

  ALTER TABLE "CENTRO_AYUDA"."CA_ADJ_X_INCI" MODIFY ("INCIDENCIA_ID" NOT NULL ENABLE);
  ALTER TABLE "CENTRO_AYUDA"."CA_ADJ_X_INCI" MODIFY ("ADJUNTO_ID" NOT NULL ENABLE);
  ALTER TABLE "CENTRO_AYUDA"."CA_ADJ_X_INCI" MODIFY ("FECHA" NOT NULL ENABLE);
  ALTER TABLE "CENTRO_AYUDA"."CA_ADJ_X_INCI" ADD CONSTRAINT "CA_ADJ_INCI_PK" PRIMARY KEY ("INCIDENCIA_ID", "ADJUNTO_ID")
  USING INDEX PCTFREE 10 INITRANS 2 MAXTRANS 255 COMPUTE STATISTICS 
  STORAGE(INITIAL 65536 NEXT 1048576 MINEXTENTS 1 MAXEXTENTS 2147483645
  PCTINCREASE 0 FREELISTS 1 FREELIST GROUPS 1
  BUFFER_POOL DEFAULT FLASH_CACHE DEFAULT CELL_FLASH_CACHE DEFAULT)
  TABLESPACE "USUARIOS"  ENABLE;
--------------------------------------------------------
--  Constraints for Table CA_ADJ_X_INCI_JN
--------------------------------------------------------

  ALTER TABLE "CENTRO_AYUDA"."CA_ADJ_X_INCI_JN" MODIFY ("INCIDENCIA_ID" NOT NULL ENABLE);
  ALTER TABLE "CENTRO_AYUDA"."CA_ADJ_X_INCI_JN" MODIFY ("ADJUNTO_ID" NOT NULL ENABLE);
  ALTER TABLE "CENTRO_AYUDA"."CA_ADJ_X_INCI_JN" MODIFY ("FECHA" NOT NULL ENABLE);
--------------------------------------------------------
--  Constraints for Table CA_BITACORA
--------------------------------------------------------

  ALTER TABLE "CENTRO_AYUDA"."CA_BITACORA" MODIFY ("ID_BITACORA" NOT NULL ENABLE);
  ALTER TABLE "CENTRO_AYUDA"."CA_BITACORA" MODIFY ("INCIDENCIA_ID" NOT NULL ENABLE);
  ALTER TABLE "CENTRO_AYUDA"."CA_BITACORA" MODIFY ("PERSONAL_ID" NOT NULL ENABLE);
  ALTER TABLE "CENTRO_AYUDA"."CA_BITACORA" MODIFY ("TIEMPO_TRAB" NOT NULL ENABLE);
  ALTER TABLE "CENTRO_AYUDA"."CA_BITACORA" MODIFY ("INICIO_TRAB" NOT NULL ENABLE);
  ALTER TABLE "CENTRO_AYUDA"."CA_BITACORA" MODIFY ("DESCRIPCION" NOT NULL ENABLE);
  ALTER TABLE "CENTRO_AYUDA"."CA_BITACORA" ADD CONSTRAINT "CA_BITACORA_PK" PRIMARY KEY ("ID_BITACORA")
  USING INDEX PCTFREE 10 INITRANS 2 MAXTRANS 255 COMPUTE STATISTICS 
  STORAGE(INITIAL 65536 NEXT 1048576 MINEXTENTS 1 MAXEXTENTS 2147483645
  PCTINCREASE 0 FREELISTS 1 FREELIST GROUPS 1
  BUFFER_POOL DEFAULT FLASH_CACHE DEFAULT CELL_FLASH_CACHE DEFAULT)
  TABLESPACE "USUARIOS"  ENABLE;
--------------------------------------------------------
--  Constraints for Table CA_BITACORA_JN
--------------------------------------------------------

  ALTER TABLE "CENTRO_AYUDA"."CA_BITACORA_JN" MODIFY ("ID_BITACORA" NOT NULL ENABLE);
  ALTER TABLE "CENTRO_AYUDA"."CA_BITACORA_JN" MODIFY ("INCIDENCIA_ID" NOT NULL ENABLE);
  ALTER TABLE "CENTRO_AYUDA"."CA_BITACORA_JN" MODIFY ("PERSONAL_ID" NOT NULL ENABLE);
  ALTER TABLE "CENTRO_AYUDA"."CA_BITACORA_JN" MODIFY ("TIEMPO_TRAB" NOT NULL ENABLE);
  ALTER TABLE "CENTRO_AYUDA"."CA_BITACORA_JN" MODIFY ("INICIO_TRAB" NOT NULL ENABLE);
  ALTER TABLE "CENTRO_AYUDA"."CA_BITACORA_JN" MODIFY ("DESCRIPCION" NOT NULL ENABLE);
--------------------------------------------------------
--  Constraints for Table CA_CALENDARIO
--------------------------------------------------------

  ALTER TABLE "CENTRO_AYUDA"."CA_CALENDARIO" MODIFY ("ID_CALENDARIO" NOT NULL ENABLE);
  ALTER TABLE "CENTRO_AYUDA"."CA_CALENDARIO" MODIFY ("NOMBRE" NOT NULL ENABLE);
  ALTER TABLE "CENTRO_AYUDA"."CA_CALENDARIO" ADD CONSTRAINT "CA_CALENDARIO_PK" PRIMARY KEY ("ID_CALENDARIO")
  USING INDEX PCTFREE 10 INITRANS 2 MAXTRANS 255 COMPUTE STATISTICS 
  STORAGE( INITIAL 65536 NEXT 1048576 MINEXTENTS 1 MAXEXTENTS 2147483645)
  TABLESPACE "USUARIOS"  ENABLE;
--------------------------------------------------------
--  Constraints for Table CA_CALENDARIO_JN
--------------------------------------------------------

  ALTER TABLE "CENTRO_AYUDA"."CA_CALENDARIO_JN" MODIFY ("ID_CALENDARIO" NOT NULL ENABLE);
  ALTER TABLE "CENTRO_AYUDA"."CA_CALENDARIO_JN" MODIFY ("NOMBRE" NOT NULL ENABLE);
--------------------------------------------------------
--  Constraints for Table CA_CANAL_COMU
--------------------------------------------------------

  ALTER TABLE "CENTRO_AYUDA"."CA_CANAL_COMU" MODIFY ("ID_CAN_COM" NOT NULL ENABLE);
  ALTER TABLE "CENTRO_AYUDA"."CA_CANAL_COMU" MODIFY ("DESCRIPCION" NOT NULL ENABLE);
  ALTER TABLE "CENTRO_AYUDA"."CA_CANAL_COMU" ADD CONSTRAINT "CA_CANAL_COMU_PK" PRIMARY KEY ("ID_CAN_COM")
  USING INDEX PCTFREE 10 INITRANS 2 MAXTRANS 255 COMPUTE STATISTICS 
  STORAGE(INITIAL 65536 NEXT 1048576 MINEXTENTS 1 MAXEXTENTS 2147483645
  PCTINCREASE 0 FREELISTS 1 FREELIST GROUPS 1
  BUFFER_POOL DEFAULT FLASH_CACHE DEFAULT CELL_FLASH_CACHE DEFAULT)
  TABLESPACE "USUARIOS"  ENABLE;
--------------------------------------------------------
--  Constraints for Table CA_CANAL_COMU_JN
--------------------------------------------------------

  ALTER TABLE "CENTRO_AYUDA"."CA_CANAL_COMU_JN" MODIFY ("ID_CAN_COM" NOT NULL ENABLE);
  ALTER TABLE "CENTRO_AYUDA"."CA_CANAL_COMU_JN" MODIFY ("DESCRIPCION" NOT NULL ENABLE);
--------------------------------------------------------
--  Constraints for Table CA_CATEGORIA
--------------------------------------------------------

  ALTER TABLE "CENTRO_AYUDA"."CA_CATEGORIA" MODIFY ("ID_CATEGORIA" NOT NULL ENABLE);
  ALTER TABLE "CENTRO_AYUDA"."CA_CATEGORIA" MODIFY ("GRUPO_ID" NOT NULL ENABLE);
  ALTER TABLE "CENTRO_AYUDA"."CA_CATEGORIA" MODIFY ("TIPO_INCI_ID" NOT NULL ENABLE);
  ALTER TABLE "CENTRO_AYUDA"."CA_CATEGORIA" MODIFY ("NOMBRE" NOT NULL ENABLE);
  ALTER TABLE "CENTRO_AYUDA"."CA_CATEGORIA" ADD CONSTRAINT "CA_CATEGORIA_PK" PRIMARY KEY ("ID_CATEGORIA")
  USING INDEX PCTFREE 10 INITRANS 2 MAXTRANS 255 COMPUTE STATISTICS 
  STORAGE(INITIAL 65536 NEXT 1048576 MINEXTENTS 1 MAXEXTENTS 2147483645
  PCTINCREASE 0 FREELISTS 1 FREELIST GROUPS 1
  BUFFER_POOL DEFAULT FLASH_CACHE DEFAULT CELL_FLASH_CACHE DEFAULT)
  TABLESPACE "USUARIOS"  ENABLE;
--------------------------------------------------------
--  Constraints for Table CA_CATEGORIA_JN
--------------------------------------------------------

  ALTER TABLE "CENTRO_AYUDA"."CA_CATEGORIA_JN" MODIFY ("ID_CATEGORIA" NOT NULL ENABLE);
  ALTER TABLE "CENTRO_AYUDA"."CA_CATEGORIA_JN" MODIFY ("GRUPO_ID" NOT NULL ENABLE);
  ALTER TABLE "CENTRO_AYUDA"."CA_CATEGORIA_JN" MODIFY ("DESCRIPCION" NOT NULL ENABLE);
  ALTER TABLE "CENTRO_AYUDA"."CA_CATEGORIA_JN" MODIFY ("TIPO_INCI_ID" NOT NULL ENABLE);
--------------------------------------------------------
--  Constraints for Table CA_COMENTARIO
--------------------------------------------------------

  ALTER TABLE "CENTRO_AYUDA"."CA_COMENTARIO" MODIFY ("ID_COMENTARIO" NOT NULL ENABLE);
  ALTER TABLE "CENTRO_AYUDA"."CA_COMENTARIO" MODIFY ("INCIDENCIA_ID" NOT NULL ENABLE);
  ALTER TABLE "CENTRO_AYUDA"."CA_COMENTARIO" MODIFY ("PERSONAL_ID" NOT NULL ENABLE);
  ALTER TABLE "CENTRO_AYUDA"."CA_COMENTARIO" MODIFY ("DESCRIPCION" NOT NULL ENABLE);
  ALTER TABLE "CENTRO_AYUDA"."CA_COMENTARIO" MODIFY ("FECHA" NOT NULL ENABLE);
  ALTER TABLE "CENTRO_AYUDA"."CA_COMENTARIO" MODIFY ("VISIBILIDAD" NOT NULL ENABLE);
  ALTER TABLE "CENTRO_AYUDA"."CA_COMENTARIO" MODIFY ("TIPO_COMENTARIO" NOT NULL ENABLE);
  ALTER TABLE "CENTRO_AYUDA"."CA_COMENTARIO" ADD CONSTRAINT "CA_COMENTARIO_PK" PRIMARY KEY ("ID_COMENTARIO")
  USING INDEX PCTFREE 10 INITRANS 2 MAXTRANS 255 COMPUTE STATISTICS 
  STORAGE(INITIAL 65536 NEXT 1048576 MINEXTENTS 1 MAXEXTENTS 2147483645
  PCTINCREASE 0 FREELISTS 1 FREELIST GROUPS 1
  BUFFER_POOL DEFAULT FLASH_CACHE DEFAULT CELL_FLASH_CACHE DEFAULT)
  TABLESPACE "USUARIOS"  ENABLE;
--------------------------------------------------------
--  Constraints for Table CA_COMENTARIO_JN
--------------------------------------------------------

  ALTER TABLE "CENTRO_AYUDA"."CA_COMENTARIO_JN" MODIFY ("ID_COMENTARIO" NOT NULL ENABLE);
--------------------------------------------------------
--  Constraints for Table CA_COMPLEJIDAD
--------------------------------------------------------

  ALTER TABLE "CENTRO_AYUDA"."CA_COMPLEJIDAD" MODIFY ("ID_COMPLEJIDAD" NOT NULL ENABLE);
  ALTER TABLE "CENTRO_AYUDA"."CA_COMPLEJIDAD" MODIFY ("DESCRIPCION" NOT NULL ENABLE);
  ALTER TABLE "CENTRO_AYUDA"."CA_COMPLEJIDAD" ADD CONSTRAINT "CA_COMPLEJIDAD_PK" PRIMARY KEY ("ID_COMPLEJIDAD")
  USING INDEX PCTFREE 10 INITRANS 2 MAXTRANS 255 COMPUTE STATISTICS 
  STORAGE(INITIAL 65536 NEXT 1048576 MINEXTENTS 1 MAXEXTENTS 2147483645
  PCTINCREASE 0 FREELISTS 1 FREELIST GROUPS 1
  BUFFER_POOL DEFAULT FLASH_CACHE DEFAULT CELL_FLASH_CACHE DEFAULT)
  TABLESPACE "USUARIOS"  ENABLE;
--------------------------------------------------------
--  Constraints for Table CA_COMPLEJIDAD_JN
--------------------------------------------------------

  ALTER TABLE "CENTRO_AYUDA"."CA_COMPLEJIDAD_JN" MODIFY ("ID_COMPLEJIDAD" NOT NULL ENABLE);
  ALTER TABLE "CENTRO_AYUDA"."CA_COMPLEJIDAD_JN" MODIFY ("DESCRIPCION" NOT NULL ENABLE);
--------------------------------------------------------
--  Constraints for Table CA_CONTROL_ACCESO
--------------------------------------------------------

  ALTER TABLE "CENTRO_AYUDA"."CA_CONTROL_ACCESO" MODIFY ("ID_CONTROL_ACCESO" NOT NULL ENABLE);
  ALTER TABLE "CENTRO_AYUDA"."CA_CONTROL_ACCESO" MODIFY ("PERSONAL_ID" NOT NULL ENABLE);
  ALTER TABLE "CENTRO_AYUDA"."CA_CONTROL_ACCESO" MODIFY ("PROYECTO_ID" NOT NULL ENABLE);
  ALTER TABLE "CENTRO_AYUDA"."CA_CONTROL_ACCESO" MODIFY ("RETURN" NOT NULL ENABLE);
  ALTER TABLE "CENTRO_AYUDA"."CA_CONTROL_ACCESO" ADD CONSTRAINT "CA_CONTROL_ACCESO_PK" PRIMARY KEY ("ID_CONTROL_ACCESO")
  USING INDEX PCTFREE 10 INITRANS 2 MAXTRANS 255 COMPUTE STATISTICS 
  STORAGE(INITIAL 65536 NEXT 1048576 MINEXTENTS 1 MAXEXTENTS 2147483645
  PCTINCREASE 0 FREELISTS 1 FREELIST GROUPS 1
  BUFFER_POOL DEFAULT FLASH_CACHE DEFAULT CELL_FLASH_CACHE DEFAULT)
  TABLESPACE "USUARIOS"  ENABLE;
--------------------------------------------------------
--  Constraints for Table CA_CONTROL_ACCESO_JN
--------------------------------------------------------

  ALTER TABLE "CENTRO_AYUDA"."CA_CONTROL_ACCESO_JN" MODIFY ("ID_CONTROL_ACCESO" NOT NULL ENABLE);
  ALTER TABLE "CENTRO_AYUDA"."CA_CONTROL_ACCESO_JN" MODIFY ("PERSONAL_ID" NOT NULL ENABLE);
  ALTER TABLE "CENTRO_AYUDA"."CA_CONTROL_ACCESO_JN" MODIFY ("PROYECTO_ID" NOT NULL ENABLE);
  ALTER TABLE "CENTRO_AYUDA"."CA_CONTROL_ACCESO_JN" MODIFY ("RETURN" NOT NULL ENABLE);
--------------------------------------------------------
--  Constraints for Table CA_DETALLE_CALENDARIO
--------------------------------------------------------

  ALTER TABLE "CENTRO_AYUDA"."CA_DETALLE_CALENDARIO" MODIFY ("ID_DET_CALEN" NOT NULL ENABLE);
  ALTER TABLE "CENTRO_AYUDA"."CA_DETALLE_CALENDARIO" MODIFY ("CALEN_ID" NOT NULL ENABLE);
  ALTER TABLE "CENTRO_AYUDA"."CA_DETALLE_CALENDARIO" MODIFY ("DIA" NOT NULL ENABLE);
  ALTER TABLE "CENTRO_AYUDA"."CA_DETALLE_CALENDARIO" MODIFY ("HORA_INICIO" NOT NULL ENABLE);
  ALTER TABLE "CENTRO_AYUDA"."CA_DETALLE_CALENDARIO" MODIFY ("HORA_HASTA" NOT NULL ENABLE);
  ALTER TABLE "CENTRO_AYUDA"."CA_DETALLE_CALENDARIO" ADD CONSTRAINT "CA_DETALLE_CALENDARIO_PK" PRIMARY KEY ("ID_DET_CALEN")
  USING INDEX PCTFREE 10 INITRANS 2 MAXTRANS 255 COMPUTE STATISTICS 
  STORAGE( INITIAL 65536 NEXT 1048576 MINEXTENTS 1 MAXEXTENTS 2147483645)
  TABLESPACE "USUARIOS"  ENABLE;
--------------------------------------------------------
--  Constraints for Table CA_DETALLE_CALENDARIO_JN
--------------------------------------------------------

  ALTER TABLE "CENTRO_AYUDA"."CA_DETALLE_CALENDARIO_JN" MODIFY ("ID_DET_CALEN" NOT NULL ENABLE);
  ALTER TABLE "CENTRO_AYUDA"."CA_DETALLE_CALENDARIO_JN" MODIFY ("CALEN_ID" NOT NULL ENABLE);
  ALTER TABLE "CENTRO_AYUDA"."CA_DETALLE_CALENDARIO_JN" MODIFY ("DIA" NOT NULL ENABLE);
  ALTER TABLE "CENTRO_AYUDA"."CA_DETALLE_CALENDARIO_JN" MODIFY ("HORA_INICIO" NOT NULL ENABLE);
  ALTER TABLE "CENTRO_AYUDA"."CA_DETALLE_CALENDARIO_JN" MODIFY ("HORA_HASTA" NOT NULL ENABLE);
--------------------------------------------------------
--  Constraints for Table CA_ESTADO
--------------------------------------------------------

  ALTER TABLE "CENTRO_AYUDA"."CA_ESTADO" MODIFY ("ID_ESTADO" NOT NULL ENABLE);
  ALTER TABLE "CENTRO_AYUDA"."CA_ESTADO" MODIFY ("PROYECTO_ID" NOT NULL ENABLE);
  ALTER TABLE "CENTRO_AYUDA"."CA_ESTADO" MODIFY ("DESCRIPCION" NOT NULL ENABLE);
  ALTER TABLE "CENTRO_AYUDA"."CA_ESTADO" MODIFY ("MARCA_RESUELTO" NOT NULL ENABLE);
  ALTER TABLE "CENTRO_AYUDA"."CA_ESTADO" ADD CONSTRAINT "CA_ESTADO_PK" PRIMARY KEY ("ID_ESTADO")
  USING INDEX PCTFREE 10 INITRANS 2 MAXTRANS 255 COMPUTE STATISTICS 
  STORAGE(INITIAL 65536 NEXT 1048576 MINEXTENTS 1 MAXEXTENTS 2147483645
  PCTINCREASE 0 FREELISTS 1 FREELIST GROUPS 1
  BUFFER_POOL DEFAULT FLASH_CACHE DEFAULT CELL_FLASH_CACHE DEFAULT)
  TABLESPACE "USUARIOS"  ENABLE;
--------------------------------------------------------
--  Constraints for Table CA_ESTADO_JN
--------------------------------------------------------

  ALTER TABLE "CENTRO_AYUDA"."CA_ESTADO_JN" MODIFY ("ID_ESTADO" NOT NULL ENABLE);
  ALTER TABLE "CENTRO_AYUDA"."CA_ESTADO_JN" MODIFY ("PROYECTO_ID" NOT NULL ENABLE);
  ALTER TABLE "CENTRO_AYUDA"."CA_ESTADO_JN" MODIFY ("DESCRIPCION" NOT NULL ENABLE);
  ALTER TABLE "CENTRO_AYUDA"."CA_ESTADO_JN" MODIFY ("MARCA_RESUELTO" NOT NULL ENABLE);
--------------------------------------------------------
--  Constraints for Table CA_FLUJO_ESTADO
--------------------------------------------------------

  ALTER TABLE "CENTRO_AYUDA"."CA_FLUJO_ESTADO" MODIFY ("ID_FLU_EST" NOT NULL ENABLE);
  ALTER TABLE "CENTRO_AYUDA"."CA_FLUJO_ESTADO" MODIFY ("ID_ESTADO" NOT NULL ENABLE);
  ALTER TABLE "CENTRO_AYUDA"."CA_FLUJO_ESTADO" ADD CONSTRAINT "CA_FLUJO_ESTADO_PK" PRIMARY KEY ("ID_FLU_EST", "ID_ESTADO")
  USING INDEX PCTFREE 10 INITRANS 2 MAXTRANS 255 COMPUTE STATISTICS 
  STORAGE(INITIAL 65536 NEXT 1048576 MINEXTENTS 1 MAXEXTENTS 2147483645
  PCTINCREASE 0 FREELISTS 1 FREELIST GROUPS 1
  BUFFER_POOL DEFAULT FLASH_CACHE DEFAULT CELL_FLASH_CACHE DEFAULT)
  TABLESPACE "USUARIOS"  ENABLE;
--------------------------------------------------------
--  Constraints for Table CA_FLUJO_ESTADO_JN
--------------------------------------------------------

  ALTER TABLE "CENTRO_AYUDA"."CA_FLUJO_ESTADO_JN" MODIFY ("ID_FLU_EST" NOT NULL ENABLE);
  ALTER TABLE "CENTRO_AYUDA"."CA_FLUJO_ESTADO_JN" MODIFY ("ESTADO_ID" NOT NULL ENABLE);
--------------------------------------------------------
--  Constraints for Table CA_GRUPO_CATEGORIA
--------------------------------------------------------

  ALTER TABLE "CENTRO_AYUDA"."CA_GRUPO_CATEGORIA" MODIFY ("ID_GRUPO_CAT" NOT NULL ENABLE);
  ALTER TABLE "CENTRO_AYUDA"."CA_GRUPO_CATEGORIA" MODIFY ("PROYECTO_ID" NOT NULL ENABLE);
  ALTER TABLE "CENTRO_AYUDA"."CA_GRUPO_CATEGORIA" MODIFY ("APROBACION" NOT NULL ENABLE);
  ALTER TABLE "CENTRO_AYUDA"."CA_GRUPO_CATEGORIA" ADD CONSTRAINT "CA_GRUPO_CATEGORIA" PRIMARY KEY ("ID_GRUPO_CAT")
  USING INDEX PCTFREE 10 INITRANS 2 MAXTRANS 255 COMPUTE STATISTICS 
  STORAGE(INITIAL 65536 NEXT 1048576 MINEXTENTS 1 MAXEXTENTS 2147483645
  PCTINCREASE 0 FREELISTS 1 FREELIST GROUPS 1
  BUFFER_POOL DEFAULT FLASH_CACHE DEFAULT CELL_FLASH_CACHE DEFAULT)
  TABLESPACE "USUARIOS"  ENABLE;
--------------------------------------------------------
--  Constraints for Table CA_GRUPO_CATEGORIA_JN
--------------------------------------------------------

  ALTER TABLE "CENTRO_AYUDA"."CA_GRUPO_CATEGORIA_JN" MODIFY ("ID_GRUPO_CAT" NOT NULL ENABLE);
  ALTER TABLE "CENTRO_AYUDA"."CA_GRUPO_CATEGORIA_JN" MODIFY ("PROYECTO_ID" NOT NULL ENABLE);
  ALTER TABLE "CENTRO_AYUDA"."CA_GRUPO_CATEGORIA_JN" MODIFY ("APROBACION" NOT NULL ENABLE);
--------------------------------------------------------
--  Constraints for Table CA_HIS_METRIC
--------------------------------------------------------

  ALTER TABLE "CENTRO_AYUDA"."CA_HIS_METRIC" MODIFY ("ID_HIS_METRIC" NOT NULL ENABLE);
  ALTER TABLE "CENTRO_AYUDA"."CA_HIS_METRIC" MODIFY ("INCIDENCIA_ID" NOT NULL ENABLE);
  ALTER TABLE "CENTRO_AYUDA"."CA_HIS_METRIC" MODIFY ("SLA_ID" NOT NULL ENABLE);
  ALTER TABLE "CENTRO_AYUDA"."CA_HIS_METRIC" MODIFY ("TIEMPO" NOT NULL ENABLE);
  ALTER TABLE "CENTRO_AYUDA"."CA_HIS_METRIC" MODIFY ("RESULTADO" NOT NULL ENABLE);
  ALTER TABLE "CENTRO_AYUDA"."CA_HIS_METRIC" ADD CONSTRAINT "CA_HIS_METRIC_PK" PRIMARY KEY ("ID_HIS_METRIC")
  USING INDEX PCTFREE 10 INITRANS 2 MAXTRANS 255 COMPUTE STATISTICS 
  STORAGE( INITIAL 65536 NEXT 1048576 MINEXTENTS 1 MAXEXTENTS 2147483645)
  TABLESPACE "USUARIOS"  ENABLE;
--------------------------------------------------------
--  Constraints for Table CA_HIS_METRIC_JN
--------------------------------------------------------

  ALTER TABLE "CENTRO_AYUDA"."CA_HIS_METRIC_JN" MODIFY ("ID_HIS_METRIC" NOT NULL ENABLE);
  ALTER TABLE "CENTRO_AYUDA"."CA_HIS_METRIC_JN" MODIFY ("INCIDENCIA_ID" NOT NULL ENABLE);
  ALTER TABLE "CENTRO_AYUDA"."CA_HIS_METRIC_JN" MODIFY ("SLA_ID" NOT NULL ENABLE);
  ALTER TABLE "CENTRO_AYUDA"."CA_HIS_METRIC_JN" MODIFY ("TIEMPO" NOT NULL ENABLE);
  ALTER TABLE "CENTRO_AYUDA"."CA_HIS_METRIC_JN" MODIFY ("RESULTADO" NOT NULL ENABLE);
--------------------------------------------------------
--  Constraints for Table CA_HISTORIAL_CAMBIO
--------------------------------------------------------

  ALTER TABLE "CENTRO_AYUDA"."CA_HISTORIAL_CAMBIO" MODIFY ("ID_HIST_CAM" NOT NULL ENABLE);
  ALTER TABLE "CENTRO_AYUDA"."CA_HISTORIAL_CAMBIO" ADD CONSTRAINT "CA_HISTORIAL_CAMBIO_FK" PRIMARY KEY ("ID_HIST_CAM")
  USING INDEX PCTFREE 10 INITRANS 2 MAXTRANS 255 COMPUTE STATISTICS 
  STORAGE(INITIAL 65536 NEXT 1048576 MINEXTENTS 1 MAXEXTENTS 2147483645
  PCTINCREASE 0 FREELISTS 1 FREELIST GROUPS 1
  BUFFER_POOL DEFAULT FLASH_CACHE DEFAULT CELL_FLASH_CACHE DEFAULT)
  TABLESPACE "USUARIOS"  ENABLE;
--------------------------------------------------------
--  Constraints for Table CA_ICONOS
--------------------------------------------------------

  ALTER TABLE "CENTRO_AYUDA"."CA_ICONOS" MODIFY ("ICON_ID" NOT NULL ENABLE);
  ALTER TABLE "CENTRO_AYUDA"."CA_ICONOS" ADD CONSTRAINT "CA_ICON_PK" PRIMARY KEY ("ICON_ID")
  USING INDEX PCTFREE 10 INITRANS 2 MAXTRANS 255 COMPUTE STATISTICS 
  STORAGE(INITIAL 65536 NEXT 1048576 MINEXTENTS 1 MAXEXTENTS 2147483645
  PCTINCREASE 0 FREELISTS 1 FREELIST GROUPS 1
  BUFFER_POOL DEFAULT FLASH_CACHE DEFAULT CELL_FLASH_CACHE DEFAULT)
  TABLESPACE "USUARIOS"  ENABLE;
--------------------------------------------------------
--  Constraints for Table CA_ICONOS_JN
--------------------------------------------------------

  ALTER TABLE "CENTRO_AYUDA"."CA_ICONOS_JN" MODIFY ("ICON_ID" NOT NULL ENABLE);
--------------------------------------------------------
--  Constraints for Table CA_INCIDENCIA
--------------------------------------------------------

  ALTER TABLE "CENTRO_AYUDA"."CA_INCIDENCIA" MODIFY ("ID_INCIDENCIA" NOT NULL ENABLE);
  ALTER TABLE "CENTRO_AYUDA"."CA_INCIDENCIA" ADD CONSTRAINT "CA_INCIDENCIA_PK" PRIMARY KEY ("ID_INCIDENCIA")
  USING INDEX PCTFREE 10 INITRANS 2 MAXTRANS 255 COMPUTE STATISTICS 
  STORAGE(INITIAL 65536 NEXT 1048576 MINEXTENTS 1 MAXEXTENTS 2147483645
  PCTINCREASE 0 FREELISTS 1 FREELIST GROUPS 1
  BUFFER_POOL DEFAULT FLASH_CACHE DEFAULT CELL_FLASH_CACHE DEFAULT)
  TABLESPACE "USUARIOS"  ENABLE;
--------------------------------------------------------
--  Constraints for Table CA_INCIDENCIA_JN
--------------------------------------------------------

  ALTER TABLE "CENTRO_AYUDA"."CA_INCIDENCIA_JN" MODIFY ("ID_INCIDENCIA" NOT NULL ENABLE);
  ALTER TABLE "CENTRO_AYUDA"."CA_INCIDENCIA_JN" MODIFY ("JN_OPERATION" NOT NULL ENABLE);
  ALTER TABLE "CENTRO_AYUDA"."CA_INCIDENCIA_JN" MODIFY ("JN_DATETIME" NOT NULL ENABLE);
  ALTER TABLE "CENTRO_AYUDA"."CA_INCIDENCIA_JN" MODIFY ("USER_WEB" NOT NULL ENABLE);
--------------------------------------------------------
--  Constraints for Table CA_META
--------------------------------------------------------

  ALTER TABLE "CENTRO_AYUDA"."CA_META" MODIFY ("SLA_ID" NOT NULL ENABLE);
  ALTER TABLE "CENTRO_AYUDA"."CA_META" MODIFY ("PRIORIDAD_ID" NOT NULL ENABLE);
  ALTER TABLE "CENTRO_AYUDA"."CA_META" MODIFY ("CALENDARIO_ID" NOT NULL ENABLE);
  ALTER TABLE "CENTRO_AYUDA"."CA_META" MODIFY ("TIEMPO" NOT NULL ENABLE);
  ALTER TABLE "CENTRO_AYUDA"."CA_META" MODIFY ("FERIADOS" NOT NULL ENABLE);
  ALTER TABLE "CENTRO_AYUDA"."CA_META" ADD CONSTRAINT "CA_META_PK" PRIMARY KEY ("SLA_ID", "PRIORIDAD_ID")
  USING INDEX PCTFREE 10 INITRANS 2 MAXTRANS 255 COMPUTE STATISTICS 
  STORAGE( INITIAL 65536 NEXT 1048576 MINEXTENTS 1 MAXEXTENTS 2147483645)
  TABLESPACE "USUARIOS"  ENABLE;
--------------------------------------------------------
--  Constraints for Table CA_META_JN
--------------------------------------------------------

  ALTER TABLE "CENTRO_AYUDA"."CA_META_JN" MODIFY ("SLA_ID" NOT NULL ENABLE);
  ALTER TABLE "CENTRO_AYUDA"."CA_META_JN" MODIFY ("PRIORIDAD_ID" NOT NULL ENABLE);
  ALTER TABLE "CENTRO_AYUDA"."CA_META_JN" MODIFY ("CALENDARIO_ID" NOT NULL ENABLE);
  ALTER TABLE "CENTRO_AYUDA"."CA_META_JN" MODIFY ("TIEMPO" NOT NULL ENABLE);
  ALTER TABLE "CENTRO_AYUDA"."CA_META_JN" MODIFY ("FERIADOS" NOT NULL ENABLE);
--------------------------------------------------------
--  Constraints for Table CA_PRIORIDAD
--------------------------------------------------------

  ALTER TABLE "CENTRO_AYUDA"."CA_PRIORIDAD" MODIFY ("ID_PRIORIDAD" NOT NULL ENABLE);
  ALTER TABLE "CENTRO_AYUDA"."CA_PRIORIDAD" MODIFY ("DESCRIPCION" NOT NULL ENABLE);
  ALTER TABLE "CENTRO_AYUDA"."CA_PRIORIDAD" MODIFY ("NIVEL" NOT NULL ENABLE);
  ALTER TABLE "CENTRO_AYUDA"."CA_PRIORIDAD" ADD CONSTRAINT "CA_PRIORIDAD_PK" PRIMARY KEY ("ID_PRIORIDAD")
  USING INDEX PCTFREE 10 INITRANS 2 MAXTRANS 255 COMPUTE STATISTICS 
  STORAGE(INITIAL 65536 NEXT 1048576 MINEXTENTS 1 MAXEXTENTS 2147483645
  PCTINCREASE 0 FREELISTS 1 FREELIST GROUPS 1
  BUFFER_POOL DEFAULT FLASH_CACHE DEFAULT CELL_FLASH_CACHE DEFAULT)
  TABLESPACE "USUARIOS"  ENABLE;
--------------------------------------------------------
--  Constraints for Table CA_PRIORIDAD_JN
--------------------------------------------------------

  ALTER TABLE "CENTRO_AYUDA"."CA_PRIORIDAD_JN" MODIFY ("ID_PRIORIDAD" NOT NULL ENABLE);
  ALTER TABLE "CENTRO_AYUDA"."CA_PRIORIDAD_JN" MODIFY ("DESCRIPCION" NOT NULL ENABLE);
  ALTER TABLE "CENTRO_AYUDA"."CA_PRIORIDAD_JN" MODIFY ("NIVEL" NOT NULL ENABLE);
--------------------------------------------------------
--  Constraints for Table CA_PROYECTO
--------------------------------------------------------

  ALTER TABLE "CENTRO_AYUDA"."CA_PROYECTO" MODIFY ("ID_PROYECTO" NOT NULL ENABLE);
  ALTER TABLE "CENTRO_AYUDA"."CA_PROYECTO" MODIFY ("NOMBRE" NOT NULL ENABLE);
  ALTER TABLE "CENTRO_AYUDA"."CA_PROYECTO" MODIFY ("CLAVE" NOT NULL ENABLE);
  ALTER TABLE "CENTRO_AYUDA"."CA_PROYECTO" ADD CONSTRAINT "CA_PROYECTO_PK" PRIMARY KEY ("ID_PROYECTO")
  USING INDEX PCTFREE 10 INITRANS 2 MAXTRANS 255 COMPUTE STATISTICS 
  STORAGE(INITIAL 65536 NEXT 1048576 MINEXTENTS 1 MAXEXTENTS 2147483645
  PCTINCREASE 0 FREELISTS 1 FREELIST GROUPS 1
  BUFFER_POOL DEFAULT FLASH_CACHE DEFAULT CELL_FLASH_CACHE DEFAULT)
  TABLESPACE "USUARIOS"  ENABLE;
--------------------------------------------------------
--  Constraints for Table CA_PROYECTO_JN
--------------------------------------------------------

  ALTER TABLE "CENTRO_AYUDA"."CA_PROYECTO_JN" MODIFY ("ID_PROYECTO" NOT NULL ENABLE);
  ALTER TABLE "CENTRO_AYUDA"."CA_PROYECTO_JN" MODIFY ("NOMBRE" NOT NULL ENABLE);
  ALTER TABLE "CENTRO_AYUDA"."CA_PROYECTO_JN" MODIFY ("CLAVE" NOT NULL ENABLE);
--------------------------------------------------------
--  Constraints for Table CA_PROYECTO_PRINCIPAL
--------------------------------------------------------

  ALTER TABLE "CENTRO_AYUDA"."CA_PROYECTO_PRINCIPAL" MODIFY ("PERSONAL_ID" NOT NULL ENABLE);
  ALTER TABLE "CENTRO_AYUDA"."CA_PROYECTO_PRINCIPAL" MODIFY ("PROYECTO_ID" NOT NULL ENABLE);
--------------------------------------------------------
--  Constraints for Table CA_PROYECTO_PRINCIPAL_JN
--------------------------------------------------------

  ALTER TABLE "CENTRO_AYUDA"."CA_PROYECTO_PRINCIPAL_JN" MODIFY ("PERSONAL_ID" NOT NULL ENABLE);
  ALTER TABLE "CENTRO_AYUDA"."CA_PROYECTO_PRINCIPAL_JN" MODIFY ("PROYECTO_ID" NOT NULL ENABLE);
--------------------------------------------------------
--  Constraints for Table CA_ROLES
--------------------------------------------------------

  ALTER TABLE "CENTRO_AYUDA"."CA_ROLES" MODIFY ("ID" NOT NULL ENABLE);
  ALTER TABLE "CENTRO_AYUDA"."CA_ROLES" MODIFY ("RETURN" NOT NULL ENABLE);
  ALTER TABLE "CENTRO_AYUDA"."CA_ROLES" MODIFY ("OBS" NOT NULL ENABLE);
  ALTER TABLE "CENTRO_AYUDA"."CA_ROLES" ADD CONSTRAINT "CA_ROLES_PK" PRIMARY KEY ("ID")
  USING INDEX PCTFREE 10 INITRANS 2 MAXTRANS 255 COMPUTE STATISTICS 
  STORAGE(INITIAL 65536 NEXT 1048576 MINEXTENTS 1 MAXEXTENTS 2147483645
  PCTINCREASE 0 FREELISTS 1 FREELIST GROUPS 1
  BUFFER_POOL DEFAULT FLASH_CACHE DEFAULT CELL_FLASH_CACHE DEFAULT)
  TABLESPACE "APEX_1340948448228389"  ENABLE;
--------------------------------------------------------
--  Constraints for Table CA_SATISFACCION
--------------------------------------------------------

  ALTER TABLE "CENTRO_AYUDA"."CA_SATISFACCION" MODIFY ("ID_SATISFACCION" NOT NULL ENABLE);
  ALTER TABLE "CENTRO_AYUDA"."CA_SATISFACCION" MODIFY ("DESCRIPCION" NOT NULL ENABLE);
  ALTER TABLE "CENTRO_AYUDA"."CA_SATISFACCION" ADD CONSTRAINT "CA_SATISFACCION_NEW_PK" PRIMARY KEY ("ID_SATISFACCION")
  USING INDEX PCTFREE 10 INITRANS 2 MAXTRANS 255 COMPUTE STATISTICS 
  STORAGE(INITIAL 65536 NEXT 1048576 MINEXTENTS 1 MAXEXTENTS 2147483645
  PCTINCREASE 0 FREELISTS 1 FREELIST GROUPS 1
  BUFFER_POOL DEFAULT FLASH_CACHE DEFAULT CELL_FLASH_CACHE DEFAULT)
  TABLESPACE "USUARIOS"  ENABLE;
--------------------------------------------------------
--  Constraints for Table CA_SATISFACCION_JN
--------------------------------------------------------

  ALTER TABLE "CENTRO_AYUDA"."CA_SATISFACCION_JN" MODIFY ("ID_SATISFACCION" NOT NULL ENABLE);
  ALTER TABLE "CENTRO_AYUDA"."CA_SATISFACCION_JN" MODIFY ("DESCRIPCION" NOT NULL ENABLE);
--------------------------------------------------------
--  Constraints for Table CA_SLA
--------------------------------------------------------

  ALTER TABLE "CENTRO_AYUDA"."CA_SLA" MODIFY ("ID_SLA" NOT NULL ENABLE);
  ALTER TABLE "CENTRO_AYUDA"."CA_SLA" MODIFY ("PROYECTO_ID" NOT NULL ENABLE);
  ALTER TABLE "CENTRO_AYUDA"."CA_SLA" MODIFY ("NOMBRE" NOT NULL ENABLE);
  ALTER TABLE "CENTRO_AYUDA"."CA_SLA" ADD CONSTRAINT "CA_SLA_PK" PRIMARY KEY ("ID_SLA")
  USING INDEX PCTFREE 10 INITRANS 2 MAXTRANS 255 COMPUTE STATISTICS 
  STORAGE( INITIAL 65536 NEXT 1048576 MINEXTENTS 1 MAXEXTENTS 2147483645)
  TABLESPACE "USUARIOS"  ENABLE;
--------------------------------------------------------
--  Constraints for Table CA_SLA_CONDICION_FIN
--------------------------------------------------------

  ALTER TABLE "CENTRO_AYUDA"."CA_SLA_CONDICION_FIN" MODIFY ("ID_SLA_FIN" NOT NULL ENABLE);
  ALTER TABLE "CENTRO_AYUDA"."CA_SLA_CONDICION_FIN" MODIFY ("SLA_ID" NOT NULL ENABLE);
  ALTER TABLE "CENTRO_AYUDA"."CA_SLA_CONDICION_FIN" MODIFY ("TIPO" NOT NULL ENABLE);
  ALTER TABLE "CENTRO_AYUDA"."CA_SLA_CONDICION_FIN" ADD CONSTRAINT "CA_CONDICION_FIN_PK" PRIMARY KEY ("ID_SLA_FIN")
  USING INDEX PCTFREE 10 INITRANS 2 MAXTRANS 255 COMPUTE STATISTICS 
  STORAGE( INITIAL 65536 NEXT 1048576 MINEXTENTS 1 MAXEXTENTS 2147483645)
  TABLESPACE "USUARIOS"  ENABLE;
--------------------------------------------------------
--  Constraints for Table CA_SLA_CONDICION_FIN_JN
--------------------------------------------------------

  ALTER TABLE "CENTRO_AYUDA"."CA_SLA_CONDICION_FIN_JN" MODIFY ("ID_SLA_FIN" NOT NULL ENABLE);
  ALTER TABLE "CENTRO_AYUDA"."CA_SLA_CONDICION_FIN_JN" MODIFY ("SLA_ID" NOT NULL ENABLE);
  ALTER TABLE "CENTRO_AYUDA"."CA_SLA_CONDICION_FIN_JN" MODIFY ("TIPO" NOT NULL ENABLE);
--------------------------------------------------------
--  Constraints for Table CA_SLA_CONDICION_INICIO
--------------------------------------------------------

  ALTER TABLE "CENTRO_AYUDA"."CA_SLA_CONDICION_INICIO" MODIFY ("ID_SLA_INICIO" NOT NULL ENABLE);
  ALTER TABLE "CENTRO_AYUDA"."CA_SLA_CONDICION_INICIO" MODIFY ("SLA_ID" NOT NULL ENABLE);
  ALTER TABLE "CENTRO_AYUDA"."CA_SLA_CONDICION_INICIO" MODIFY ("TIPO" NOT NULL ENABLE);
  ALTER TABLE "CENTRO_AYUDA"."CA_SLA_CONDICION_INICIO" ADD CONSTRAINT "CA_SLA_CONDICION_INICIO_PK" PRIMARY KEY ("ID_SLA_INICIO")
  USING INDEX PCTFREE 10 INITRANS 2 MAXTRANS 255 COMPUTE STATISTICS 
  STORAGE( INITIAL 65536 NEXT 1048576 MINEXTENTS 1 MAXEXTENTS 2147483645)
  TABLESPACE "USUARIOS"  ENABLE;
--------------------------------------------------------
--  Constraints for Table CA_SLA_CONDICION_INICIO_JN
--------------------------------------------------------

  ALTER TABLE "CENTRO_AYUDA"."CA_SLA_CONDICION_INICIO_JN" MODIFY ("ID_SLA_INICIO" NOT NULL ENABLE);
  ALTER TABLE "CENTRO_AYUDA"."CA_SLA_CONDICION_INICIO_JN" MODIFY ("SLA_ID" NOT NULL ENABLE);
  ALTER TABLE "CENTRO_AYUDA"."CA_SLA_CONDICION_INICIO_JN" MODIFY ("TIPO" NOT NULL ENABLE);
--------------------------------------------------------
--  Constraints for Table CA_SLA_JN
--------------------------------------------------------

  ALTER TABLE "CENTRO_AYUDA"."CA_SLA_JN" MODIFY ("ID_SLA" NOT NULL ENABLE);
  ALTER TABLE "CENTRO_AYUDA"."CA_SLA_JN" MODIFY ("PROYECTO_ID" NOT NULL ENABLE);
  ALTER TABLE "CENTRO_AYUDA"."CA_SLA_JN" MODIFY ("NOMBRE" NOT NULL ENABLE);
--------------------------------------------------------
--  Constraints for Table CA_TIPO_INCIDENCIA
--------------------------------------------------------

  ALTER TABLE "CENTRO_AYUDA"."CA_TIPO_INCIDENCIA" MODIFY ("ID_TIPO_INC" NOT NULL ENABLE);
  ALTER TABLE "CENTRO_AYUDA"."CA_TIPO_INCIDENCIA" MODIFY ("PROYECTO_ID" NOT NULL ENABLE);
  ALTER TABLE "CENTRO_AYUDA"."CA_TIPO_INCIDENCIA" MODIFY ("DESCRIPCION" NOT NULL ENABLE);
  ALTER TABLE "CENTRO_AYUDA"."CA_TIPO_INCIDENCIA" ADD CONSTRAINT "CA_TIPO_INCIDENCIA_PK" PRIMARY KEY ("ID_TIPO_INC")
  USING INDEX PCTFREE 10 INITRANS 2 MAXTRANS 255 COMPUTE STATISTICS 
  STORAGE(INITIAL 65536 NEXT 1048576 MINEXTENTS 1 MAXEXTENTS 2147483645
  PCTINCREASE 0 FREELISTS 1 FREELIST GROUPS 1
  BUFFER_POOL DEFAULT FLASH_CACHE DEFAULT CELL_FLASH_CACHE DEFAULT)
  TABLESPACE "USUARIOS"  ENABLE;
--------------------------------------------------------
--  Constraints for Table CA_TIPO_INCIDENCIA_JN
--------------------------------------------------------

  ALTER TABLE "CENTRO_AYUDA"."CA_TIPO_INCIDENCIA_JN" MODIFY ("ID_TIPO_INC" NOT NULL ENABLE);
  ALTER TABLE "CENTRO_AYUDA"."CA_TIPO_INCIDENCIA_JN" MODIFY ("PROYECTO_ID" NOT NULL ENABLE);
  ALTER TABLE "CENTRO_AYUDA"."CA_TIPO_INCIDENCIA_JN" MODIFY ("DESCRIPCION" NOT NULL ENABLE);
--------------------------------------------------------
--  Constraints for Table CA_USERS_ROLES
--------------------------------------------------------

  ALTER TABLE "CENTRO_AYUDA"."CA_USERS_ROLES" MODIFY ("ID" NOT NULL ENABLE);
  ALTER TABLE "CENTRO_AYUDA"."CA_USERS_ROLES" MODIFY ("USER_ID" NOT NULL ENABLE);
  ALTER TABLE "CENTRO_AYUDA"."CA_USERS_ROLES" MODIFY ("ROL_ID" NOT NULL ENABLE);
  ALTER TABLE "CENTRO_AYUDA"."CA_USERS_ROLES" MODIFY ("USER_WEB" NOT NULL ENABLE);
  ALTER TABLE "CENTRO_AYUDA"."CA_USERS_ROLES" MODIFY ("FECHA" NOT NULL ENABLE);
  ALTER TABLE "CENTRO_AYUDA"."CA_USERS_ROLES" ADD CONSTRAINT "CA_USERS_ROLES_PK" PRIMARY KEY ("ID")
  USING INDEX PCTFREE 10 INITRANS 2 MAXTRANS 255 COMPUTE STATISTICS 
  STORAGE(INITIAL 65536 NEXT 1048576 MINEXTENTS 1 MAXEXTENTS 2147483645
  PCTINCREASE 0 FREELISTS 1 FREELIST GROUPS 1
  BUFFER_POOL DEFAULT FLASH_CACHE DEFAULT CELL_FLASH_CACHE DEFAULT)
  TABLESPACE "APEX_1340948448228389"  ENABLE;
  ALTER TABLE "CENTRO_AYUDA"."CA_USERS_ROLES" ADD CONSTRAINT "CA_USERS_ROLES_UK1" UNIQUE ("USER_ID", "ROL_ID")
  USING INDEX PCTFREE 10 INITRANS 2 MAXTRANS 255 COMPUTE STATISTICS 
  STORAGE(INITIAL 65536 NEXT 1048576 MINEXTENTS 1 MAXEXTENTS 2147483645
  PCTINCREASE 0 FREELISTS 1 FREELIST GROUPS 1
  BUFFER_POOL DEFAULT FLASH_CACHE DEFAULT CELL_FLASH_CACHE DEFAULT)
  TABLESPACE "APEX_1340948448228389"  ENABLE;
--------------------------------------------------------
--  Constraints for Table CA_USUARIOS
--------------------------------------------------------

  ALTER TABLE "CENTRO_AYUDA"."CA_USUARIOS" MODIFY ("ID" NOT NULL ENABLE);
  ALTER TABLE "CENTRO_AYUDA"."CA_USUARIOS" MODIFY ("NICK" NOT NULL ENABLE);
  ALTER TABLE "CENTRO_AYUDA"."CA_USUARIOS" MODIFY ("NOMBRE" NOT NULL ENABLE);
  ALTER TABLE "CENTRO_AYUDA"."CA_USUARIOS" MODIFY ("APELLIDOS" NOT NULL ENABLE);
  ALTER TABLE "CENTRO_AYUDA"."CA_USUARIOS" MODIFY ("CI" NOT NULL ENABLE);
  ALTER TABLE "CENTRO_AYUDA"."CA_USUARIOS" MODIFY ("CORREO" NOT NULL ENABLE);
  ALTER TABLE "CENTRO_AYUDA"."CA_USUARIOS" ADD CONSTRAINT "CA_USUARIOS_PK" PRIMARY KEY ("ID")
  USING INDEX PCTFREE 10 INITRANS 2 MAXTRANS 255 COMPUTE STATISTICS 
  STORAGE(INITIAL 65536 NEXT 1048576 MINEXTENTS 1 MAXEXTENTS 2147483645
  PCTINCREASE 0 FREELISTS 1 FREELIST GROUPS 1
  BUFFER_POOL DEFAULT FLASH_CACHE DEFAULT CELL_FLASH_CACHE DEFAULT)
  TABLESPACE "APEX_1340948448228389"  ENABLE;
  ALTER TABLE "CENTRO_AYUDA"."CA_USUARIOS" MODIFY ("PASSWORD" NOT NULL ENABLE);
  ALTER TABLE "CENTRO_AYUDA"."CA_USUARIOS" MODIFY ("ESTADO" NOT NULL ENABLE);
  ALTER TABLE "CENTRO_AYUDA"."CA_USUARIOS" MODIFY ("PROYECTO_ID" NOT NULL ENABLE);
  ALTER TABLE "CENTRO_AYUDA"."CA_USUARIOS" ADD CONSTRAINT "CA_USUARIOS_NICK_UK" UNIQUE ("NICK", "PROYECTO_ID", "CI")
  USING INDEX PCTFREE 10 INITRANS 2 MAXTRANS 255 COMPUTE STATISTICS 
  STORAGE(INITIAL 65536 NEXT 1048576 MINEXTENTS 1 MAXEXTENTS 2147483645
  PCTINCREASE 0 FREELISTS 1 FREELIST GROUPS 1
  BUFFER_POOL DEFAULT FLASH_CACHE DEFAULT CELL_FLASH_CACHE DEFAULT)
  TABLESPACE "APEX_1340948448228389"  ENABLE;
--------------------------------------------------------
--  Constraints for Table DEPARTAMENTO
--------------------------------------------------------

  ALTER TABLE "CENTRO_AYUDA"."DEPARTAMENTO" MODIFY ("ID_DEPARTAMENTO" NOT NULL ENABLE);
  ALTER TABLE "CENTRO_AYUDA"."DEPARTAMENTO" MODIFY ("ID_SECCION" NOT NULL ENABLE);
  ALTER TABLE "CENTRO_AYUDA"."DEPARTAMENTO" MODIFY ("DESCRIPCION" NOT NULL ENABLE);
  ALTER TABLE "CENTRO_AYUDA"."DEPARTAMENTO" MODIFY ("PISO_SUCURSAL_ID_SUCURSAL" NOT NULL ENABLE);
  ALTER TABLE "CENTRO_AYUDA"."DEPARTAMENTO" MODIFY ("PISO_ID_PISO" NOT NULL ENABLE);
  ALTER TABLE "CENTRO_AYUDA"."DEPARTAMENTO" ADD CONSTRAINT "AVCON_1086794027_SOCIE_000" CHECK (
    SOCIEDAD IN ('SI', 'NO')
  ) ENABLE;
  ALTER TABLE "CENTRO_AYUDA"."DEPARTAMENTO" ADD CONSTRAINT "DEPARTAMEN_PK" PRIMARY KEY ("ID_DEPARTAMENTO", "ID_SECCION")
  USING INDEX PCTFREE 10 INITRANS 2 MAXTRANS 255 COMPUTE STATISTICS 
  STORAGE(INITIAL 65536 NEXT 1048576 MINEXTENTS 1 MAXEXTENTS 2147483645
  PCTINCREASE 0 FREELISTS 1 FREELIST GROUPS 1
  BUFFER_POOL DEFAULT FLASH_CACHE DEFAULT CELL_FLASH_CACHE DEFAULT)
  TABLESPACE "APEX_1340948448228389"  ENABLE;
  ALTER TABLE "CENTRO_AYUDA"."DEPARTAMENTO" ADD CONSTRAINT "DEPARTAMEN_UK" UNIQUE ("DESCRIPCION")
  USING INDEX PCTFREE 10 INITRANS 2 MAXTRANS 255 COMPUTE STATISTICS 
  STORAGE(INITIAL 65536 NEXT 1048576 MINEXTENTS 1 MAXEXTENTS 2147483645
  PCTINCREASE 0 FREELISTS 1 FREELIST GROUPS 1
  BUFFER_POOL DEFAULT FLASH_CACHE DEFAULT CELL_FLASH_CACHE DEFAULT)
  TABLESPACE "APEX_1340948448228389"  ENABLE;
--------------------------------------------------------
--  Constraints for Table PERSONAL_SANATORIO
--------------------------------------------------------

  ALTER TABLE "CENTRO_AYUDA"."PERSONAL_SANATORIO" MODIFY ("ID_PERSONAL" NOT NULL ENABLE);
  ALTER TABLE "CENTRO_AYUDA"."PERSONAL_SANATORIO" MODIFY ("DISPONIBLE" NOT NULL ENABLE);
  ALTER TABLE "CENTRO_AYUDA"."PERSONAL_SANATORIO" MODIFY ("NOMBRES" NOT NULL ENABLE);
  ALTER TABLE "CENTRO_AYUDA"."PERSONAL_SANATORIO" MODIFY ("APELLIDOS" NOT NULL ENABLE);
  ALTER TABLE "CENTRO_AYUDA"."PERSONAL_SANATORIO" MODIFY ("ESTADO_PERSONAL" NOT NULL ENABLE);
  ALTER TABLE "CENTRO_AYUDA"."PERSONAL_SANATORIO" MODIFY ("FECHA_INGRESO" NOT NULL ENABLE);
  ALTER TABLE "CENTRO_AYUDA"."PERSONAL_SANATORIO" ADD CONSTRAINT "PER_SAN_RH_UK" UNIQUE ("ID_PERSONAL_RH")
  USING INDEX PCTFREE 10 INITRANS 2 MAXTRANS 255 COMPUTE STATISTICS 
  STORAGE(INITIAL 65536 NEXT 1048576 MINEXTENTS 1 MAXEXTENTS 2147483645
  PCTINCREASE 0 FREELISTS 1 FREELIST GROUPS 1
  BUFFER_POOL DEFAULT FLASH_CACHE DEFAULT CELL_FLASH_CACHE DEFAULT)
  TABLESPACE "USUARIOS"  ENABLE;
  ALTER TABLE "CENTRO_AYUDA"."PERSONAL_SANATORIO" ADD CONSTRAINT "PER_SAN_UK" UNIQUE ("NOMBRES", "APELLIDOS")
  USING INDEX PCTFREE 10 INITRANS 2 MAXTRANS 255 COMPUTE STATISTICS 
  STORAGE(INITIAL 65536 NEXT 1048576 MINEXTENTS 1 MAXEXTENTS 2147483645
  PCTINCREASE 0 FREELISTS 1 FREELIST GROUPS 1
  BUFFER_POOL DEFAULT FLASH_CACHE DEFAULT CELL_FLASH_CACHE DEFAULT)
  TABLESPACE "USERS"  ENABLE;
  ALTER TABLE "CENTRO_AYUDA"."PERSONAL_SANATORIO" ADD CONSTRAINT "PER_SAN_USUARIO_UK" UNIQUE ("USUARIO")
  USING INDEX PCTFREE 10 INITRANS 2 MAXTRANS 255 COMPUTE STATISTICS 
  STORAGE(INITIAL 65536 NEXT 1048576 MINEXTENTS 1 MAXEXTENTS 2147483645
  PCTINCREASE 0 FREELISTS 1 FREELIST GROUPS 1
  BUFFER_POOL DEFAULT FLASH_CACHE DEFAULT CELL_FLASH_CACHE DEFAULT)
  TABLESPACE "USERS"  ENABLE;
  ALTER TABLE "CENTRO_AYUDA"."PERSONAL_SANATORIO" ADD CONSTRAINT "AVCON_1086794027_DISPO_000" CHECK (DISPONIBLE IN ('SI', 'NO')) ENABLE;
  ALTER TABLE "CENTRO_AYUDA"."PERSONAL_SANATORIO" ADD CONSTRAINT "AVCON_1086794027_ESTAD_007" CHECK (ESTADO_PERSONAL IN ('INACTIVO', 'ANULADO', 'ACTIVO')) ENABLE;
  ALTER TABLE "CENTRO_AYUDA"."PERSONAL_SANATORIO" ADD CONSTRAINT "PER_SAN_APELLIDOS_CK" CHECK (LENGTH(TRIM(APELLIDOS)) > 1) ENABLE;
  ALTER TABLE "CENTRO_AYUDA"."PERSONAL_SANATORIO" ADD CONSTRAINT "PER_SAN_NOMBRES_CK" CHECK (LENGTH(TRIM(NOMBRES)) > 1) ENABLE;
  ALTER TABLE "CENTRO_AYUDA"."PERSONAL_SANATORIO" ADD CONSTRAINT "PERSONAL_SANATORIO_PK" PRIMARY KEY ("ID_PERSONAL")
  USING INDEX PCTFREE 10 INITRANS 2 MAXTRANS 255 COMPUTE STATISTICS 
  STORAGE(INITIAL 65536 NEXT 1048576 MINEXTENTS 1 MAXEXTENTS 2147483645
  PCTINCREASE 0 FREELISTS 1 FREELIST GROUPS 1
  BUFFER_POOL DEFAULT FLASH_CACHE DEFAULT CELL_FLASH_CACHE DEFAULT)
  TABLESPACE "APEX_1340948448228389"  ENABLE;
--------------------------------------------------------
--  Constraints for Table USUARIO_SUC
--------------------------------------------------------

  ALTER TABLE "CENTRO_AYUDA"."USUARIO_SUC" MODIFY ("D_SUC_DEPDEPARTAMEN_ID_SECCION" NOT NULL ENABLE);
  ALTER TABLE "CENTRO_AYUDA"."USUARIO_SUC" MODIFY ("D_SUC_DEP_SUCURSAL_ID_SUCURSAL" NOT NULL ENABLE);
  ALTER TABLE "CENTRO_AYUDA"."USUARIO_SUC" MODIFY ("PERFIL_USUARIO" NOT NULL ENABLE);
  ALTER TABLE "CENTRO_AYUDA"."USUARIO_SUC" MODIFY ("D_SUDEPARTAMEN_ID_DEPARTAMENTO" NOT NULL ENABLE);
  ALTER TABLE "CENTRO_AYUDA"."USUARIO_SUC" MODIFY ("FECHA" NOT NULL ENABLE);
  ALTER TABLE "CENTRO_AYUDA"."USUARIO_SUC" ADD CONSTRAINT "USUARIO_SUC_PER_UK" UNIQUE ("ID_PERSONAL_SANATORIO")
  USING INDEX PCTFREE 10 INITRANS 2 MAXTRANS 255 COMPUTE STATISTICS 
  STORAGE(INITIAL 65536 NEXT 1048576 MINEXTENTS 1 MAXEXTENTS 2147483645
  PCTINCREASE 0 FREELISTS 1 FREELIST GROUPS 1
  BUFFER_POOL DEFAULT FLASH_CACHE DEFAULT CELL_FLASH_CACHE DEFAULT)
  TABLESPACE "APEX_1340948448228389"  ENABLE;
  ALTER TABLE "CENTRO_AYUDA"."USUARIO_SUC" ADD CONSTRAINT "USUARIO_SUC_PK" PRIMARY KEY ("D_SUC_DEPDEPARTAMEN_ID_SECCION")
  USING INDEX PCTFREE 10 INITRANS 2 MAXTRANS 255 COMPUTE STATISTICS 
  STORAGE(INITIAL 65536 NEXT 1048576 MINEXTENTS 1 MAXEXTENTS 2147483645
  PCTINCREASE 0 FREELISTS 1 FREELIST GROUPS 1
  BUFFER_POOL DEFAULT FLASH_CACHE DEFAULT CELL_FLASH_CACHE DEFAULT)
  TABLESPACE "APEX_1340948448228389"  ENABLE;
--------------------------------------------------------
--  Ref Constraints for Table APEX_ACCESS_CONTROL
--------------------------------------------------------

  ALTER TABLE "CENTRO_AYUDA"."APEX_ACCESS_CONTROL" ADD CONSTRAINT "APEX_ACCESS_CONTROL_FK" FOREIGN KEY ("SETUP_ID")
	  REFERENCES "CENTRO_AYUDA"."APEX_ACCESS_SETUP" ("ID") ENABLE;
--------------------------------------------------------
--  Ref Constraints for Table CA_ADJ_X_INCI
--------------------------------------------------------

  ALTER TABLE "CENTRO_AYUDA"."CA_ADJ_X_INCI" ADD CONSTRAINT "CA_ADJUNTO_FK" FOREIGN KEY ("ADJUNTO_ID")
	  REFERENCES "CENTRO_AYUDA"."ADJUNTO" ("ID_ADJUNTO") ENABLE;
  ALTER TABLE "CENTRO_AYUDA"."CA_ADJ_X_INCI" ADD CONSTRAINT "CA_ADJ_X_INCI_INCI_FK" FOREIGN KEY ("INCIDENCIA_ID")
	  REFERENCES "CENTRO_AYUDA"."CA_INCIDENCIA" ("ID_INCIDENCIA") ENABLE;
  ALTER TABLE "CENTRO_AYUDA"."CA_ADJ_X_INCI" ADD CONSTRAINT "CA_ADJ_COMENTARIO_FK" FOREIGN KEY ("ID_COMENTARIO")
	  REFERENCES "CENTRO_AYUDA"."CA_COMENTARIO" ("ID_COMENTARIO") ENABLE;
--------------------------------------------------------
--  Ref Constraints for Table CA_BITACORA
--------------------------------------------------------

  ALTER TABLE "CENTRO_AYUDA"."CA_BITACORA" ADD CONSTRAINT "CA_BIT_PERS_FK" FOREIGN KEY ("PERSONAL_ID")
	  REFERENCES "CENTRO_AYUDA"."CA_USUARIOS" ("ID") ENABLE;
--------------------------------------------------------
--  Ref Constraints for Table CA_CATEGORIA
--------------------------------------------------------

  ALTER TABLE "CENTRO_AYUDA"."CA_CATEGORIA" ADD CONSTRAINT "CA_GRUPO_CAT_FK" FOREIGN KEY ("GRUPO_ID")
	  REFERENCES "CENTRO_AYUDA"."CA_GRUPO_CATEGORIA" ("ID_GRUPO_CAT") ENABLE;
  ALTER TABLE "CENTRO_AYUDA"."CA_CATEGORIA" ADD CONSTRAINT "CA_INCI_TIPO_FK" FOREIGN KEY ("TIPO_INCI_ID")
	  REFERENCES "CENTRO_AYUDA"."CA_TIPO_INCIDENCIA" ("ID_TIPO_INC") ENABLE;
--------------------------------------------------------
--  Ref Constraints for Table CA_COMENTARIO
--------------------------------------------------------

  ALTER TABLE "CENTRO_AYUDA"."CA_COMENTARIO" ADD CONSTRAINT "CA_INCI_COM_FK" FOREIGN KEY ("INCIDENCIA_ID")
	  REFERENCES "CENTRO_AYUDA"."CA_INCIDENCIA" ("ID_INCIDENCIA") ENABLE;
  ALTER TABLE "CENTRO_AYUDA"."CA_COMENTARIO" ADD CONSTRAINT "CA_PERS_COM_FK" FOREIGN KEY ("PERSONAL_ID")
	  REFERENCES "CENTRO_AYUDA"."CA_USUARIOS" ("ID") ENABLE;
--------------------------------------------------------
--  Ref Constraints for Table CA_CONTROL_ACCESO
--------------------------------------------------------

  ALTER TABLE "CENTRO_AYUDA"."CA_CONTROL_ACCESO" ADD CONSTRAINT "PERSONAL_SANATORIO_FK" FOREIGN KEY ("PERSONAL_ID")
	  REFERENCES "CENTRO_AYUDA"."PERSONAL_SANATORIO" ("ID_PERSONAL") ENABLE;
  ALTER TABLE "CENTRO_AYUDA"."CA_CONTROL_ACCESO" ADD CONSTRAINT "CA_PROYECTO_FK" FOREIGN KEY ("PROYECTO_ID")
	  REFERENCES "CENTRO_AYUDA"."CA_PROYECTO" ("ID_PROYECTO") ENABLE;
  ALTER TABLE "CENTRO_AYUDA"."CA_CONTROL_ACCESO" ADD CONSTRAINT "CA_APP_ID_REF" FOREIGN KEY ("APP_ID")
	  REFERENCES "CENTRO_AYUDA"."APEX_ACCESS_MODULES" ("APP_ID") ENABLE;
--------------------------------------------------------
--  Ref Constraints for Table CA_DETALLE_CALENDARIO
--------------------------------------------------------

  ALTER TABLE "CENTRO_AYUDA"."CA_DETALLE_CALENDARIO" ADD CONSTRAINT "CA_CALENDARIO_FK" FOREIGN KEY ("CALEN_ID")
	  REFERENCES "CENTRO_AYUDA"."CA_CALENDARIO" ("ID_CALENDARIO") ENABLE;
--------------------------------------------------------
--  Ref Constraints for Table CA_ESTADO
--------------------------------------------------------

  ALTER TABLE "CENTRO_AYUDA"."CA_ESTADO" ADD CONSTRAINT "CA_PROYECTO_EST_FK" FOREIGN KEY ("PROYECTO_ID")
	  REFERENCES "CENTRO_AYUDA"."CA_PROYECTO" ("ID_PROYECTO") ENABLE;
--------------------------------------------------------
--  Ref Constraints for Table CA_FLUJO_ESTADO
--------------------------------------------------------

  ALTER TABLE "CENTRO_AYUDA"."CA_FLUJO_ESTADO" ADD CONSTRAINT "CA_FLUJO_ESTADO_FK" FOREIGN KEY ("ID_ESTADO")
	  REFERENCES "CENTRO_AYUDA"."CA_ESTADO" ("ID_ESTADO") ENABLE;
  ALTER TABLE "CENTRO_AYUDA"."CA_FLUJO_ESTADO" ADD CONSTRAINT "CA_FLUJO_ESTADO_FK2" FOREIGN KEY ("ID_FLU_EST")
	  REFERENCES "CENTRO_AYUDA"."CA_ESTADO" ("ID_ESTADO") ENABLE;
--------------------------------------------------------
--  Ref Constraints for Table CA_GRUPO_CATEGORIA
--------------------------------------------------------

  ALTER TABLE "CENTRO_AYUDA"."CA_GRUPO_CATEGORIA" ADD CONSTRAINT "CA_PROYECTO_GC_FK" FOREIGN KEY ("PROYECTO_ID")
	  REFERENCES "CENTRO_AYUDA"."CA_PROYECTO" ("ID_PROYECTO") ENABLE;
  ALTER TABLE "CENTRO_AYUDA"."CA_GRUPO_CATEGORIA" ADD CONSTRAINT "PERSONAL_SANATORIO_GC_FK" FOREIGN KEY ("AUTORIZANTE_ID")
	  REFERENCES "CENTRO_AYUDA"."PERSONAL_SANATORIO" ("ID_PERSONAL") ENABLE;
--------------------------------------------------------
--  Ref Constraints for Table CA_HIS_METRIC
--------------------------------------------------------

  ALTER TABLE "CENTRO_AYUDA"."CA_HIS_METRIC" ADD CONSTRAINT "CA_INCI_HM_FK" FOREIGN KEY ("INCIDENCIA_ID")
	  REFERENCES "CENTRO_AYUDA"."CA_INCIDENCIA" ("ID_INCIDENCIA") ENABLE;
  ALTER TABLE "CENTRO_AYUDA"."CA_HIS_METRIC" ADD CONSTRAINT "CA_SLA_HM_FK" FOREIGN KEY ("SLA_ID")
	  REFERENCES "CENTRO_AYUDA"."CA_SLA" ("ID_SLA") ENABLE;
--------------------------------------------------------
--  Ref Constraints for Table CA_HISTORIAL_CAMBIO
--------------------------------------------------------

  ALTER TABLE "CENTRO_AYUDA"."CA_HISTORIAL_CAMBIO" ADD CONSTRAINT "CA_INCI_HC_FK" FOREIGN KEY ("INCIDENCIA_ID")
	  REFERENCES "CENTRO_AYUDA"."CA_INCIDENCIA" ("ID_INCIDENCIA") ENABLE;
  ALTER TABLE "CENTRO_AYUDA"."CA_HISTORIAL_CAMBIO" ADD CONSTRAINT "CA_PERS_HC_FK" FOREIGN KEY ("PERSONAL_ID")
	  REFERENCES "CENTRO_AYUDA"."CA_USUARIOS" ("ID") ENABLE;
--------------------------------------------------------
--  Ref Constraints for Table CA_INCIDENCIA
--------------------------------------------------------

  ALTER TABLE "CENTRO_AYUDA"."CA_INCIDENCIA" ADD CONSTRAINT "CA_APP_ID" FOREIGN KEY ("APLICACION_ID")
	  REFERENCES "CENTRO_AYUDA"."APEX_ACCESS_MODULES" ("MODULE_ID") ENABLE;
  ALTER TABLE "CENTRO_AYUDA"."CA_INCIDENCIA" ADD CONSTRAINT "CA_CAN_COMU_FK" FOREIGN KEY ("CAN_COMU_ID")
	  REFERENCES "CENTRO_AYUDA"."CA_CANAL_COMU" ("ID_CAN_COM") ENABLE;
  ALTER TABLE "CENTRO_AYUDA"."CA_INCIDENCIA" ADD CONSTRAINT "CA_CAT_FK" FOREIGN KEY ("CATEGORIA_ID")
	  REFERENCES "CENTRO_AYUDA"."CA_CATEGORIA" ("ID_CATEGORIA") ENABLE;
  ALTER TABLE "CENTRO_AYUDA"."CA_INCIDENCIA" ADD CONSTRAINT "CA_COMPLE_FK" FOREIGN KEY ("COMPLEJIDAD_ID")
	  REFERENCES "CENTRO_AYUDA"."CA_COMPLEJIDAD" ("ID_COMPLEJIDAD") ENABLE;
  ALTER TABLE "CENTRO_AYUDA"."CA_INCIDENCIA" ADD CONSTRAINT "CA_EST_INCI_FK" FOREIGN KEY ("ESTADO_ID")
	  REFERENCES "CENTRO_AYUDA"."CA_ESTADO" ("ID_ESTADO") ENABLE;
  ALTER TABLE "CENTRO_AYUDA"."CA_INCIDENCIA" ADD CONSTRAINT "CA_INC_CLIENTE_FK" FOREIGN KEY ("CLIENTE_ID")
	  REFERENCES "CENTRO_AYUDA"."CA_USUARIOS" ("ID") ENABLE;
  ALTER TABLE "CENTRO_AYUDA"."CA_INCIDENCIA" ADD CONSTRAINT "CA_INCI_RESPO_FK" FOREIGN KEY ("RESPONSABLE_ID")
	  REFERENCES "CENTRO_AYUDA"."CA_USUARIOS" ("ID") ENABLE;
  ALTER TABLE "CENTRO_AYUDA"."CA_INCIDENCIA" ADD CONSTRAINT "CA_INCI_INFOR_FK" FOREIGN KEY ("INFORMADOR_ID")
	  REFERENCES "CENTRO_AYUDA"."CA_USUARIOS" ("ID") ENABLE;
  ALTER TABLE "CENTRO_AYUDA"."CA_INCIDENCIA" ADD CONSTRAINT "CA_PRIORI_FK" FOREIGN KEY ("PRIORIDAD_ID")
	  REFERENCES "CENTRO_AYUDA"."CA_PRIORIDAD" ("ID_PRIORIDAD") ENABLE;
  ALTER TABLE "CENTRO_AYUDA"."CA_INCIDENCIA" ADD CONSTRAINT "CA_PROY_INCI_FK" FOREIGN KEY ("PROYECTO_ID")
	  REFERENCES "CENTRO_AYUDA"."CA_PROYECTO" ("ID_PROYECTO") ENABLE;
  ALTER TABLE "CENTRO_AYUDA"."CA_INCIDENCIA" ADD CONSTRAINT "CA_TIPO_INCI_FK" FOREIGN KEY ("TIPO_INCI_ID")
	  REFERENCES "CENTRO_AYUDA"."CA_TIPO_INCIDENCIA" ("ID_TIPO_INC") ENABLE;
--------------------------------------------------------
--  Ref Constraints for Table CA_META
--------------------------------------------------------

  ALTER TABLE "CENTRO_AYUDA"."CA_META" ADD CONSTRAINT "CA_META_CALEN_FK" FOREIGN KEY ("CALENDARIO_ID")
	  REFERENCES "CENTRO_AYUDA"."CA_CALENDARIO" ("ID_CALENDARIO") ENABLE;
  ALTER TABLE "CENTRO_AYUDA"."CA_META" ADD CONSTRAINT "CA_META_PRIORI_FK" FOREIGN KEY ("PRIORIDAD_ID")
	  REFERENCES "CENTRO_AYUDA"."CA_PRIORIDAD" ("ID_PRIORIDAD") ENABLE;
  ALTER TABLE "CENTRO_AYUDA"."CA_META" ADD CONSTRAINT "CA_META_SLA_FK" FOREIGN KEY ("SLA_ID")
	  REFERENCES "CENTRO_AYUDA"."CA_SLA" ("ID_SLA") ENABLE;
--------------------------------------------------------
--  Ref Constraints for Table CA_PRIORIDAD
--------------------------------------------------------

  ALTER TABLE "CENTRO_AYUDA"."CA_PRIORIDAD" ADD CONSTRAINT "CA_PRIORIDAD_ICONO_FK" FOREIGN KEY ("ICON_ID")
	  REFERENCES "CENTRO_AYUDA"."CA_ICONOS" ("ICON_ID") ENABLE;
--------------------------------------------------------
--  Ref Constraints for Table CA_PROYECTO
--------------------------------------------------------

  ALTER TABLE "CENTRO_AYUDA"."CA_PROYECTO" ADD CONSTRAINT "CA_PROY_DEP_ID_FK" FOREIGN KEY ("DEPART_ID", "SECCION_ID")
	  REFERENCES "CENTRO_AYUDA"."DEPARTAMENTO" ("ID_DEPARTAMENTO", "ID_SECCION") ENABLE;
--------------------------------------------------------
--  Ref Constraints for Table CA_PROYECTO_PRINCIPAL
--------------------------------------------------------

  ALTER TABLE "CENTRO_AYUDA"."CA_PROYECTO_PRINCIPAL" ADD CONSTRAINT "CA_PROY_PRI_PRO_FK" FOREIGN KEY ("PROYECTO_ID")
	  REFERENCES "CENTRO_AYUDA"."CA_PROYECTO" ("ID_PROYECTO") ENABLE;
  ALTER TABLE "CENTRO_AYUDA"."CA_PROYECTO_PRINCIPAL" ADD CONSTRAINT "CA_PROY_PRI_PER_FK" FOREIGN KEY ("PERSONAL_ID")
	  REFERENCES "CENTRO_AYUDA"."PERSONAL_SANATORIO" ("ID_PERSONAL") ENABLE;
--------------------------------------------------------
--  Ref Constraints for Table CA_SLA
--------------------------------------------------------

  ALTER TABLE "CENTRO_AYUDA"."CA_SLA" ADD CONSTRAINT "CA_PROYECTO_SLA_FK" FOREIGN KEY ("PROYECTO_ID")
	  REFERENCES "CENTRO_AYUDA"."CA_PROYECTO" ("ID_PROYECTO") ENABLE;
--------------------------------------------------------
--  Ref Constraints for Table CA_SLA_CONDICION_FIN
--------------------------------------------------------

  ALTER TABLE "CENTRO_AYUDA"."CA_SLA_CONDICION_FIN" ADD CONSTRAINT "CA_SLA_FIN_FK" FOREIGN KEY ("SLA_ID")
	  REFERENCES "CENTRO_AYUDA"."CA_SLA" ("ID_SLA") ENABLE;
--------------------------------------------------------
--  Ref Constraints for Table CA_SLA_CONDICION_INICIO
--------------------------------------------------------

  ALTER TABLE "CENTRO_AYUDA"."CA_SLA_CONDICION_INICIO" ADD CONSTRAINT "CA_SLA_FK" FOREIGN KEY ("SLA_ID")
	  REFERENCES "CENTRO_AYUDA"."CA_SLA" ("ID_SLA") ENABLE;
--------------------------------------------------------
--  Ref Constraints for Table CA_TIPO_INCIDENCIA
--------------------------------------------------------

  ALTER TABLE "CENTRO_AYUDA"."CA_TIPO_INCIDENCIA" ADD CONSTRAINT "CA_PROYECTO_TI_FK" FOREIGN KEY ("PROYECTO_ID")
	  REFERENCES "CENTRO_AYUDA"."CA_PROYECTO" ("ID_PROYECTO") ENABLE;
--------------------------------------------------------
--  Ref Constraints for Table CA_USERS_ROLES
--------------------------------------------------------

  ALTER TABLE "CENTRO_AYUDA"."CA_USERS_ROLES" ADD CONSTRAINT "CA_USERS_ROLES_FK" FOREIGN KEY ("USER_ID")
	  REFERENCES "CENTRO_AYUDA"."CA_USUARIOS" ("ID") ENABLE;
  ALTER TABLE "CENTRO_AYUDA"."CA_USERS_ROLES" ADD CONSTRAINT "CA_USERS_ROLES_R_FK" FOREIGN KEY ("ROL_ID")
	  REFERENCES "CENTRO_AYUDA"."CA_ROLES" ("ID") ENABLE;
--------------------------------------------------------
--  Ref Constraints for Table CA_USUARIOS
--------------------------------------------------------

  ALTER TABLE "CENTRO_AYUDA"."CA_USUARIOS" ADD CONSTRAINT "CA_USUARIOS_PROYECTO_FK" FOREIGN KEY ("PROYECTO_ID")
	  REFERENCES "CENTRO_AYUDA"."CA_PROYECTO" ("ID_PROYECTO") ENABLE;
