{
  "name" : "smart4solutions query2pdf",
  "version" : "1.0",
  "description" : "Generate A PDF report with only a SQL query. It is also possible to customize the report.",
  "keywords" : ["query", "pdf"],
  "homepage" : "https://github.com/smart4solutions/query2pdf.git",
  "bugs" : {
    "url" : "https://github.com/smart4solutions/query2pdf.git/issues",
    "email" : "k.rutten@smart4solutions.nl"
  },
  "license" : "MIT",
  "author" : {
    "name" : "Kevin Rutten",
    "email" : "k.rutten@smart4solutions.nl",
    "url" : "https://www.smart4solutions.nl"
  },
  "repository" : {
    "type" : "git",
    "url" : "https://github.com/smart4solutions/query2pdf.git"
  },
 "oracle" : {
    "versions": ["11.2.0.1", "12.1.0.1", "12.2.0.1"],
    "apex": {
      "versions": ["5.1.0", "5.1.1", "5.1.2", "5.1.3", "5.1.4", "18.1.0", "18.2.0"],
      "plugin" : {
        "internalName" : "S4S_PDF_DOWNLOAD",
        "type" : "dynamic action",
        "demo" : "https://apex.oracle.com/pls/apex/f?p=SMART4SOLUTIONS:240",
        "previewImage" : "https://raw.githubusercontent.com/smart4solutions/query2pdf/master/preview.gif"
      }
    }
  }
}
